{
"type": "FeatureCollection",
"crs": { "type": "name", "properties": { "name": "urn:ogc:def:crs:OGC:1.3:CRS84" } },
"features": [
{ "type": "Feature", "properties": { "shapeName": "Metapan", "shapeISO": "", "shapeID": "79315794B39716391239783", "shapeGroup": "SLV", "shapeType": "ADM2" }, "geometry": { "type": "Polygon", "coordinates": [ [ [ -89.354825199999937, 14.420688400000074 ], [ -89.356429799999944, 14.420744900000045 ], [ -89.35667559999996, 14.422769 ], [ -89.372151899999949, 14.428455400000075 ], [ -89.373568099999943, 14.431821800000023 ], [ -89.379641799999945, 14.437917200000072 ], [ -89.385231399999952, 14.427540800000031 ], [ -89.387436199999968, 14.446345 ], [ -89.390640599999983, 14.450008700000069 ], [ -89.393536, 14.450985500000058 ], [ -89.397598799999969, 14.446942600000057 ], [ -89.402461399999936, 14.446515100000056 ], [ -89.407192299999963, 14.431946500000038 ], [ -89.411623599999984, 14.43270160000003 ], [ -89.4129587, 14.426676300000054 ], [ -89.415453199999945, 14.426498800000047 ], [ -89.415715299999988, 14.424132500000042 ], [ -89.418745099999967, 14.423424200000056 ], [ -89.420235899999966, 14.420707700000037 ], [ -89.422105399999964, 14.42142240000004 ], [ -89.426105699999937, 14.419058100000029 ], [ -89.42625739999994, 14.417106900000022 ], [ -89.429477799999972, 14.414861100000053 ], [ -89.433428099999958, 14.414391600000044 ], [ -89.434759299999939, 14.412105300000064 ], [ -89.439139, 14.412315500000034 ], [ -89.439916199999971, 14.41452 ], [ -89.4429611, 14.415815300000077 ], [ -89.443169599999976, 14.418405300000074 ], [ -89.446368, 14.420472700000062 ], [ -89.462837199999967, 14.423888200000022 ], [ -89.470724399999938, 14.429600600000072 ], [ -89.47382349999998, 14.42616890000005 ], [ -89.475658399999986, 14.426878600000066 ], [ -89.47651129999997, 14.424104300000067 ], [ -89.483402399999989, 14.422121400000037 ], [ -89.484515, 14.420322100000021 ], [ -89.491408299999989, 14.419989600000065 ], [ -89.497057, 14.409614100000056 ], [ -89.499401299999988, 14.409006200000022 ], [ -89.501471899999956, 14.406096600000069 ], [ -89.505430899999965, 14.409666100000038 ], [ -89.509513199999958, 14.40959330000004 ], [ -89.511745799999971, 14.398232300000075 ], [ -89.516251899999986, 14.398772700000052 ], [ -89.516664, 14.394878700000049 ], [ -89.520875, 14.391968900000052 ], [ -89.519088699999941, 14.387032600000055 ], [ -89.521111099999985, 14.384938500000032 ], [ -89.526395, 14.383795400000054 ], [ -89.52960829999995, 14.379612300000076 ], [ -89.536466799999971, 14.385193 ], [ -89.536976299999935, 14.387588600000072 ], [ -89.533226599999978, 14.391641600000071 ], [ -89.533773799999949, 14.398391200000049 ], [ -89.5357747, 14.398765300000036 ], [ -89.536005399999965, 14.403706600000078 ], [ -89.543026899999973, 14.412353100000075 ], [ -89.54258539999995, 14.416139600000065 ], [ -89.573915899999974, 14.416927600000065 ], [ -89.57875729999995, 14.403840200000047 ], [ -89.581125199999974, 14.377649400000053 ], [ -89.578600699999981, 14.369994700000063 ], [ -89.573523699999953, 14.364363900000058 ], [ -89.569843, 14.361801300000025 ], [ -89.568018099999961, 14.362147800000059 ], [ -89.567818799999941, 14.359662800000024 ], [ -89.563856499999986, 14.356176600000026 ], [ -89.564811899999938, 14.354017 ], [ -89.563425399999971, 14.351678800000059 ], [ -89.564359399999944, 14.35066530000006 ], [ -89.57409169999994, 14.352692200000035 ], [ -89.580417899999986, 14.347228200000075 ], [ -89.582349099999988, 14.348828900000058 ], [ -89.587545099999943, 14.347040100000072 ], [ -89.590058199999987, 14.335761600000069 ], [ -89.591903799999955, 14.33300840000004 ], [ -89.592266399999971, 14.311503800000025 ], [ -89.589069199999983, 14.310796900000071 ], [ -89.5816233, 14.317221500000073 ], [ -89.57793259999994, 14.315163100000063 ], [ -89.574842699999977, 14.316077900000039 ], [ -89.572997399999963, 14.314768100000038 ], [ -89.569081299999937, 14.31712790000006 ], [ -89.562025699999936, 14.314503900000034 ], [ -89.560163199999977, 14.312168600000064 ], [ -89.560629, 14.309570200000053 ], [ -89.556489699999986, 14.309078900000031 ], [ -89.557956099999956, 14.306981800000074 ], [ -89.554936099999964, 14.307472500000074 ], [ -89.556826699999988, 14.305726800000059 ], [ -89.556842899999936, 14.303519400000027 ], [ -89.552133399999946, 14.303027400000076 ], [ -89.549641299999962, 14.298783700000058 ], [ -89.545453699999939, 14.295730300000059 ], [ -89.5451359, 14.289311400000031 ], [ -89.547161345999939, 14.286333027000069 ], [ -89.549700597999959, 14.273673015000043 ], [ -89.543231468999977, 14.26751193900003 ], [ -89.52363218399995, 14.238881267000068 ], [ -89.521057330999952, 14.231720196000026 ], [ -89.495333216999938, 14.229195612000069 ], [ -89.498317415999963, 14.227839158000052 ], [ -89.513920748999965, 14.201433518000044 ], [ -89.513920748999965, 14.171715853000023 ], [ -89.513920748999965, 14.171427108000046 ], [ -89.498317415999963, 14.169026595000048 ], [ -89.493516390999957, 14.16662608200005 ], [ -89.480313569999964, 14.167826339000044 ], [ -89.463509980999959, 14.161825057000044 ], [ -89.452707673999953, 14.17262736400005 ], [ -89.447906647999957, 14.188230697000051 ], [ -89.42750228899996, 14.206234543000051 ], [ -89.416018754999982, 14.208148466000068 ], [ -89.413099212999953, 14.208635056000048 ], [ -89.399896392999949, 14.21823710700005 ], [ -89.372290495999948, 14.220637620000048 ], [ -89.368689726999946, 14.201433518000044 ], [ -89.335082547999946, 14.203834030000053 ], [ -89.329081265999946, 14.223038132000056 ], [ -89.318938080999942, 14.230982253000036 ], [ -89.319732299999941, 14.234208900000056 ], [ -89.322552499999972, 14.236930800000039 ], [ -89.319909799999948, 14.23787690000006 ], [ -89.318236099999979, 14.242608500000074 ], [ -89.313960699999939, 14.238662 ], [ -89.302014099999951, 14.245208300000058 ], [ -89.298425299999963, 14.248717900000031 ], [ -89.295316599999978, 14.248101700000063 ], [ -89.289192799999967, 14.242275300000074 ], [ -89.288676553999949, 14.242289079000045 ], [ -89.288196199999959, 14.242301900000029 ], [ -89.2830411, 14.248041300000068 ], [ -89.272469499999943, 14.251532600000075 ], [ -89.272290106999947, 14.25197647300007 ], [ -89.272179599999959, 14.252249900000038 ], [ -89.273320099999978, 14.25651060000007 ], [ -89.2675516, 14.261365600000033 ], [ -89.268788899999947, 14.266654200000062 ], [ -89.266587499999957, 14.268999800000074 ], [ -89.268489199999976, 14.272521900000072 ], [ -89.266642099999956, 14.274826300000029 ], [ -89.267249, 14.279963500000065 ], [ -89.262365099999954, 14.283803200000023 ], [ -89.2623013, 14.286924900000031 ], [ -89.258103699999936, 14.291489200000058 ], [ -89.257926599999962, 14.300453700000048 ], [ -89.253841599999987, 14.306522500000028 ], [ -89.256482399999982, 14.30904490000006 ], [ -89.256641699999989, 14.311924500000032 ], [ -89.252971799999955, 14.314273200000059 ], [ -89.251902399999949, 14.317199 ], [ -89.250317199999984, 14.317196400000057 ], [ -89.249957799999947, 14.32013580000006 ], [ -89.249918837999985, 14.320274236000046 ], [ -89.24978079999994, 14.320764700000041 ], [ -89.248728599999936, 14.322948100000076 ], [ -89.304606899999953, 14.358905200000038 ], [ -89.318662299999971, 14.392244700000049 ], [ -89.336606299999971, 14.402853 ], [ -89.354825199999937, 14.420688400000074 ] ] ] } },
{ "type": "Feature", "properties": { "shapeName": "Santa Rosa Guachipilin", "shapeISO": "", "shapeID": "79315794B11387427792539", "shapeGroup": "SLV", "shapeType": "ADM2" }, "geometry": { "type": "Polygon", "coordinates": [ [ [ -89.416018754999982, 14.208148466000068 ], [ -89.410698699999955, 14.205034287000046 ], [ -89.395095366999954, 14.203834030000053 ], [ -89.384293059999948, 14.195432236000045 ], [ -89.374691008999946, 14.179828903000043 ], [ -89.362688444999947, 14.184629928000049 ], [ -89.359811498163424, 14.168327228993462 ], [ -89.359087675999945, 14.164225570000042 ], [ -89.344989747999989, 14.169669628000065 ], [ -89.325042599999961, 14.172971800000028 ], [ -89.318273599999941, 14.180122 ], [ -89.319339599999978, 14.200522200000023 ], [ -89.322589499999935, 14.206823300000053 ], [ -89.322589499999935, 14.213194200000032 ], [ -89.317678599999965, 14.219494900000029 ], [ -89.318938080999942, 14.230982253000036 ], [ -89.329081265999946, 14.223038132000056 ], [ -89.335082547999946, 14.203834030000053 ], [ -89.368689726999946, 14.201433518000044 ], [ -89.372290495999948, 14.220637620000048 ], [ -89.399896392999949, 14.21823710700005 ], [ -89.413099212999953, 14.208635056000048 ], [ -89.416018754999982, 14.208148466000068 ] ] ] } },
{ "type": "Feature", "properties": { "shapeName": "Masahuat", "shapeISO": "", "shapeID": "79315794B43764997536293", "shapeGroup": "SLV", "shapeType": "ADM2" }, "geometry": { "type": "Polygon", "coordinates": [ [ [ -89.463509980999959, 14.161825057000044 ], [ -89.464710236999963, 14.16062480100004 ], [ -89.456308442999955, 14.148622237000041 ], [ -89.440705109999953, 14.148622237000041 ], [ -89.429902801999958, 14.141420698000047 ], [ -89.42150100799995, 14.146221724000043 ], [ -89.423901519999959, 14.130618391000041 ], [ -89.416783572999975, 14.128142180000054 ], [ -89.414762487999951, 14.127439080000045 ], [ -89.413004099999966, 14.130030500000032 ], [ -89.41066479999995, 14.127928500000053 ], [ -89.403777699999978, 14.128700800000047 ], [ -89.3982208, 14.134175 ], [ -89.3939112, 14.134797800000058 ], [ -89.386950899999988, 14.141947 ], [ -89.376203, 14.149399800000026 ], [ -89.37040879999995, 14.167899800000043 ], [ -89.359811498163424, 14.168327228993462 ], [ -89.362688444999947, 14.184629928000049 ], [ -89.374691008999946, 14.179828903000043 ], [ -89.384293059999948, 14.195432236000045 ], [ -89.395095366999954, 14.203834030000053 ], [ -89.410698699999955, 14.205034287000046 ], [ -89.416018754999982, 14.208148466000068 ], [ -89.42750228899996, 14.206234543000051 ], [ -89.447906647999957, 14.188230697000051 ], [ -89.452707673999953, 14.17262736400005 ], [ -89.463509980999959, 14.161825057000044 ] ] ] } },
{ "type": "Feature", "properties": { "shapeName": "Citala", "shapeISO": "", "shapeID": "79315794B64069992176123", "shapeGroup": "SLV", "shapeType": "ADM2" }, "geometry": { "type": "Polygon", "coordinates": [ [ [ -89.249918837999985, 14.320274236000046 ], [ -89.221667942999943, 14.345444544000031 ], [ -89.216257166, 14.350265309000065 ], [ -89.195852807999984, 14.345464283000069 ], [ -89.193452294999986, 14.357466847000069 ], [ -89.207855370999937, 14.362267873000064 ], [ -89.208757099999957, 14.373588100000063 ], [ -89.211225, 14.372568500000057 ], [ -89.212905799999987, 14.383248200000025 ], [ -89.209376099999986, 14.38582260000004 ], [ -89.210180799999989, 14.387641300000041 ], [ -89.220280099999968, 14.388923800000043 ], [ -89.225162799999964, 14.387557300000026 ], [ -89.227028699999948, 14.391885700000046 ], [ -89.234548399999937, 14.395577400000036 ], [ -89.245283499999971, 14.391237 ], [ -89.276491299999975, 14.401255700000036 ], [ -89.297328099999959, 14.417662300000075 ], [ -89.306046499999979, 14.413757600000054 ], [ -89.313333399999976, 14.415697500000022 ], [ -89.31867989999995, 14.418780100000049 ], [ -89.3222664, 14.424155400000075 ], [ -89.325617199999954, 14.433625100000029 ], [ -89.334269399999982, 14.437909900000022 ], [ -89.338002399999937, 14.436990900000069 ], [ -89.354825199999937, 14.420688400000074 ], [ -89.336606299999971, 14.402853 ], [ -89.318662299999971, 14.392244700000049 ], [ -89.304606899999953, 14.358905200000038 ], [ -89.248728599999936, 14.322948100000076 ], [ -89.24978079999994, 14.320764700000041 ], [ -89.249918837999985, 14.320274236000046 ] ] ] } },
{ "type": "Feature", "properties": { "shapeName": "San Antonio Pajonal", "shapeISO": "", "shapeID": "79315794B23377329040310", "shapeGroup": "SLV", "shapeType": "ADM2" }, "geometry": { "type": "Polygon", "coordinates": [ [ [ -89.521057330999952, 14.231720196000026 ], [ -89.52317359999995, 14.228962900000056 ], [ -89.520598299999961, 14.228875900000048 ], [ -89.525447199999974, 14.219980700000065 ], [ -89.528408299999967, 14.221332700000062 ], [ -89.530752399999983, 14.218409400000041 ], [ -89.533046799999966, 14.219858600000066 ], [ -89.533365, 14.217422200000044 ], [ -89.535064699999964, 14.219269900000029 ], [ -89.537333099999955, 14.217614500000025 ], [ -89.543489, 14.22227730000003 ], [ -89.548901899999976, 14.222766800000045 ], [ -89.552264899999955, 14.221409900000026 ], [ -89.55297969999998, 14.218596500000046 ], [ -89.555426, 14.21750940000004 ], [ -89.554885299999967, 14.215725600000042 ], [ -89.556898899999965, 14.214518500000054 ], [ -89.556048399999952, 14.213023300000032 ], [ -89.557293099999981, 14.212951700000076 ], [ -89.558427, 14.210120200000063 ], [ -89.563640099999986, 14.210024600000054 ], [ -89.565722899999969, 14.208638800000074 ], [ -89.567485299999987, 14.210168 ], [ -89.572106799999972, 14.206524100000024 ], [ -89.581629499999963, 14.203025600000046 ], [ -89.59946503499998, 14.202262694000069 ], [ -89.59950103999995, 14.182168512000032 ], [ -89.588351535999948, 14.174503229000038 ], [ -89.581383096999957, 14.159172661000071 ], [ -89.589048379999952, 14.143145250000032 ], [ -89.571627280999962, 14.141751562000024 ], [ -89.556296713999984, 14.15359791000003 ], [ -89.538875613999949, 14.15359791000003 ], [ -89.524241890999974, 14.161263193000025 ], [ -89.520757670999956, 14.166837945000054 ], [ -89.513920748999965, 14.171715853000023 ], [ -89.513920748999965, 14.201433518000044 ], [ -89.498317415999963, 14.227839158000052 ], [ -89.495333216999938, 14.229195612000069 ], [ -89.521057330999952, 14.231720196000026 ] ] ] } },
{ "type": "Feature", "properties": { "shapeName": "Texistepeque", "shapeISO": "", "shapeID": "79315794B47376975078069", "shapeGroup": "SLV", "shapeType": "ADM2" }, "geometry": { "type": "Polygon", "coordinates": [ [ [ -89.513920748999965, 14.171715853000023 ], [ -89.520757670999956, 14.166837945000054 ], [ -89.524241890999974, 14.161263193000025 ], [ -89.538875613999949, 14.15359791000003 ], [ -89.556296713999984, 14.15359791000003 ], [ -89.571627280999962, 14.141751562000024 ], [ -89.589048379999952, 14.143145250000032 ], [ -89.589456288999941, 14.142261448000056 ], [ -89.593229443999974, 14.134086278000041 ], [ -89.596016819999988, 14.12711783900005 ], [ -89.589048379999952, 14.123633619000032 ], [ -89.586261003999937, 14.12014939900007 ], [ -89.577898876999939, 14.120846243000074 ], [ -89.570233592999955, 14.117362023000055 ], [ -89.56242416799995, 14.117072785000062 ], [ -89.551418805999958, 14.116665179000051 ], [ -89.548631429999944, 14.104818832000035 ], [ -89.534694550999973, 14.102728300000024 ], [ -89.531907174999958, 14.097850392000055 ], [ -89.551418805999958, 14.090185108000071 ], [ -89.550025117999951, 14.081126137000069 ], [ -89.54793458599994, 14.077641917000051 ], [ -89.550025117999951, 14.071370321000074 ], [ -89.534694550999973, 14.072764009000025 ], [ -89.535391394999976, 14.059523973000069 ], [ -89.524938734999978, 14.059523973000069 ], [ -89.522151358999963, 14.056039754000039 ], [ -89.515182918999983, 14.053252378000025 ], [ -89.507517635999989, 14.058130286000051 ], [ -89.501942883999959, 14.063705037000034 ], [ -89.483824940999966, 14.065098725000041 ], [ -89.478250188999937, 14.069279789000063 ], [ -89.468494372999942, 14.069279789000063 ], [ -89.462222777999955, 14.065098725000041 ], [ -89.455951181999978, 14.065795569000045 ], [ -89.449679585999945, 14.06300819300003 ], [ -89.442014301999961, 14.072067165000021 ], [ -89.43225149999995, 14.070636400000069 ], [ -89.430722599999967, 14.073316200000022 ], [ -89.425165099999958, 14.077822300000037 ], [ -89.423464499999966, 14.082713400000046 ], [ -89.417746099999988, 14.083384600000045 ], [ -89.415825599999948, 14.085179700000026 ], [ -89.415181899999936, 14.087968500000045 ], [ -89.418354099999988, 14.089987700000052 ], [ -89.417660199999943, 14.09161320000004 ], [ -89.412564, 14.095414 ], [ -89.4075, 14.094935300000031 ], [ -89.40383079999998, 14.097110100000066 ], [ -89.407437724999966, 14.112597358000073 ], [ -89.416783572999975, 14.128142180000054 ], [ -89.423901519999959, 14.130618391000041 ], [ -89.42150100799995, 14.146221724000043 ], [ -89.429902801999958, 14.141420698000047 ], [ -89.440705109999953, 14.148622237000041 ], [ -89.456308442999955, 14.148622237000041 ], [ -89.464710236999963, 14.16062480100004 ], [ -89.463509980999959, 14.161825057000044 ], [ -89.480313569999964, 14.167826339000044 ], [ -89.493516390999957, 14.16662608200005 ], [ -89.498317415999963, 14.169026595000048 ], [ -89.513920748999965, 14.171427108000046 ], [ -89.513920748999965, 14.171715853000023 ] ] ] } },
{ "type": "Feature", "properties": { "shapeName": "Nueva Concepcion", "shapeISO": "", "shapeID": "79315794B30696724436757", "shapeGroup": "SLV", "shapeType": "ADM2" }, "geometry": { "type": "Polygon", "coordinates": [ [ [ -89.318938080999942, 14.230982253000036 ], [ -89.317678599999965, 14.219494900000029 ], [ -89.322589499999935, 14.213194200000032 ], [ -89.322589499999935, 14.206823300000053 ], [ -89.319339599999978, 14.200522200000023 ], [ -89.318273599999941, 14.180122 ], [ -89.325042599999961, 14.172971800000028 ], [ -89.344989747999989, 14.169669628000065 ], [ -89.359087675999945, 14.164225570000042 ], [ -89.359811498163424, 14.168327228993462 ], [ -89.37040879999995, 14.167899800000043 ], [ -89.376203, 14.149399800000026 ], [ -89.386950899999988, 14.141947 ], [ -89.3939112, 14.134797800000058 ], [ -89.3982208, 14.134175 ], [ -89.403777699999978, 14.128700800000047 ], [ -89.41066479999995, 14.127928500000053 ], [ -89.413004099999966, 14.130030500000032 ], [ -89.414762487999951, 14.127439080000045 ], [ -89.416783572999975, 14.128142180000054 ], [ -89.407437724999966, 14.112597358000073 ], [ -89.40383079999998, 14.097110100000066 ], [ -89.4075, 14.094935300000031 ], [ -89.412564, 14.095414 ], [ -89.417660199999943, 14.09161320000004 ], [ -89.418354099999988, 14.089987700000052 ], [ -89.415181899999936, 14.087968500000045 ], [ -89.415825599999948, 14.085179700000026 ], [ -89.417746099999988, 14.083384600000045 ], [ -89.423464499999966, 14.082713400000046 ], [ -89.425165099999958, 14.077822300000037 ], [ -89.430722599999967, 14.073316200000022 ], [ -89.43225149999995, 14.070636400000069 ], [ -89.428077423, 14.051858690000074 ], [ -89.428774266999937, 14.035831278000046 ], [ -89.422563299999979, 14.035442700000033 ], [ -89.421490299999959, 14.034541500000046 ], [ -89.419855401999939, 14.033014795000042 ], [ -89.415534230999981, 14.03165021500007 ], [ -89.411353167999948, 14.027469151000048 ], [ -89.397416287999988, 14.029559683000059 ], [ -89.386266784999975, 14.021197555000072 ], [ -89.383935982999958, 14.021946741000022 ], [ -89.366755152999986, 14.027469151000048 ], [ -89.36396777799996, 14.046980782000048 ], [ -89.345849833999978, 14.046980782000048 ], [ -89.333306642999958, 14.060220817000072 ], [ -89.306826571999977, 14.061614505000023 ], [ -89.30543288399997, 14.04349656200003 ], [ -89.289405472999988, 14.04349656200003 ], [ -89.283133876999955, 14.05116184600007 ], [ -89.275468592999971, 14.04349656200003 ], [ -89.274059245999979, 14.037389390000044 ], [ -89.27337806099996, 14.034437590000039 ], [ -89.251079053999945, 14.044193406000034 ], [ -89.250382209999941, 14.053949222000028 ], [ -89.242716925999957, 14.055342910000036 ], [ -89.238535862999981, 14.050465002000067 ], [ -89.232961110999952, 14.050465002000067 ], [ -89.219721074999939, 14.045587094000041 ], [ -89.210662103999937, 14.047677626000052 ], [ -89.200209443999938, 14.058130286000051 ], [ -89.190453629, 14.060220817000072 ], [ -89.18487887699996, 14.054646066000032 ], [ -89.182091500999945, 14.046283938000045 ], [ -89.156386130999977, 14.049088160000053 ], [ -89.143765081999959, 14.050465002000067 ], [ -89.141674550999937, 14.060220817000072 ], [ -89.147946145999981, 14.065098725000041 ], [ -89.153520897999954, 14.063705037000034 ], [ -89.163973557999952, 14.071370321000074 ], [ -89.170580789005726, 14.074928061165124 ], [ -89.173032528999954, 14.076248229000043 ], [ -89.178607280999984, 14.082519825000077 ], [ -89.183485188999953, 14.083216668000034 ], [ -89.195331535999969, 14.09506301600004 ], [ -89.195331535999969, 14.099940924000066 ], [ -89.201603131999946, 14.103425144000028 ], [ -89.203275556999984, 14.104679463000025 ], [ -89.207177883999975, 14.10760620700006 ], [ -89.228780046999987, 14.115968335000048 ], [ -89.235748486999967, 14.145235782000043 ], [ -89.242716925999957, 14.161960037000028 ], [ -89.257350649999978, 14.177987449000057 ], [ -89.261531713999943, 14.194014860000038 ], [ -89.274074904999964, 14.205861208000044 ], [ -89.276862280999978, 14.229553903000067 ], [ -89.288676553999949, 14.242289079000045 ], [ -89.289192799999967, 14.242275300000074 ], [ -89.295316599999978, 14.248101700000063 ], [ -89.298425299999963, 14.248717900000031 ], [ -89.302014099999951, 14.245208300000058 ], [ -89.313960699999939, 14.238662 ], [ -89.318236099999979, 14.242608500000074 ], [ -89.319909799999948, 14.23787690000006 ], [ -89.322552499999972, 14.236930800000039 ], [ -89.319732299999941, 14.234208900000056 ], [ -89.318938080999942, 14.230982253000036 ] ] ] } },
{ "type": "Feature", "properties": { "shapeName": "Agua Caliente", "shapeISO": "", "shapeID": "79315794B21241114592747", "shapeGroup": "SLV", "shapeType": "ADM2" }, "geometry": { "type": "Polygon", "coordinates": [ [ [ -89.288676553999949, 14.242289079000045 ], [ -89.276862280999978, 14.229553903000067 ], [ -89.274074904999964, 14.205861208000044 ], [ -89.261531713999943, 14.194014860000038 ], [ -89.257350649999978, 14.177987449000057 ], [ -89.242716925999957, 14.161960037000028 ], [ -89.235748486999967, 14.145235782000043 ], [ -89.228780046999987, 14.115968335000048 ], [ -89.207177883999975, 14.10760620700006 ], [ -89.203275556999984, 14.104679463000025 ], [ -89.20439050799996, 14.117362023000055 ], [ -89.200209443999938, 14.124330463000035 ], [ -89.192544159999954, 14.131298903000072 ], [ -89.192544159999954, 14.145932626000047 ], [ -89.181394656999942, 14.158475817000067 ], [ -89.186969408999971, 14.164747413000043 ], [ -89.18487887699996, 14.173109541000031 ], [ -89.178607280999984, 14.181471669000075 ], [ -89.182788344999949, 14.19610539200005 ], [ -89.183485188999953, 14.218404399000065 ], [ -89.180697812999938, 14.229553903000067 ], [ -89.189756784999986, 14.240703406000023 ], [ -89.17791043699998, 14.246975002000056 ], [ -89.183485188999953, 14.251852910000025 ], [ -89.184182032999956, 14.260215037000023 ], [ -89.189059940999982, 14.269274009000071 ], [ -89.199512599999935, 14.263002413000038 ], [ -89.207177883999975, 14.262305569000034 ], [ -89.235051642999963, 14.265092945000049 ], [ -89.247594833999983, 14.250459222000075 ], [ -89.272290106999947, 14.25197647300007 ], [ -89.272469499999943, 14.251532600000075 ], [ -89.2830411, 14.248041300000068 ], [ -89.288196199999959, 14.242301900000029 ], [ -89.288676553999949, 14.242289079000045 ] ] ] } },
{ "type": "Feature", "properties": { "shapeName": "Null", "shapeISO": "", "shapeID": "79315794B14690555186791", "shapeGroup": "SLV", "shapeType": "ADM2" }, "geometry": { "type": "Polygon", "coordinates": [ [ [ -89.082747, 14.342442626000036 ], [ -89.083342399999935, 14.344290900000033 ], [ -89.081518499999959, 14.347235100000034 ], [ -89.086274099999969, 14.350197500000036 ], [ -89.08038659999994, 14.356802800000025 ], [ -89.082304399999941, 14.368963200000053 ], [ -89.080929799999979, 14.369563400000061 ], [ -89.082119299999988, 14.370215600000051 ], [ -89.081427299999973, 14.374476700000059 ], [ -89.083385299999975, 14.375354900000048 ], [ -89.082237299999974, 14.376809900000069 ], [ -89.08422749999994, 14.378067500000043 ], [ -89.083524799999964, 14.381284 ], [ -89.090428799999984, 14.391073700000049 ], [ -89.0897958, 14.394601800000032 ], [ -89.094436, 14.399896500000068 ], [ -89.109121, 14.408449200000064 ], [ -89.139349026, 14.386707520000073 ], [ -89.11380079199995, 14.368225853000069 ], [ -89.107902463039522, 14.360204125952453 ], [ -89.096379691999971, 14.344533158000047 ], [ -89.082747, 14.342442626000036 ] ] ] } },
{ "type": "Feature", "properties": { "shapeName": "San Ingnacio", "shapeISO": "", "shapeID": "79315794B63439362798626", "shapeGroup": "SLV", "shapeType": "ADM2" }, "geometry": { "type": "Polygon", "coordinates": [ [ [ -89.221667942999943, 14.345444544000031 ], [ -89.212055791999944, 14.313175179000041 ], [ -89.163973557999952, 14.32571837100005 ], [ -89.142371394999941, 14.31874993100007 ], [ -89.107902463039522, 14.360204125952453 ], [ -89.11380079199995, 14.368225853000069 ], [ -89.139349026, 14.386707520000073 ], [ -89.168586199999936, 14.366081500000064 ], [ -89.181962099999964, 14.364758 ], [ -89.187305099999946, 14.366831500000046 ], [ -89.189220199999966, 14.366166300000032 ], [ -89.192476399999975, 14.368219 ], [ -89.195062, 14.367403100000047 ], [ -89.198173399999973, 14.370209300000056 ], [ -89.203612899999939, 14.370427600000028 ], [ -89.204962099999989, 14.372614 ], [ -89.207727199999965, 14.373276300000043 ], [ -89.207855370999937, 14.362267873000064 ], [ -89.193452294999986, 14.357466847000069 ], [ -89.195852807999984, 14.345464283000069 ], [ -89.216257166, 14.350265309000065 ], [ -89.221667942999943, 14.345444544000031 ] ] ] } },
{ "type": "Feature", "properties": { "shapeName": "La Palma", "shapeISO": "", "shapeID": "79315794B91640994883440", "shapeGroup": "SLV", "shapeType": "ADM2" }, "geometry": { "type": "Polygon", "coordinates": [ [ [ -89.272290106999947, 14.25197647300007 ], [ -89.247594833999983, 14.250459222000075 ], [ -89.235051642999963, 14.265092945000049 ], [ -89.207177883999975, 14.262305569000034 ], [ -89.199512599999935, 14.263002413000038 ], [ -89.189059940999982, 14.269274009000071 ], [ -89.184182032999956, 14.260215037000023 ], [ -89.183485188999953, 14.251852910000025 ], [ -89.17791043699998, 14.246975002000056 ], [ -89.168154620999985, 14.246278158000052 ], [ -89.16536724599996, 14.252549754000029 ], [ -89.160489338, 14.256730817000062 ], [ -89.157005117999972, 14.267880321000064 ], [ -89.147249301999977, 14.271364541000025 ], [ -89.129131358999985, 14.272758229000033 ], [ -89.115194479999957, 14.276939293000055 ], [ -89.115891323999961, 14.283907732000046 ], [ -89.099167067999986, 14.291573016000029 ], [ -89.091489450999973, 14.292084857000077 ], [ -89.088714408999977, 14.292269860000033 ], [ -89.077564904999974, 14.308297271000072 ], [ -89.073383840999952, 14.327808903000061 ], [ -89.067932370999984, 14.33593761700007 ], [ -89.074491099999989, 14.338516800000036 ], [ -89.075671299999954, 14.34073090000004 ], [ -89.080037899999979, 14.339904500000046 ], [ -89.082639699999959, 14.341079100000059 ], [ -89.082747, 14.342442626000036 ], [ -89.096379691999971, 14.344533158000047 ], [ -89.107902463039522, 14.360204125952453 ], [ -89.142371394999941, 14.31874993100007 ], [ -89.163973557999952, 14.32571837100005 ], [ -89.212055791999944, 14.313175179000041 ], [ -89.221667942999943, 14.345444544000031 ], [ -89.249918837999985, 14.320274236000046 ], [ -89.249957799999947, 14.32013580000006 ], [ -89.250317199999984, 14.317196400000057 ], [ -89.251902399999949, 14.317199 ], [ -89.252971799999955, 14.314273200000059 ], [ -89.256641699999989, 14.311924500000032 ], [ -89.256482399999982, 14.30904490000006 ], [ -89.253841599999987, 14.306522500000028 ], [ -89.257926599999962, 14.300453700000048 ], [ -89.258103699999936, 14.291489200000058 ], [ -89.2623013, 14.286924900000031 ], [ -89.262365099999954, 14.283803200000023 ], [ -89.267249, 14.279963500000065 ], [ -89.266642099999956, 14.274826300000029 ], [ -89.268489199999976, 14.272521900000072 ], [ -89.266587499999957, 14.268999800000074 ], [ -89.268788899999947, 14.266654200000062 ], [ -89.2675516, 14.261365600000033 ], [ -89.273320099999978, 14.25651060000007 ], [ -89.272179599999959, 14.252249900000038 ], [ -89.272290106999947, 14.25197647300007 ] ] ] } },
{ "type": "Feature", "properties": { "shapeName": "La Reina", "shapeISO": "", "shapeID": "79315794B50712403936240", "shapeGroup": "SLV", "shapeType": "ADM2" }, "geometry": { "type": "Polygon", "coordinates": [ [ [ -89.170580789005726, 14.074928061165124 ], [ -89.170941996999943, 14.085307200000045 ], [ -89.169548308999936, 14.103425144000028 ], [ -89.161883025999941, 14.103425144000028 ], [ -89.161883025999941, 14.115271491000044 ], [ -89.147946145999981, 14.143842094000036 ], [ -89.150733521999939, 14.148023158000058 ], [ -89.15839880599998, 14.148023158000058 ], [ -89.155611429999965, 14.164747413000043 ], [ -89.157005117999972, 14.18356220000004 ], [ -89.135402954999961, 14.191924328000027 ], [ -89.130525046999935, 14.200286456000072 ], [ -89.123556606999955, 14.20307383200003 ], [ -89.113103947999946, 14.210042271000077 ], [ -89.107529195999973, 14.218404399000065 ], [ -89.090804940999988, 14.224675995000041 ], [ -89.090917942999965, 14.225354005000042 ], [ -89.093592315999956, 14.241400250000027 ], [ -89.098470223999982, 14.251852910000025 ], [ -89.114497635999953, 14.252549754000029 ], [ -89.102651287999947, 14.261608725000031 ], [ -89.115194479999957, 14.276939293000055 ], [ -89.129131358999985, 14.272758229000033 ], [ -89.147249301999977, 14.271364541000025 ], [ -89.157005117999972, 14.267880321000064 ], [ -89.160489338, 14.256730817000062 ], [ -89.16536724599996, 14.252549754000029 ], [ -89.168154620999985, 14.246278158000052 ], [ -89.17791043699998, 14.246975002000056 ], [ -89.189756784999986, 14.240703406000023 ], [ -89.180697812999938, 14.229553903000067 ], [ -89.183485188999953, 14.218404399000065 ], [ -89.182788344999949, 14.19610539200005 ], [ -89.178607280999984, 14.181471669000075 ], [ -89.18487887699996, 14.173109541000031 ], [ -89.186969408999971, 14.164747413000043 ], [ -89.181394656999942, 14.158475817000067 ], [ -89.192544159999954, 14.145932626000047 ], [ -89.192544159999954, 14.131298903000072 ], [ -89.200209443999938, 14.124330463000035 ], [ -89.20439050799996, 14.117362023000055 ], [ -89.203275556999984, 14.104679463000025 ], [ -89.201603131999946, 14.103425144000028 ], [ -89.195331535999969, 14.099940924000066 ], [ -89.195331535999969, 14.09506301600004 ], [ -89.183485188999953, 14.083216668000034 ], [ -89.178607280999984, 14.082519825000077 ], [ -89.173032528999954, 14.076248229000043 ], [ -89.170580789005726, 14.074928061165124 ] ] ] } },
{ "type": "Feature", "properties": { "shapeName": "San Fernando", "shapeISO": "", "shapeID": "79315794B44373190309719", "shapeGroup": "SLV", "shapeType": "ADM2" }, "geometry": { "type": "Polygon", "coordinates": [ [ [ -89.091489450999973, 14.292084857000077 ], [ -89.067809089999969, 14.278332981000062 ], [ -89.058750117999978, 14.29366354800004 ], [ -89.048297457999979, 14.292966704000037 ], [ -89.046206925999968, 14.281120356000031 ], [ -89.041329018999988, 14.276939293000055 ], [ -89.042025862999935, 14.269970853000075 ], [ -89.032966890999944, 14.261608725000031 ], [ -89.024987215999943, 14.271148547000053 ], [ -89.026142899999968, 14.272312800000066 ], [ -89.024477299999944, 14.278942500000028 ], [ -89.026023599999974, 14.280574900000033 ], [ -89.026034299999935, 14.28355890000006 ], [ -89.02397979999995, 14.28398 ], [ -89.023824199999979, 14.286256900000069 ], [ -89.021479899999974, 14.28873660000005 ], [ -89.022982, 14.291174700000056 ], [ -89.022123699999952, 14.294522400000062 ], [ -89.025336899999957, 14.298649900000044 ], [ -89.023218, 14.300006600000074 ], [ -89.024532299999976, 14.302117100000032 ], [ -89.022804899999983, 14.303848 ], [ -89.024478599999952, 14.305698600000028 ], [ -89.022053899999946, 14.307975300000066 ], [ -89.022311399999978, 14.314238800000055 ], [ -89.026522499999942, 14.313438400000052 ], [ -89.02672629999995, 14.315377200000057 ], [ -89.028566299999966, 14.315553900000054 ], [ -89.030052299999966, 14.317716200000064 ], [ -89.034504699999957, 14.316541500000028 ], [ -89.033142199999986, 14.319208 ], [ -89.036012099999937, 14.322071900000026 ], [ -89.033684, 14.325559500000054 ], [ -89.036264299999971, 14.332638600000053 ], [ -89.048285899999939, 14.33483190000004 ], [ -89.0627108, 14.334468100000038 ], [ -89.067932370999984, 14.33593761700007 ], [ -89.073383840999952, 14.327808903000061 ], [ -89.077564904999974, 14.308297271000072 ], [ -89.088714408999977, 14.292269860000033 ], [ -89.091489450999973, 14.292084857000077 ] ] ] } },
{ "type": "Feature", "properties": { "shapeName": "Santiago de la Frontera", "shapeISO": "", "shapeID": "79315794B9144970465334", "shapeGroup": "SLV", "shapeType": "ADM2" }, "geometry": { "type": "Polygon", "coordinates": [ [ [ -89.59946503499998, 14.202262694000069 ], [ -89.630183399999964, 14.204299300000059 ], [ -89.664745014999937, 14.186491150000052 ], [ -89.65106749399996, 14.154294754000034 ], [ -89.646886429999938, 14.15359791000003 ], [ -89.635040082999978, 14.141751562000024 ], [ -89.630162174999953, 14.131995747000076 ], [ -89.611347386999967, 14.141751562000024 ], [ -89.589456288999941, 14.142261448000056 ], [ -89.589048379999952, 14.143145250000032 ], [ -89.581383096999957, 14.159172661000071 ], [ -89.588351535999948, 14.174503229000038 ], [ -89.59950103999995, 14.182168512000032 ], [ -89.59946503499998, 14.202262694000069 ] ] ] } },
{ "type": "Feature", "properties": { "shapeName": "Candelaria de la Frontera", "shapeISO": "", "shapeID": "79315794B59172215696932", "shapeGroup": "SLV", "shapeType": "ADM2" }, "geometry": { "type": "Polygon", "coordinates": [ [ [ -89.589456288999941, 14.142261448000056 ], [ -89.611347386999967, 14.141751562000024 ], [ -89.630162174999953, 14.131995747000076 ], [ -89.635040082999978, 14.141751562000024 ], [ -89.646886429999938, 14.15359791000003 ], [ -89.65106749399996, 14.154294754000034 ], [ -89.664745014999937, 14.186491150000052 ], [ -89.666846, 14.185391800000048 ], [ -89.671360899999968, 14.175020200000063 ], [ -89.699684766999951, 14.150403919000041 ], [ -89.691484443999968, 14.144538938000039 ], [ -89.683819160999974, 14.136176810000052 ], [ -89.679638096999952, 14.124330463000035 ], [ -89.678941252999948, 14.106212520000042 ], [ -89.688697067999954, 14.098547236000059 ], [ -89.693574975999979, 14.090185108000071 ], [ -89.692181287999972, 14.080429293000066 ], [ -89.684516004999978, 14.07555138500004 ], [ -89.681031784999959, 14.055342910000036 ], [ -89.679727728999978, 14.055482630000029 ], [ -89.661520152999969, 14.057433442000047 ], [ -89.647583273999942, 14.058827129000065 ], [ -89.639221145999954, 14.06858294500006 ], [ -89.630859018999956, 14.065098725000041 ], [ -89.616844588999982, 14.059005495000065 ], [ -89.614831606999985, 14.058130286000051 ], [ -89.604378947999976, 14.061614505000023 ], [ -89.602985259999969, 14.066492413000049 ], [ -89.581383096999957, 14.080429293000066 ], [ -89.577202032999935, 14.091578796000022 ], [ -89.570930436999959, 14.094366172000036 ], [ -89.56242416799995, 14.117072785000062 ], [ -89.570233592999955, 14.117362023000055 ], [ -89.577898876999939, 14.120846243000074 ], [ -89.586261003999937, 14.12014939900007 ], [ -89.589048379999952, 14.123633619000032 ], [ -89.596016819999988, 14.12711783900005 ], [ -89.593229443999974, 14.134086278000041 ], [ -89.589456288999941, 14.142261448000056 ] ] ] } },
{ "type": "Feature", "properties": { "shapeName": "Chalchuapa", "shapeISO": "", "shapeID": "79315794B37288468321853", "shapeGroup": "SLV", "shapeType": "ADM2" }, "geometry": { "type": "Polygon", "coordinates": [ [ [ -89.699684766999951, 14.150403919000041 ], [ -89.714069099999961, 14.137975600000061 ], [ -89.725527299999953, 14.119335800000044 ], [ -89.736998299999982, 14.082362200000034 ], [ -89.74057229999994, 14.081525400000032 ], [ -89.738415599999939, 14.077233900000067 ], [ -89.740547699999979, 14.077819700000077 ], [ -89.740032199999973, 14.074800400000072 ], [ -89.742171599999949, 14.073002100000053 ], [ -89.742307499999981, 14.069893 ], [ -89.745822399999952, 14.064143900000033 ], [ -89.745354099999986, 14.059266300000047 ], [ -89.742729099999963, 14.05712630000005 ], [ -89.745366399999966, 14.050036800000044 ], [ -89.743468499999949, 14.047334800000044 ], [ -89.742384, 14.04107 ], [ -89.738317, 14.039790700000026 ], [ -89.735063399999945, 14.034434300000044 ], [ -89.734587399999953, 14.035393800000065 ], [ -89.732456699999943, 14.033820300000059 ], [ -89.730103299999939, 14.03418030000006 ], [ -89.729658099999938, 14.032781600000021 ], [ -89.726340099999959, 14.033604400000058 ], [ -89.725333, 14.028637 ], [ -89.726318899999967, 14.027156 ], [ -89.722820699999943, 14.018187700000055 ], [ -89.722843181199536, 14.017682367878596 ], [ -89.722884299999976, 14.016758100000061 ], [ -89.723053899999968, 14.012510300000031 ], [ -89.716696699999943, 14.011851100000058 ], [ -89.715780799999948, 14.00980880000003 ], [ -89.713252, 14.010341100000062 ], [ -89.710964699999977, 14.008719900000074 ], [ -89.699166199999979, 14.004377200000022 ], [ -89.696291699999961, 13.999924100000044 ], [ -89.695395899999937, 13.994094400000051 ], [ -89.696192499999938, 13.988990600000022 ], [ -89.698885399999938, 13.986580500000059 ], [ -89.697222499999953, 13.974925400000075 ], [ -89.705730399999936, 13.963800700000036 ], [ -89.704641, 13.961172300000044 ], [ -89.707046099999957, 13.95268580000004 ], [ -89.706429199999945, 13.94792220000005 ], [ -89.711831099999984, 13.948208500000021 ], [ -89.711552199999971, 13.94633170000003 ], [ -89.714747499999987, 13.945429 ], [ -89.716149499999972, 13.937301200000036 ], [ -89.7207307, 13.931902 ], [ -89.720258599999966, 13.926726600000052 ], [ -89.725956399999973, 13.904656300000056 ], [ -89.722568799999976, 13.904828200000054 ], [ -89.721307899999942, 13.902523 ], [ -89.714207699999974, 13.90153 ], [ -89.711200299999973, 13.899517200000048 ], [ -89.690496199999984, 13.903974 ], [ -89.68644, 13.898764700000072 ], [ -89.683823799999971, 13.899099600000056 ], [ -89.679126899999972, 13.896799 ], [ -89.673871499999962, 13.893328100000076 ], [ -89.674198699999977, 13.891525400000035 ], [ -89.665850599999942, 13.887996100000066 ], [ -89.652672799999948, 13.870359500000063 ], [ -89.649225199999989, 13.863534200000061 ], [ -89.64860095399996, 13.863073270000029 ], [ -89.647323599999936, 13.862130100000059 ], [ -89.645896499999935, 13.857440500000052 ], [ -89.637329427999987, 13.855056108000042 ], [ -89.635040082999978, 13.861620285000072 ], [ -89.643402209999977, 13.897159328000043 ], [ -89.650483265999981, 13.920333693000032 ], [ -89.65106749399996, 13.922245711000073 ], [ -89.658732777999944, 13.929910995000057 ], [ -89.660823308999966, 13.947332094000046 ], [ -89.646886429999938, 13.959178442000052 ], [ -89.645492741999988, 13.973812165000027 ], [ -89.655248557999982, 13.979386917000056 ], [ -89.655945401999986, 13.984961668000039 ], [ -89.673366500999975, 13.993323796000027 ], [ -89.670579124999961, 14.012138583000024 ], [ -89.683819160999974, 14.02398493100003 ], [ -89.679727728999978, 14.055482630000029 ], [ -89.681031784999959, 14.055342910000036 ], [ -89.684516004999978, 14.07555138500004 ], [ -89.692181287999972, 14.080429293000066 ], [ -89.693574975999979, 14.090185108000071 ], [ -89.688697067999954, 14.098547236000059 ], [ -89.678941252999948, 14.106212520000042 ], [ -89.679638096999952, 14.124330463000035 ], [ -89.683819160999974, 14.136176810000052 ], [ -89.691484443999968, 14.144538938000039 ], [ -89.699684766999951, 14.150403919000041 ] ] ] } },
{ "type": "Feature", "properties": { "shapeName": "El Porvenir", "shapeISO": "", "shapeID": "79315794B64190387367704", "shapeGroup": "SLV", "shapeType": "ADM2" }, "geometry": { "type": "Polygon", "coordinates": [ [ [ -89.679727728999978, 14.055482630000029 ], [ -89.683819160999974, 14.02398493100003 ], [ -89.670579124999961, 14.012138583000024 ], [ -89.659429621999948, 14.004473300000029 ], [ -89.655945401999986, 14.00656383200004 ], [ -89.64409905399998, 13.989839576000065 ], [ -89.632252706999964, 13.987749044000054 ], [ -89.632252706999964, 13.989142732000062 ], [ -89.632252706999964, 14.005170144000033 ], [ -89.620406358999958, 14.012835427000027 ], [ -89.616922138999939, 14.025378619000037 ], [ -89.621103202999961, 14.034437590000039 ], [ -89.621800046999965, 14.046283938000045 ], [ -89.616844588999982, 14.059005495000065 ], [ -89.630859018999956, 14.065098725000041 ], [ -89.639221145999954, 14.06858294500006 ], [ -89.647583273999942, 14.058827129000065 ], [ -89.661520152999969, 14.057433442000047 ], [ -89.679727728999978, 14.055482630000029 ] ] ] } },
{ "type": "Feature", "properties": { "shapeName": "San Sebastian Salitrillo", "shapeISO": "", "shapeID": "79315794B69252681514756", "shapeGroup": "SLV", "shapeType": "ADM2" }, "geometry": { "type": "Polygon", "coordinates": [ [ [ -89.650483265999981, 13.920333693000032 ], [ -89.647583273999942, 13.929214151000053 ], [ -89.642008521999969, 13.92851730700005 ], [ -89.633646394999971, 13.939666810000062 ], [ -89.614134762999981, 13.949422626000057 ], [ -89.607863167999938, 13.958481598000049 ], [ -89.607166324, 13.970327945000065 ], [ -89.620406358999958, 13.982871137000075 ], [ -89.632252706999964, 13.989142732000062 ], [ -89.632252706999964, 13.987749044000054 ], [ -89.64409905399998, 13.989839576000065 ], [ -89.655945401999986, 14.00656383200004 ], [ -89.659429621999948, 14.004473300000029 ], [ -89.670579124999961, 14.012138583000024 ], [ -89.673366500999975, 13.993323796000027 ], [ -89.655945401999986, 13.984961668000039 ], [ -89.655248557999982, 13.979386917000056 ], [ -89.645492741999988, 13.973812165000027 ], [ -89.646886429999938, 13.959178442000052 ], [ -89.660823308999966, 13.947332094000046 ], [ -89.658732777999944, 13.929910995000057 ], [ -89.65106749399996, 13.922245711000073 ], [ -89.650483265999981, 13.920333693000032 ] ] ] } },
{ "type": "Feature", "properties": { "shapeName": "Santa Ana", "shapeISO": "", "shapeID": "79315794B33324445262057", "shapeGroup": "SLV", "shapeType": "ADM2" }, "geometry": { "type": "Polygon", "coordinates": [ [ [ -89.56242416799995, 14.117072785000062 ], [ -89.570930436999959, 14.094366172000036 ], [ -89.577202032999935, 14.091578796000022 ], [ -89.581383096999957, 14.080429293000066 ], [ -89.602985259999969, 14.066492413000049 ], [ -89.604378947999976, 14.061614505000023 ], [ -89.614831606999985, 14.058130286000051 ], [ -89.616844588999982, 14.059005495000065 ], [ -89.621800046999965, 14.046283938000045 ], [ -89.621103202999961, 14.034437590000039 ], [ -89.616922138999939, 14.025378619000037 ], [ -89.620406358999958, 14.012835427000027 ], [ -89.632252706999964, 14.005170144000033 ], [ -89.632252706999964, 13.989142732000062 ], [ -89.620406358999958, 13.982871137000075 ], [ -89.607166324, 13.970327945000065 ], [ -89.607863167999938, 13.958481598000049 ], [ -89.614134762999981, 13.949422626000057 ], [ -89.633646394999971, 13.939666810000062 ], [ -89.642008521999969, 13.92851730700005 ], [ -89.647583273999942, 13.929214151000053 ], [ -89.650483265999981, 13.920333693000032 ], [ -89.643402209999977, 13.897159328000043 ], [ -89.635040082999978, 13.861620285000072 ], [ -89.637329427999987, 13.855056108000042 ], [ -89.6382961, 13.852059900000029 ], [ -89.635780799999964, 13.846303400000068 ], [ -89.636459699999989, 13.842852900000025 ], [ -89.640083, 13.840316100000052 ], [ -89.639959799999986, 13.837791100000061 ], [ -89.643201, 13.832872900000041 ], [ -89.648525099999972, 13.829390500000045 ], [ -89.652324872999941, 13.822721863000027 ], [ -89.65277709999998, 13.821928200000059 ], [ -89.647344199999964, 13.818248100000062 ], [ -89.639750299999946, 13.822569200000032 ], [ -89.629952499999945, 13.821025500000076 ], [ -89.622084199999961, 13.815028900000073 ], [ -89.616254899999944, 13.815747 ], [ -89.613913299999979, 13.811594200000059 ], [ -89.613937899999939, 13.812527600000067 ], [ -89.611596299999974, 13.811797600000034 ], [ -89.6033761, 13.815352 ], [ -89.598631299999965, 13.81432280000007 ], [ -89.596537899999987, 13.829843200000028 ], [ -89.570912322999959, 13.834340148000024 ], [ -89.566052529, 13.84001812200006 ], [ -89.570233592999955, 13.851167626000063 ], [ -89.570930436999959, 13.870679257000063 ], [ -89.573717812999973, 13.870679257000063 ], [ -89.558387245999938, 13.895068796000032 ], [ -89.538178769999945, 13.895068796000032 ], [ -89.540269301999956, 13.909702520000053 ], [ -89.545147209999982, 13.918064647000051 ], [ -89.53608823899998, 13.929214151000053 ], [ -89.539572457999952, 13.945938406000039 ], [ -89.524938734999978, 13.946635250000043 ], [ -89.51100185599995, 13.976599541000041 ], [ -89.497761819999937, 13.986355356000047 ], [ -89.491490223999961, 13.994717484000034 ], [ -89.480340720999948, 13.993323796000027 ], [ -89.460829089999947, 13.994717484000034 ], [ -89.453860649999967, 14.000989080000068 ], [ -89.443407989999969, 13.998201704000053 ], [ -89.430864798999949, 13.987052200000051 ], [ -89.399020872999984, 13.984431167000025 ], [ -89.39782809999997, 13.99068660000006 ], [ -89.383935982999958, 14.021946741000022 ], [ -89.386266784999975, 14.021197555000072 ], [ -89.396887694999975, 14.029163238000024 ], [ -89.405529544999979, 14.02834269400006 ], [ -89.409855, 14.025033900000039 ], [ -89.415809499999966, 14.030295600000045 ], [ -89.419773699999951, 14.032938500000057 ], [ -89.419855401999939, 14.033014795000042 ], [ -89.421490299999959, 14.034541500000046 ], [ -89.422563299999979, 14.035442700000033 ], [ -89.428774266999937, 14.035831278000046 ], [ -89.428077423, 14.051858690000074 ], [ -89.43225149999995, 14.070636400000069 ], [ -89.442014301999961, 14.072067165000021 ], [ -89.449679585999945, 14.06300819300003 ], [ -89.455951181999978, 14.065795569000045 ], [ -89.462222777999955, 14.065098725000041 ], [ -89.468494372999942, 14.069279789000063 ], [ -89.478250188999937, 14.069279789000063 ], [ -89.483824940999966, 14.065098725000041 ], [ -89.501942883999959, 14.063705037000034 ], [ -89.507517635999989, 14.058130286000051 ], [ -89.515182918999983, 14.053252378000025 ], [ -89.522151358999963, 14.056039754000039 ], [ -89.524938734999978, 14.059523973000069 ], [ -89.535391394999976, 14.059523973000069 ], [ -89.534694550999973, 14.072764009000025 ], [ -89.550025117999951, 14.071370321000074 ], [ -89.54793458599994, 14.077641917000051 ], [ -89.550025117999951, 14.081126137000069 ], [ -89.551418805999958, 14.090185108000071 ], [ -89.531907174999958, 14.097850392000055 ], [ -89.534694550999973, 14.102728300000024 ], [ -89.548631429999944, 14.104818832000035 ], [ -89.551418805999958, 14.116665179000051 ], [ -89.56242416799995, 14.117072785000062 ] ] ] } },
{ "type": "Feature", "properties": { "shapeName": "Coatepeque", "shapeISO": "", "shapeID": "79315794B83892648288540", "shapeGroup": "SLV", "shapeType": "ADM2" }, "geometry": { "type": "Polygon", "coordinates": [ [ [ -89.538178769999945, 13.895068796000032 ], [ -89.52842295499994, 13.890190888000063 ], [ -89.52842295499994, 13.888797200000056 ], [ -89.519363982999948, 13.894371952000029 ], [ -89.512395542999968, 13.906915144000038 ], [ -89.503336571999967, 13.913186739000025 ], [ -89.497064976, 13.909702520000053 ], [ -89.488702847999946, 13.909005676000049 ], [ -89.489399691999949, 13.901340392000066 ], [ -89.496368131999986, 13.887403512000049 ], [ -89.495671287999983, 13.882525605000069 ], [ -89.483824940999966, 13.86440766100003 ], [ -89.48452178499997, 13.844199186000026 ], [ -89.494277599999975, 13.84001812200006 ], [ -89.494974443999979, 13.831655995000062 ], [ -89.489399691999949, 13.831655995000062 ], [ -89.483128096999963, 13.828171775000044 ], [ -89.476856500999986, 13.814931739000031 ], [ -89.463383084999975, 13.810742875000074 ], [ -89.46340379999998, 13.811973700000067 ], [ -89.462051799999983, 13.810702 ], [ -89.460600799999952, 13.812599200000022 ], [ -89.460560199999975, 13.81080170000007 ], [ -89.458725, 13.812557900000058 ], [ -89.457995899999958, 13.811506300000076 ], [ -89.455143299999975, 13.812138600000026 ], [ -89.454400099999987, 13.81382270000006 ], [ -89.453784299999938, 13.812544200000048 ], [ -89.452977299999986, 13.814269500000023 ], [ -89.453602499999988, 13.819900700000062 ], [ -89.457512399999985, 13.823794400000054 ], [ -89.459505299999989, 13.830631200000028 ], [ -89.457008599999938, 13.833934100000022 ], [ -89.45139359999996, 13.830051200000071 ], [ -89.44996649999996, 13.831064 ], [ -89.451074299999959, 13.832301100000052 ], [ -89.449937, 13.832723 ], [ -89.44880779999994, 13.841244500000073 ], [ -89.451523499999951, 13.844571500000029 ], [ -89.446564699999954, 13.856252900000072 ], [ -89.45089459999997, 13.854212400000051 ], [ -89.451747499999954, 13.858488400000056 ], [ -89.449997799999949, 13.861122900000055 ], [ -89.450066549999974, 13.864399542000058 ], [ -89.450375399999984, 13.87911930000007 ], [ -89.452058699999952, 13.879133 ], [ -89.454408199999989, 13.891986800000041 ], [ -89.458871399999964, 13.893247100000053 ], [ -89.455674299999941, 13.898683600000027 ], [ -89.456503099999964, 13.899277200000029 ], [ -89.452388499999984, 13.911027300000057 ], [ -89.452279899999951, 13.917057 ], [ -89.439322199999935, 13.929306100000076 ], [ -89.433786099999963, 13.930271900000037 ], [ -89.430036399999949, 13.933479200000022 ], [ -89.426463699999942, 13.931638600000042 ], [ -89.424165, 13.932625300000041 ], [ -89.416319499999986, 13.94090360000007 ], [ -89.411301099999946, 13.944074300000068 ], [ -89.409555, 13.94730480000004 ], [ -89.4011339, 13.950384 ], [ -89.398989799999981, 13.949121800000057 ], [ -89.391940899999952, 13.955608600000062 ], [ -89.392055709999966, 13.95655434400004 ], [ -89.39323109999998, 13.966236600000059 ], [ -89.393585099999939, 13.972166 ], [ -89.396083, 13.974478200000021 ], [ -89.395530899999983, 13.976085500000067 ], [ -89.399020872999984, 13.984431167000025 ], [ -89.430864798999949, 13.987052200000051 ], [ -89.443407989999969, 13.998201704000053 ], [ -89.453860649999967, 14.000989080000068 ], [ -89.460829089999947, 13.994717484000034 ], [ -89.480340720999948, 13.993323796000027 ], [ -89.491490223999961, 13.994717484000034 ], [ -89.497761819999937, 13.986355356000047 ], [ -89.51100185599995, 13.976599541000041 ], [ -89.524938734999978, 13.946635250000043 ], [ -89.539572457999952, 13.945938406000039 ], [ -89.53608823899998, 13.929214151000053 ], [ -89.545147209999982, 13.918064647000051 ], [ -89.540269301999956, 13.909702520000053 ], [ -89.538178769999945, 13.895068796000032 ] ] ] } },
{ "type": "Feature", "properties": { "shapeName": "El Congo", "shapeISO": "", "shapeID": "79315794B22688321634374", "shapeGroup": "SLV", "shapeType": "ADM2" }, "geometry": { "type": "Polygon", "coordinates": [ [ [ -89.519363982999948, 13.894371952000029 ], [ -89.527101044999938, 13.889610683000058 ], [ -89.52842295499994, 13.881131917000062 ], [ -89.520757670999956, 13.87207294500007 ], [ -89.539572457999952, 13.849773938000055 ], [ -89.550721961999955, 13.840714966000064 ], [ -89.555019760999983, 13.829543734000026 ], [ -89.539403852999953, 13.815009199000031 ], [ -89.533300862999965, 13.812841207000076 ], [ -89.534694550999973, 13.803085392000071 ], [ -89.498458663999941, 13.782876917000067 ], [ -89.489399691999949, 13.787754824000046 ], [ -89.46513271799995, 13.785817268000073 ], [ -89.46484247799998, 13.787371931000052 ], [ -89.464698899999973, 13.788141 ], [ -89.463439199999982, 13.793228300000067 ], [ -89.46629889999997, 13.793682 ], [ -89.463383084999975, 13.810742875000074 ], [ -89.476856500999986, 13.814931739000031 ], [ -89.483128096999963, 13.828171775000044 ], [ -89.489399691999949, 13.831655995000062 ], [ -89.494974443999979, 13.831655995000062 ], [ -89.494277599999975, 13.84001812200006 ], [ -89.48452178499997, 13.844199186000026 ], [ -89.483824940999966, 13.86440766100003 ], [ -89.495671287999983, 13.882525605000069 ], [ -89.496368131999986, 13.887403512000049 ], [ -89.489399691999949, 13.901340392000066 ], [ -89.488702847999946, 13.909005676000049 ], [ -89.497064976, 13.909702520000053 ], [ -89.503336571999967, 13.913186739000025 ], [ -89.512395542999968, 13.906915144000038 ], [ -89.519363982999948, 13.894371952000029 ] ] ] } },
{ "type": "Feature", "properties": { "shapeName": "El Refugio", "shapeISO": "", "shapeID": "79315794B9251356141364", "shapeGroup": "SLV", "shapeType": "ADM2" }, "geometry": { "type": "Polygon", "coordinates": [ [ [ -89.710964699999977, 14.008719900000074 ], [ -89.720751890999964, 13.996111172000042 ], [ -89.722842422999975, 13.977993229000049 ], [ -89.722842422999975, 13.966843725000047 ], [ -89.711831099999984, 13.948208500000021 ], [ -89.706429199999945, 13.94792220000005 ], [ -89.707046099999957, 13.95268580000004 ], [ -89.704641, 13.961172300000044 ], [ -89.705730399999936, 13.963800700000036 ], [ -89.697222499999953, 13.974925400000075 ], [ -89.698885399999938, 13.986580500000059 ], [ -89.696192499999938, 13.988990600000022 ], [ -89.695395899999937, 13.994094400000051 ], [ -89.696291699999961, 13.999924100000044 ], [ -89.699166199999979, 14.004377200000022 ], [ -89.710964699999977, 14.008719900000074 ] ] ] } },
{ "type": "Feature", "properties": { "shapeName": "Atiquizaya", "shapeISO": "", "shapeID": "79315794B89742323976161", "shapeGroup": "SLV", "shapeType": "ADM2" }, "geometry": { "type": "Polygon", "coordinates": [ [ [ -89.711831099999984, 13.948208500000021 ], [ -89.722842422999975, 13.966843725000047 ], [ -89.722842422999975, 13.977993229000049 ], [ -89.720751890999964, 13.996111172000042 ], [ -89.710964699999977, 14.008719900000074 ], [ -89.713252, 14.010341100000062 ], [ -89.715780799999948, 14.00980880000003 ], [ -89.716696699999943, 14.011851100000058 ], [ -89.723053899999968, 14.012510300000031 ], [ -89.722884299999976, 14.016758100000061 ], [ -89.722843181199536, 14.017682367878596 ], [ -89.735385613999938, 14.010048051000069 ], [ -89.751413025999966, 14.005866988000037 ], [ -89.756290933999935, 13.986355356000047 ], [ -89.766046748999941, 13.985658512000043 ], [ -89.777893096999946, 13.990536420000069 ], [ -89.80343854901659, 13.99329809059542 ], [ -89.80367632399998, 13.993323796000027 ], [ -89.803493744999969, 13.991954452000073 ], [ -89.802282635999973, 13.982871137000075 ], [ -89.79113313199997, 13.975902697000038 ], [ -89.787651924384235, 13.97580030853643 ], [ -89.767440436999948, 13.975205853000034 ], [ -89.761865684999975, 13.968237413000054 ], [ -89.75907830899996, 13.959178442000052 ], [ -89.75907830899996, 13.946635250000043 ], [ -89.766743592999944, 13.946635250000043 ], [ -89.768834124999955, 13.946635250000043 ], [ -89.770227812999963, 13.938969966000059 ], [ -89.775802564999935, 13.927820463000046 ], [ -89.774408876999985, 13.918761491000055 ], [ -89.767440436999948, 13.912489895000022 ], [ -89.757684621999942, 13.917367803000047 ], [ -89.758722122999984, 13.898581365000041 ], [ -89.747013699999968, 13.901123700000028 ], [ -89.7362925, 13.90060260000007 ], [ -89.735037599999941, 13.90359710000007 ], [ -89.7310508, 13.902591700000073 ], [ -89.729598099999976, 13.905242600000065 ], [ -89.725956399999973, 13.904656300000056 ], [ -89.720258599999966, 13.926726600000052 ], [ -89.7207307, 13.931902 ], [ -89.716149499999972, 13.937301200000036 ], [ -89.714747499999987, 13.945429 ], [ -89.711552199999971, 13.94633170000003 ], [ -89.711831099999984, 13.948208500000021 ] ] ] } },
{ "type": "Feature", "properties": { "shapeName": "Turin", "shapeISO": "", "shapeID": "79315794B12195007056985", "shapeGroup": "SLV", "shapeType": "ADM2" }, "geometry": { "type": "Polygon", "coordinates": [ [ [ -89.787651924384235, 13.97580030853643 ], [ -89.793920507999985, 13.968237413000054 ], [ -89.790436287999967, 13.96057212900007 ], [ -89.766743592999944, 13.946635250000043 ], [ -89.75907830899996, 13.946635250000043 ], [ -89.75907830899996, 13.959178442000052 ], [ -89.761865684999975, 13.968237413000054 ], [ -89.767440436999948, 13.975205853000034 ], [ -89.787651924384235, 13.97580030853643 ] ] ] } },
{ "type": "Feature", "properties": { "shapeName": "San Lorenzo", "shapeISO": "", "shapeID": "79315794B87184016515071", "shapeGroup": "SLV", "shapeType": "ADM2" }, "geometry": { "type": "Polygon", "coordinates": [ [ [ -89.735063399999945, 14.034434300000044 ], [ -89.737730499999941, 14.031656 ], [ -89.741287099999965, 14.035637300000076 ], [ -89.746032, 14.036311500000068 ], [ -89.75313239999997, 14.034584 ], [ -89.754114, 14.03214440000005 ], [ -89.756561, 14.033832 ], [ -89.75811669999996, 14.031814700000041 ], [ -89.759288399999946, 14.034210400000063 ], [ -89.764836899999978, 14.033659600000021 ], [ -89.765518199999974, 14.035002300000031 ], [ -89.774660499999982, 14.032506900000044 ], [ -89.775913599999967, 14.034373500000072 ], [ -89.778846299999941, 14.033558 ], [ -89.779113, 14.035931300000072 ], [ -89.7862477, 14.038908100000071 ], [ -89.788391799999943, 14.041676700000039 ], [ -89.789157699999976, 14.047004500000071 ], [ -89.7916421, 14.048744100000022 ], [ -89.794817699999953, 14.047675 ], [ -89.799375599999962, 14.05369120000006 ], [ -89.800701899999979, 14.052078400000028 ], [ -89.805241199999955, 14.054416 ], [ -89.805689499999971, 14.057152200000075 ], [ -89.809425499999975, 14.055775100000062 ], [ -89.809948499999962, 14.057315300000027 ], [ -89.816281, 14.060975600000063 ], [ -89.816523899999936, 14.063113800000053 ], [ -89.822258599999941, 14.061609800000042 ], [ -89.822594899999956, 14.063566800000046 ], [ -89.824892499999976, 14.062733300000048 ], [ -89.827003299999944, 14.059236100000021 ], [ -89.827638499999978, 14.061428600000056 ], [ -89.832831499999941, 14.061954100000037 ], [ -89.834008299999937, 14.059942800000044 ], [ -89.836679599999968, 14.059725300000025 ], [ -89.836791699999935, 14.05657240000005 ], [ -89.839817799999935, 14.058203200000037 ], [ -89.846243699999945, 14.056427400000075 ], [ -89.856352199999947, 14.058340200000032 ], [ -89.857220699999971, 14.052725400000043 ], [ -89.860969, 14.047301600000026 ], [ -89.860440599999947, 14.041765800000064 ], [ -89.861946406999948, 14.04115147400006 ], [ -89.837124833999951, 14.040709186000072 ], [ -89.823884798999984, 14.038618654000061 ], [ -89.813432138999985, 14.030953371000066 ], [ -89.805766856, 14.02398493100003 ], [ -89.802979479999976, 14.004473300000029 ], [ -89.80343854901659, 13.99329809059542 ], [ -89.777893096999946, 13.990536420000069 ], [ -89.766046748999941, 13.985658512000043 ], [ -89.756290933999935, 13.986355356000047 ], [ -89.751413025999966, 14.005866988000037 ], [ -89.735385613999938, 14.010048051000069 ], [ -89.722843181199536, 14.017682367878596 ], [ -89.722820699999943, 14.018187700000055 ], [ -89.726318899999967, 14.027156 ], [ -89.725333, 14.028637 ], [ -89.726340099999959, 14.033604400000058 ], [ -89.729658099999938, 14.032781600000021 ], [ -89.730103299999939, 14.03418030000006 ], [ -89.732456699999943, 14.033820300000059 ], [ -89.734587399999953, 14.035393800000065 ], [ -89.735063399999945, 14.034434300000044 ] ] ] } },
{ "type": "Feature", "properties": { "shapeName": "Ahuachpan", "shapeISO": "", "shapeID": "79315794B66160395082185", "shapeGroup": "SLV", "shapeType": "ADM2" }, "geometry": { "type": "Polygon", "coordinates": [ [ [ -89.766743592999944, 13.946635250000043 ], [ -89.790436287999967, 13.96057212900007 ], [ -89.793920507999985, 13.968237413000054 ], [ -89.787651924384235, 13.97580030853643 ], [ -89.79113313199997, 13.975902697000038 ], [ -89.802282635999973, 13.982871137000075 ], [ -89.803493744999969, 13.991954452000073 ], [ -89.80367632399998, 13.993323796000027 ], [ -89.80343854901659, 13.99329809059542 ], [ -89.802979479999976, 14.004473300000029 ], [ -89.805766856, 14.02398493100003 ], [ -89.813432138999985, 14.030953371000066 ], [ -89.823884798999984, 14.038618654000061 ], [ -89.837124833999951, 14.040709186000072 ], [ -89.861946406999948, 14.04115147400006 ], [ -89.86229346999994, 14.041157658000031 ], [ -89.86955729999994, 14.040379400000063 ], [ -89.871661699999947, 14.04241890000003 ], [ -89.892763299999956, 14.043150300000036 ], [ -89.898621299999945, 14.038877700000057 ], [ -89.89911479999995, 14.034428100000071 ], [ -89.905331699999977, 14.031109900000047 ], [ -89.904151299999967, 14.023187 ], [ -89.907516399999963, 14.013344600000039 ], [ -89.914545899999951, 14.010898900000029 ], [ -89.918984399999943, 14.012954400000069 ], [ -89.920590599999969, 14.006852200000026 ], [ -89.928103, 14.00648620000004 ], [ -89.927614799999958, 14.002540800000077 ], [ -89.932169299999941, 13.993296500000042 ], [ -89.9342936, 13.99284890000007 ], [ -89.936235399999987, 13.995586800000069 ], [ -89.937437099999954, 13.994415600000025 ], [ -89.938193499999954, 13.987326 ], [ -89.942967799999963, 13.986727400000063 ], [ -89.94389579999995, 13.984457900000052 ], [ -89.947870899999941, 13.984817 ], [ -89.948788199999967, 13.982438200000047 ], [ -89.953455199999951, 13.979283600000031 ], [ -89.959855, 13.978232100000071 ], [ -89.961802299999988, 13.970126900000025 ], [ -89.968797499999937, 13.965295900000058 ], [ -89.972292437999954, 13.964759674000049 ], [ -89.955588309999939, 13.948725782000054 ], [ -89.940954585999975, 13.944544718000031 ], [ -89.929805082999962, 13.934788903000026 ], [ -89.914474514999938, 13.927820463000046 ], [ -89.895659727999941, 13.911096207000071 ], [ -89.882977928999935, 13.893583246000048 ], [ -89.881026004999967, 13.890887732000067 ], [ -89.864301748999935, 13.890887732000067 ], [ -89.856636465999941, 13.884616137000023 ], [ -89.845486961999939, 13.887403512000049 ], [ -89.829987218999975, 13.885018937000041 ], [ -89.827369018999946, 13.884616137000023 ], [ -89.805070011999987, 13.882525605000069 ], [ -89.787531099999967, 13.892325800000037 ], [ -89.758722122999984, 13.898581365000041 ], [ -89.757684621999942, 13.917367803000047 ], [ -89.767440436999948, 13.912489895000022 ], [ -89.774408876999985, 13.918761491000055 ], [ -89.775802564999935, 13.927820463000046 ], [ -89.770227812999963, 13.938969966000059 ], [ -89.768834124999955, 13.946635250000043 ], [ -89.766743592999944, 13.946635250000043 ] ] ] } },
{ "type": "Feature", "properties": { "shapeName": "Juayua", "shapeISO": "", "shapeID": "79315794B4884982694347", "shapeGroup": "SLV", "shapeType": "ADM2" }, "geometry": { "type": "Polygon", "coordinates": [ [ [ -89.725956399999973, 13.904656300000056 ], [ -89.729598099999976, 13.905242600000065 ], [ -89.7310508, 13.902591700000073 ], [ -89.735037599999941, 13.90359710000007 ], [ -89.7362925, 13.90060260000007 ], [ -89.747013699999968, 13.901123700000028 ], [ -89.758722122999984, 13.898581365000041 ], [ -89.787531099999967, 13.892325800000037 ], [ -89.78440188899998, 13.889148598000077 ], [ -89.787648911999952, 13.867195037000045 ], [ -89.777893096999946, 13.857439222000039 ], [ -89.76824682299997, 13.863139292000028 ], [ -89.762562528999979, 13.866498193000041 ], [ -89.759775152999964, 13.862317129000076 ], [ -89.754897245999985, 13.842805498000075 ], [ -89.743747741999982, 13.819809647000056 ], [ -89.742354053999975, 13.819809647000056 ], [ -89.738869833999956, 13.819809647000056 ], [ -89.738869833999956, 13.826778087000037 ], [ -89.731901394999966, 13.830262307000055 ], [ -89.724236110999982, 13.830262307000055 ], [ -89.717964514999949, 13.829565463000051 ], [ -89.712389762999976, 13.817022271000042 ], [ -89.702633947999971, 13.830959151000059 ], [ -89.697059195999941, 13.828868619000048 ], [ -89.681031784999959, 13.844896030000029 ], [ -89.681728628999963, 13.848380250000048 ], [ -89.676153877, 13.854651846000024 ], [ -89.665701216999935, 13.858832910000046 ], [ -89.64860095399996, 13.863073270000029 ], [ -89.649225199999989, 13.863534200000061 ], [ -89.652672799999948, 13.870359500000063 ], [ -89.665850599999942, 13.887996100000066 ], [ -89.674198699999977, 13.891525400000035 ], [ -89.673871499999962, 13.893328100000076 ], [ -89.679126899999972, 13.896799 ], [ -89.683823799999971, 13.899099600000056 ], [ -89.68644, 13.898764700000072 ], [ -89.690496199999984, 13.903974 ], [ -89.711200299999973, 13.899517200000048 ], [ -89.714207699999974, 13.90153 ], [ -89.721307899999942, 13.902523 ], [ -89.722568799999976, 13.904828200000054 ], [ -89.725956399999973, 13.904656300000056 ] ] ] } },
{ "type": "Feature", "properties": { "shapeName": "Apaneca", "shapeISO": "", "shapeID": "79315794B55862864187575", "shapeGroup": "SLV", "shapeType": "ADM2" }, "geometry": { "type": "Polygon", "coordinates": [ [ [ -89.829987218999975, 13.885018937000041 ], [ -89.823884798999984, 13.863013973000022 ], [ -89.82318795499998, 13.842805498000075 ], [ -89.827369018999946, 13.83304968300007 ], [ -89.827369018999946, 13.814234895000027 ], [ -89.82318795499998, 13.815628583000034 ], [ -89.817752572016175, 13.813816788672099 ], [ -89.816916358999947, 13.813538051000023 ], [ -89.787822799999958, 13.808077900000058 ], [ -89.787670583999954, 13.808529096000029 ], [ -89.787211199999945, 13.809890800000062 ], [ -89.786009599999943, 13.823924300000044 ], [ -89.779733199999953, 13.832050300000049 ], [ -89.77733, 13.835258900000042 ], [ -89.778467199999966, 13.837498700000026 ], [ -89.775978099999975, 13.848228400000039 ], [ -89.773403199999962, 13.848207600000023 ], [ -89.772126499999956, 13.850613900000042 ], [ -89.774004, 13.851801400000056 ], [ -89.773285199999975, 13.855947300000025 ], [ -89.769261899999947, 13.855395200000032 ], [ -89.767588199999977, 13.859676400000069 ], [ -89.76824682299997, 13.863139292000028 ], [ -89.777893096999946, 13.857439222000039 ], [ -89.787648911999952, 13.867195037000045 ], [ -89.78440188899998, 13.889148598000077 ], [ -89.787531099999967, 13.892325800000037 ], [ -89.805070011999987, 13.882525605000069 ], [ -89.827369018999946, 13.884616137000023 ], [ -89.829987218999975, 13.885018937000041 ] ] ] } },
{ "type": "Feature", "properties": { "shapeName": "Concepcion de Ataco", "shapeISO": "", "shapeID": "79315794B79197720155257", "shapeGroup": "SLV", "shapeType": "ADM2" }, "geometry": { "type": "Polygon", "coordinates": [ [ [ -89.882977928999935, 13.893583246000048 ], [ -89.901931323999975, 13.869285569000056 ], [ -89.900537635999967, 13.863013973000022 ], [ -89.89426604, 13.853955002000077 ], [ -89.89426604, 13.831655995000062 ], [ -89.89426604, 13.830959151000059 ], [ -89.890781819999972, 13.830959151000059 ], [ -89.883116535999989, 13.823293867000075 ], [ -89.874057564999987, 13.822597023000071 ], [ -89.865695436999943, 13.823990711000022 ], [ -89.862211216999981, 13.817022271000042 ], [ -89.853152245999979, 13.810053832000051 ], [ -89.846880649999946, 13.80099486000006 ], [ -89.843396429999984, 13.802388548000067 ], [ -89.839215365999962, 13.808660144000044 ], [ -89.827369018999946, 13.814234895000027 ], [ -89.827369018999946, 13.83304968300007 ], [ -89.82318795499998, 13.842805498000075 ], [ -89.823884798999984, 13.863013973000022 ], [ -89.829987218999975, 13.885018937000041 ], [ -89.845486961999939, 13.887403512000049 ], [ -89.856636465999941, 13.884616137000023 ], [ -89.864301748999935, 13.890887732000067 ], [ -89.881026004999967, 13.890887732000067 ], [ -89.882977928999935, 13.893583246000048 ] ] ] } },
{ "type": "Feature", "properties": { "shapeName": "Tacuba", "shapeISO": "", "shapeID": "79315794B46702260316580", "shapeGroup": "SLV", "shapeType": "ADM2" }, "geometry": { "type": "Polygon", "coordinates": [ [ [ -89.972292437999954, 13.964759674000049 ], [ -89.975304499999936, 13.964900300000068 ], [ -89.977697, 13.95980620000006 ], [ -89.980427499999962, 13.961459200000036 ], [ -89.98763729999996, 13.957148600000039 ], [ -89.990593099999955, 13.957856600000071 ], [ -89.992980299999942, 13.954243600000041 ], [ -89.995871699999952, 13.956201100000044 ], [ -90.000023799999951, 13.95588870000006 ], [ -90.001161, 13.951723800000025 ], [ -90.007995299999948, 13.948579300000063 ], [ -90.008681899999942, 13.944346600000074 ], [ -90.011868399999969, 13.943216800000073 ], [ -90.014867099999947, 13.944331 ], [ -90.018327099999965, 13.939770200000055 ], [ -90.023241, 13.939036100000067 ], [ -90.025563799999986, 13.935622600000045 ], [ -90.026918499999965, 13.929518300000041 ], [ -90.030643699999985, 13.928316300000063 ], [ -90.027477399999952, 13.92120280000006 ], [ -90.028031199999987, 13.919478800000036 ], [ -90.029734099999985, 13.918239100000051 ], [ -90.036420099999987, 13.918135800000073 ], [ -90.037648499999989, 13.916723600000068 ], [ -90.035613799999965, 13.901146200000028 ], [ -90.005064230999949, 13.888100356000052 ], [ -89.996005259999947, 13.897159328000043 ], [ -89.982068379999987, 13.888797200000056 ], [ -89.975099940999939, 13.888797200000056 ], [ -89.959769372999972, 13.880435073000058 ], [ -89.959769372999972, 13.870679257000063 ], [ -89.962556748999987, 13.863710817000026 ], [ -89.956981996999957, 13.858136066000043 ], [ -89.955588309999939, 13.846289718000037 ], [ -89.947923025999955, 13.839321278000057 ], [ -89.942348273999983, 13.845592874000033 ], [ -89.938167209999961, 13.829565463000051 ], [ -89.942348273999983, 13.823293867000075 ], [ -89.943004127242162, 13.82067045413592 ], [ -89.948619869999959, 13.798207484000045 ], [ -89.948619869999959, 13.794026420000023 ], [ -89.937470365999957, 13.78148322900006 ], [ -89.924230331, 13.78148322900006 ], [ -89.924230331, 13.794026420000023 ], [ -89.914474514999938, 13.796116952000034 ], [ -89.910293450999973, 13.798904328000049 ], [ -89.904718699999989, 13.822597023000071 ], [ -89.89426604, 13.831655995000062 ], [ -89.89426604, 13.853955002000077 ], [ -89.900537635999967, 13.863013973000022 ], [ -89.901931323999975, 13.869285569000056 ], [ -89.882977928999935, 13.893583246000048 ], [ -89.895659727999941, 13.911096207000071 ], [ -89.914474514999938, 13.927820463000046 ], [ -89.929805082999962, 13.934788903000026 ], [ -89.940954585999975, 13.944544718000031 ], [ -89.955588309999939, 13.948725782000054 ], [ -89.972292437999954, 13.964759674000049 ] ] ] } },
{ "type": "Feature", "properties": { "shapeName": "San Francisco Menendez", "shapeISO": "", "shapeID": "79315794B79083101241922", "shapeGroup": "SLV", "shapeType": "ADM2" }, "geometry": { "type": "Polygon", "coordinates": [ [ [ -90.035613799999965, 13.901146200000028 ], [ -90.036100799999986, 13.897435400000063 ], [ -90.038916499999971, 13.89713480000006 ], [ -90.040359299999977, 13.893726600000036 ], [ -90.048073, 13.893707100000029 ], [ -90.054156, 13.890174800000068 ], [ -90.067131299999971, 13.887479 ], [ -90.06625779999996, 13.880971900000077 ], [ -90.081267699999955, 13.87704320000006 ], [ -90.081781599999943, 13.870102600000052 ], [ -90.087045199999977, 13.861299 ], [ -90.090945099999942, 13.859646700000042 ], [ -90.095856899999944, 13.860383500000069 ], [ -90.098418199999969, 13.858686300000045 ], [ -90.098008199999981, 13.852967600000056 ], [ -90.094872099999975, 13.847931300000027 ], [ -90.099131399999976, 13.844754100000046 ], [ -90.10277149999996, 13.838470600000051 ], [ -90.112175499999978, 13.834581600000035 ], [ -90.112672399999951, 13.824176800000032 ], [ -90.107317799999976, 13.820630100000074 ], [ -90.104192399999988, 13.815711400000055 ], [ -90.106955199999959, 13.806790700000022 ], [ -90.114624899999967, 13.80603990000003 ], [ -90.111337699999979, 13.800297300000068 ], [ -90.117129099999943, 13.798172800000032 ], [ -90.113057199999957, 13.795563100000038 ], [ -90.117878299999973, 13.789085100000023 ], [ -90.117142899999976, 13.782987500000047 ], [ -90.112856099999988, 13.777253 ], [ -90.108723099999963, 13.779858300000058 ], [ -90.10769339999996, 13.782461700000056 ], [ -90.106245699999988, 13.782051300000035 ], [ -90.104275, 13.778806100000054 ], [ -90.103942599999982, 13.773669100000063 ], [ -90.096633199999985, 13.766560500000026 ], [ -90.100229699999943, 13.763651800000048 ], [ -90.100645799999938, 13.757917200000065 ], [ -90.097562799999935, 13.756577400000026 ], [ -90.092792499999973, 13.757565600000078 ], [ -90.093522699999937, 13.752817 ], [ -90.101241, 13.748871700000052 ], [ -90.102188399999989, 13.746022200000027 ], [ -90.101126599999986, 13.742336800000032 ], [ -90.103356599999984, 13.740121300000055 ], [ -90.10582329999994, 13.742842100000075 ], [ -90.109633799999983, 13.743927500000041 ], [ -90.115480099999957, 13.740342 ], [ -90.115901199999939, 13.742413300000067 ], [ -90.113798399999951, 13.74456280000004 ], [ -90.117269599999986, 13.749472300000036 ], [ -90.118912099999989, 13.748576600000035 ], [ -90.120561899999984, 13.743833700000039 ], [ -90.124891, 13.742590800000073 ], [ -90.129122699999982, 13.746727800000031 ], [ -90.134473599999978, 13.747443500000031 ], [ -90.137713199999951, 13.741101300000025 ], [ -90.04094396399995, 13.698299496000061 ], [ -90.03920958599997, 13.711101988000053 ], [ -90.03363483399994, 13.718070427000043 ], [ -90.03363483399994, 13.723645179000073 ], [ -90.036422209999955, 13.726432555000031 ], [ -90.036422209999955, 13.734794683000075 ], [ -90.032937989999937, 13.742459966000069 ], [ -90.013426358999936, 13.755700002000026 ], [ -90.010638982999978, 13.767546349000042 ], [ -90.002973699999984, 13.779392697000048 ], [ -89.977887316999954, 13.784967449000021 ], [ -89.972312564999982, 13.791239044000065 ], [ -89.968828344999963, 13.791935888000069 ], [ -89.962556748999987, 13.802388548000067 ], [ -89.956981996999957, 13.80796330000004 ], [ -89.951407245999974, 13.825384399000029 ], [ -89.943004127242162, 13.82067045413592 ], [ -89.942348273999983, 13.823293867000075 ], [ -89.938167209999961, 13.829565463000051 ], [ -89.942348273999983, 13.845592874000033 ], [ -89.947923025999955, 13.839321278000057 ], [ -89.955588309999939, 13.846289718000037 ], [ -89.956981996999957, 13.858136066000043 ], [ -89.962556748999987, 13.863710817000026 ], [ -89.959769372999972, 13.870679257000063 ], [ -89.959769372999972, 13.880435073000058 ], [ -89.975099940999939, 13.888797200000056 ], [ -89.982068379999987, 13.888797200000056 ], [ -89.996005259999947, 13.897159328000043 ], [ -90.005064230999949, 13.888100356000052 ], [ -90.035613799999965, 13.901146200000028 ] ] ] } },
{ "type": "Feature", "properties": { "shapeName": "Jujutla", "shapeISO": "", "shapeID": "79315794B39024249178048", "shapeGroup": "SLV", "shapeType": "ADM2" }, "geometry": { "type": "Polygon", "coordinates": [ [ [ -89.89426604, 13.831655995000062 ], [ -89.904718699999989, 13.822597023000071 ], [ -89.910293450999973, 13.798904328000049 ], [ -89.914474514999938, 13.796116952000034 ], [ -89.924230331, 13.794026420000023 ], [ -89.924230331, 13.78148322900006 ], [ -89.937470365999957, 13.78148322900006 ], [ -89.948619869999959, 13.794026420000023 ], [ -89.948619869999959, 13.798207484000045 ], [ -89.943004127242162, 13.82067045413592 ], [ -89.951407245999974, 13.825384399000029 ], [ -89.956981996999957, 13.80796330000004 ], [ -89.962556748999987, 13.802388548000067 ], [ -89.968828344999963, 13.791935888000069 ], [ -89.972312564999982, 13.791239044000065 ], [ -89.977887316999954, 13.784967449000021 ], [ -90.002973699999984, 13.779392697000048 ], [ -90.010638982999978, 13.767546349000042 ], [ -90.013426358999936, 13.755700002000026 ], [ -90.032937989999937, 13.742459966000069 ], [ -90.036422209999955, 13.734794683000075 ], [ -90.036422209999955, 13.726432555000031 ], [ -90.03363483399994, 13.723645179000073 ], [ -90.03363483399994, 13.718070427000043 ], [ -90.03920958599997, 13.711101988000053 ], [ -90.04094396399995, 13.698299496000061 ], [ -89.962802399999987, 13.663433700000041 ], [ -89.959757599999989, 13.667880700000069 ], [ -89.956324099999961, 13.668527100000063 ], [ -89.9553484, 13.671584600000074 ], [ -89.935131299999966, 13.688745500000039 ], [ -89.933932099999936, 13.693638 ], [ -89.930728499999987, 13.694570200000044 ], [ -89.930115199999989, 13.699256600000069 ], [ -89.928370499999971, 13.700115800000049 ], [ -89.927174, 13.703615700000057 ], [ -89.918402, 13.705582200000038 ], [ -89.916629499999942, 13.707225300000061 ], [ -89.916645399999936, 13.710987600000067 ], [ -89.913256499999989, 13.710041300000057 ], [ -89.907457799999975, 13.711822700000027 ], [ -89.904400499999952, 13.715219300000058 ], [ -89.902351499999952, 13.713876500000026 ], [ -89.900383899999952, 13.714982300000031 ], [ -89.89928587199995, 13.712527429000033 ], [ -89.887297599999954, 13.730613619000053 ], [ -89.900537635999967, 13.745944186000031 ], [ -89.900537635999967, 13.750125250000053 ], [ -89.88660075599995, 13.762668441000073 ], [ -89.875451252999937, 13.764758973000028 ], [ -89.865695436999943, 13.775211633000026 ], [ -89.846880649999946, 13.80099486000006 ], [ -89.853152245999979, 13.810053832000051 ], [ -89.862211216999981, 13.817022271000042 ], [ -89.865695436999943, 13.823990711000022 ], [ -89.874057564999987, 13.822597023000071 ], [ -89.883116535999989, 13.823293867000075 ], [ -89.890781819999972, 13.830959151000059 ], [ -89.89426604, 13.830959151000059 ], [ -89.89426604, 13.831655995000062 ] ] ] } },
{ "type": "Feature", "properties": { "shapeName": "Guaymango", "shapeISO": "", "shapeID": "79315794B28881151694669", "shapeGroup": "SLV", "shapeType": "ADM2" }, "geometry": { "type": "Polygon", "coordinates": [ [ [ -89.827369018999946, 13.814234895000027 ], [ -89.839215365999962, 13.808660144000044 ], [ -89.843396429999984, 13.802388548000067 ], [ -89.846880649999946, 13.80099486000006 ], [ -89.865695436999943, 13.775211633000026 ], [ -89.875451252999937, 13.764758973000028 ], [ -89.88660075599995, 13.762668441000073 ], [ -89.900537635999967, 13.750125250000053 ], [ -89.900537635999967, 13.745944186000031 ], [ -89.887297599999954, 13.730613619000053 ], [ -89.89928587199995, 13.712527429000033 ], [ -89.88647119999996, 13.696587300000033 ], [ -89.864174299999945, 13.685528700000077 ], [ -89.859488399999975, 13.681072 ], [ -89.848672599999986, 13.678678600000069 ], [ -89.819909399999972, 13.68710660000005 ], [ -89.821381899999949, 13.690688600000044 ], [ -89.818080099999975, 13.695105800000022 ], [ -89.818750699999953, 13.704249900000036 ], [ -89.817286199999955, 13.704718900000046 ], [ -89.832246926999971, 13.716676739000036 ], [ -89.832943769999986, 13.729916775000049 ], [ -89.83015639499996, 13.739672590000055 ], [ -89.83015639499996, 13.751518938000061 ], [ -89.819006890999958, 13.78845166800005 ], [ -89.817752572016175, 13.813816788672099 ], [ -89.82318795499998, 13.815628583000034 ], [ -89.827369018999946, 13.814234895000027 ] ] ] } },
{ "type": "Feature", "properties": { "shapeName": "San Pedro Puxtla", "shapeISO": "", "shapeID": "79315794B15656170761349", "shapeGroup": "SLV", "shapeType": "ADM2" }, "geometry": { "type": "Polygon", "coordinates": [ [ [ -89.817752572016175, 13.813816788672099 ], [ -89.819006890999958, 13.78845166800005 ], [ -89.83015639499996, 13.751518938000061 ], [ -89.83015639499996, 13.739672590000055 ], [ -89.832943769999986, 13.729916775000049 ], [ -89.832246926999971, 13.716676739000036 ], [ -89.817286199999955, 13.704718900000046 ], [ -89.815509099999986, 13.724043 ], [ -89.812063199999955, 13.723587300000077 ], [ -89.81120489999995, 13.725067300000035 ], [ -89.811076199999945, 13.72902780000004 ], [ -89.809145, 13.731654200000037 ], [ -89.80966, 13.738366 ], [ -89.808851499999946, 13.739799 ], [ -89.805702099999962, 13.738977200000022 ], [ -89.80599159999997, 13.744021600000053 ], [ -89.802414399999975, 13.749383500000022 ], [ -89.80085459999998, 13.749002400000052 ], [ -89.80065849999994, 13.751025600000048 ], [ -89.797286699999972, 13.750281600000051 ], [ -89.797034599999961, 13.751796700000057 ], [ -89.792553299999952, 13.752045700000053 ], [ -89.791878399999973, 13.755876200000046 ], [ -89.791848706999986, 13.756089899000074 ], [ -89.791837799999939, 13.756168400000035 ], [ -89.791000299999951, 13.767548700000077 ], [ -89.792561399999954, 13.772760900000037 ], [ -89.788755, 13.798996400000021 ], [ -89.789271199999973, 13.803691600000036 ], [ -89.787670583999954, 13.808529096000029 ], [ -89.787822799999958, 13.808077900000058 ], [ -89.816916358999947, 13.813538051000023 ], [ -89.817752572016175, 13.813816788672099 ] ] ] } },
{ "type": "Feature", "properties": { "shapeName": "Acajutla", "shapeISO": "", "shapeID": "79315794B43866171766073", "shapeGroup": "SLV", "shapeType": "ADM2" }, "geometry": { "type": "Polygon", "coordinates": [ [ [ -89.962802399999987, 13.663433700000041 ], [ -89.933163499999978, 13.648358200000075 ], [ -89.887780599999985, 13.622625800000037 ], [ -89.851903299999947, 13.598621600000058 ], [ -89.842719499999987, 13.590842100000032 ], [ -89.841560699999945, 13.587463300000024 ], [ -89.842547799999977, 13.576304400000026 ], [ -89.837033199999951, 13.563392900000053 ], [ -89.82911439999998, 13.53540490000006 ], [ -89.822539, 13.526160700000048 ], [ -89.807411085999945, 13.518599018000032 ], [ -89.814128982999989, 13.565461597000024 ], [ -89.810644762999971, 13.571733193000057 ], [ -89.807160543999942, 13.594729044000076 ], [ -89.796011039999939, 13.611453300000051 ], [ -89.79113313199997, 13.624693335000075 ], [ -89.786952067999948, 13.646992342000033 ], [ -89.793920507999985, 13.645598654000025 ], [ -89.79810157199995, 13.642811278000067 ], [ -89.804373167999984, 13.645598654000025 ], [ -89.809251074999963, 13.658838690000039 ], [ -89.810644762999971, 13.689499824000052 ], [ -89.811129269999981, 13.689374667000038 ], [ -89.819909399999972, 13.68710660000005 ], [ -89.848672599999986, 13.678678600000069 ], [ -89.859488399999975, 13.681072 ], [ -89.864174299999945, 13.685528700000077 ], [ -89.88647119999996, 13.696587300000033 ], [ -89.89928587199995, 13.712527429000033 ], [ -89.900383899999952, 13.714982300000031 ], [ -89.902351499999952, 13.713876500000026 ], [ -89.904400499999952, 13.715219300000058 ], [ -89.907457799999975, 13.711822700000027 ], [ -89.913256499999989, 13.710041300000057 ], [ -89.916645399999936, 13.710987600000067 ], [ -89.916629499999942, 13.707225300000061 ], [ -89.918402, 13.705582200000038 ], [ -89.927174, 13.703615700000057 ], [ -89.928370499999971, 13.700115800000049 ], [ -89.930115199999989, 13.699256600000069 ], [ -89.930728499999987, 13.694570200000044 ], [ -89.933932099999936, 13.693638 ], [ -89.935131299999966, 13.688745500000039 ], [ -89.9553484, 13.671584600000074 ], [ -89.956324099999961, 13.668527100000063 ], [ -89.959757599999989, 13.667880700000069 ], [ -89.962802399999987, 13.663433700000041 ] ] ] } },
{ "type": "Feature", "properties": { "shapeName": "San Francisco Morazan", "shapeISO": "", "shapeID": "79315794B3666946134951", "shapeGroup": "SLV", "shapeType": "ADM2" }, "geometry": { "type": "Polygon", "coordinates": [ [ [ -89.115194479999957, 14.276939293000055 ], [ -89.102651287999947, 14.261608725000031 ], [ -89.114497635999953, 14.252549754000029 ], [ -89.098470223999982, 14.251852910000025 ], [ -89.093592315999956, 14.241400250000027 ], [ -89.090917942999965, 14.225354005000042 ], [ -89.080352280999989, 14.216313867000054 ], [ -89.076171216999967, 14.209345427000073 ], [ -89.074080684999956, 14.175896917000046 ], [ -89.071293308999941, 14.168928477000065 ], [ -89.074777528999959, 14.13966103000007 ], [ -89.071990152999945, 14.140357874000074 ], [ -89.06432486999995, 14.150113690000069 ], [ -89.053175365999948, 14.150810534000072 ], [ -89.045510081999964, 14.156385286000045 ], [ -89.038541642999974, 14.150810534000072 ], [ -89.033663734999948, 14.161263193000025 ], [ -89.019726854999988, 14.161960037000028 ], [ -89.018506699999989, 14.163342879000027 ], [ -89.009274195999978, 14.173806385000034 ], [ -89.007880507999971, 14.187046420000058 ], [ -89.000215223999987, 14.187046420000058 ], [ -89.002305755999942, 14.198892768000064 ], [ -89.011364728, 14.203770676000033 ], [ -89.009274195999978, 14.235825498000054 ], [ -89.026695294999968, 14.245581314000049 ], [ -89.032966890999944, 14.261608725000031 ], [ -89.042025862999935, 14.269970853000075 ], [ -89.041329018999988, 14.276939293000055 ], [ -89.046206925999968, 14.281120356000031 ], [ -89.048297457999979, 14.292966704000037 ], [ -89.058750117999978, 14.29366354800004 ], [ -89.067809089999969, 14.278332981000062 ], [ -89.091489450999973, 14.292084857000077 ], [ -89.099167067999986, 14.291573016000029 ], [ -89.115891323999961, 14.283907732000046 ], [ -89.115194479999957, 14.276939293000055 ] ] ] } },
{ "type": "Feature", "properties": { "shapeName": "Dulce Nombre de Maria", "shapeISO": "", "shapeID": "79315794B6162920876089", "shapeGroup": "SLV", "shapeType": "ADM2" }, "geometry": { "type": "Polygon", "coordinates": [ [ [ -89.032966890999944, 14.261608725000031 ], [ -89.026695294999968, 14.245581314000049 ], [ -89.009274195999978, 14.235825498000054 ], [ -89.011364728, 14.203770676000033 ], [ -89.002305755999942, 14.198892768000064 ], [ -89.000215223999987, 14.187046420000058 ], [ -89.007880507999971, 14.187046420000058 ], [ -89.009274195999978, 14.173806385000034 ], [ -89.018506699999989, 14.163342879000027 ], [ -89.019726854999988, 14.152901066000027 ], [ -89.016939479999962, 14.150810534000072 ], [ -89.016939479999962, 14.132692590000033 ], [ -89.006486819999964, 14.136176810000052 ], [ -88.997427847999973, 14.145235782000043 ], [ -88.996034159999965, 14.159869505000074 ], [ -88.992549940999936, 14.16405056900004 ], [ -88.98627834499996, 14.16405056900004 ], [ -88.982097280999938, 14.160566349000021 ], [ -88.97600874799997, 14.172066912000048 ], [ -88.975825684999961, 14.172412697000027 ], [ -88.975825684999961, 14.182865356000036 ], [ -88.972341464999943, 14.192621172000031 ], [ -88.968160401999967, 14.198892768000064 ], [ -88.963479905999975, 14.194880914000066 ], [ -88.963282493999941, 14.194711704000042 ], [ -88.966726946999984, 14.21225843600007 ], [ -88.969922499999939, 14.211791400000038 ], [ -88.972669099999962, 14.21361150000007 ], [ -88.974761199999989, 14.219196400000044 ], [ -88.97031949999996, 14.222430800000041 ], [ -88.970075399999985, 14.225202400000057 ], [ -88.976676299999951, 14.232175400000074 ], [ -88.976123799999982, 14.235066500000073 ], [ -88.979605299999946, 14.237390700000049 ], [ -88.978167599999949, 14.241087600000071 ], [ -88.981482799999981, 14.241165600000045 ], [ -88.981944199999987, 14.245548800000051 ], [ -88.984503, 14.244857300000035 ], [ -88.987453399999936, 14.248190100000045 ], [ -88.988134699999989, 14.253160700000024 ], [ -88.991514299999949, 14.258578300000067 ], [ -88.994738299999938, 14.259077400000024 ], [ -89.014479399999971, 14.271456300000068 ], [ -89.015890199999944, 14.270099300000027 ], [ -89.018148599999961, 14.271092300000078 ], [ -89.023287699999969, 14.269543100000021 ], [ -89.024987215999943, 14.271148547000053 ], [ -89.032966890999944, 14.261608725000031 ] ] ] } },
{ "type": "Feature", "properties": { "shapeName": "Tejutla", "shapeISO": "", "shapeID": "79315794B8005106652117", "shapeGroup": "SLV", "shapeType": "ADM2" }, "geometry": { "type": "Polygon", "coordinates": [ [ [ -89.147946145999981, 14.065098725000041 ], [ -89.145224139999982, 14.062981609000076 ], [ -89.132884799999943, 14.067764100000034 ], [ -89.131233526999949, 14.069361848000028 ], [ -89.129828202999988, 14.079732449000062 ], [ -89.131918734999942, 14.084610356000042 ], [ -89.129828202999988, 14.088791420000064 ], [ -89.121466074999944, 14.088791420000064 ], [ -89.122859762999951, 14.103425144000028 ], [ -89.115891323999961, 14.117362023000055 ], [ -89.12076923099994, 14.125724151000043 ], [ -89.106135507999966, 14.126420995000046 ], [ -89.096379691999971, 14.12014939900007 ], [ -89.090108096999984, 14.124330463000035 ], [ -89.083836500999951, 14.132692590000033 ], [ -89.079593264999971, 14.135956618000023 ], [ -89.074777528999959, 14.13966103000007 ], [ -89.071293308999941, 14.168928477000065 ], [ -89.074080684999956, 14.175896917000046 ], [ -89.076171216999967, 14.209345427000073 ], [ -89.080352280999989, 14.216313867000054 ], [ -89.090917942999965, 14.225354005000042 ], [ -89.090804940999988, 14.224675995000041 ], [ -89.107529195999973, 14.218404399000065 ], [ -89.113103947999946, 14.210042271000077 ], [ -89.123556606999955, 14.20307383200003 ], [ -89.130525046999935, 14.200286456000072 ], [ -89.135402954999961, 14.191924328000027 ], [ -89.157005117999972, 14.18356220000004 ], [ -89.155611429999965, 14.164747413000043 ], [ -89.15839880599998, 14.148023158000058 ], [ -89.150733521999939, 14.148023158000058 ], [ -89.147946145999981, 14.143842094000036 ], [ -89.161883025999941, 14.115271491000044 ], [ -89.161883025999941, 14.103425144000028 ], [ -89.169548308999936, 14.103425144000028 ], [ -89.170941996999943, 14.085307200000045 ], [ -89.170580789005726, 14.074928061165124 ], [ -89.163973557999952, 14.071370321000074 ], [ -89.153520897999954, 14.063705037000034 ], [ -89.147946145999981, 14.065098725000041 ] ] ] } },
{ "type": "Feature", "properties": { "shapeName": "El Paraiso", "shapeISO": "", "shapeID": "79315794B81588611642369", "shapeGroup": "SLV", "shapeType": "ADM2" }, "geometry": { "type": "Polygon", "coordinates": [ [ [ -89.121466074999944, 14.088791420000064 ], [ -89.112407103999942, 14.084610356000042 ], [ -89.112407103999942, 14.072764009000025 ], [ -89.104741819999958, 14.067189257000052 ], [ -89.09428915999996, 14.070673477000071 ], [ -89.092198628999938, 14.078338761000055 ], [ -89.088714408999977, 14.079732449000062 ], [ -89.082442812999943, 14.071370321000074 ], [ -89.073383840999952, 14.07555138500004 ], [ -89.071990152999945, 14.080429293000066 ], [ -89.065738594999971, 14.086199962000023 ], [ -89.062931181999943, 14.088791420000064 ], [ -89.053175365999948, 14.104121988000031 ], [ -89.060143805999985, 14.111090427000022 ], [ -89.061537493999936, 14.127814683000054 ], [ -89.076868060999971, 14.12711783900005 ], [ -89.079593264999971, 14.135956618000023 ], [ -89.083836500999951, 14.132692590000033 ], [ -89.090108096999984, 14.124330463000035 ], [ -89.096379691999971, 14.12014939900007 ], [ -89.106135507999966, 14.126420995000046 ], [ -89.12076923099994, 14.125724151000043 ], [ -89.115891323999961, 14.117362023000055 ], [ -89.122859762999951, 14.103425144000028 ], [ -89.121466074999944, 14.088791420000064 ] ] ] } },
{ "type": "Feature", "properties": { "shapeName": "San Rafael", "shapeISO": "", "shapeID": "79315794B12575080956445", "shapeGroup": "SLV", "shapeType": "ADM2" }, "geometry": { "type": "Polygon", "coordinates": [ [ [ -89.074777528999959, 14.13966103000007 ], [ -89.079593264999971, 14.135956618000023 ], [ -89.076868060999971, 14.12711783900005 ], [ -89.061537493999936, 14.127814683000054 ], [ -89.060143805999985, 14.111090427000022 ], [ -89.053175365999948, 14.104121988000031 ], [ -89.062931181999943, 14.088791420000064 ], [ -89.065738594999971, 14.086199962000023 ], [ -89.063628025999947, 14.074157697000032 ], [ -89.060143805999985, 14.079035605000058 ], [ -89.051163109999948, 14.075667844000066 ], [ -89.048994301999983, 14.075388789000044 ], [ -89.048994301999983, 14.078338761000055 ], [ -89.047600613999975, 14.094366172000036 ], [ -89.035057422999955, 14.109696739000071 ], [ -89.023211074999949, 14.115968335000048 ], [ -89.014152103999947, 14.125027307000039 ], [ -89.016939479999962, 14.132692590000033 ], [ -89.016939479999962, 14.150810534000072 ], [ -89.019726854999988, 14.152901066000027 ], [ -89.018506699999989, 14.163342879000027 ], [ -89.019726854999988, 14.161960037000028 ], [ -89.033663734999948, 14.161263193000025 ], [ -89.038541642999974, 14.150810534000072 ], [ -89.045510081999964, 14.156385286000045 ], [ -89.053175365999948, 14.150810534000072 ], [ -89.06432486999995, 14.150113690000069 ], [ -89.071990152999945, 14.140357874000074 ], [ -89.074777528999959, 14.13966103000007 ] ] ] } },
{ "type": "Feature", "properties": { "shapeName": "Salcoatitan", "shapeISO": "", "shapeID": "79315794B92083605732567", "shapeGroup": "SLV", "shapeType": "ADM2" }, "geometry": { "type": "Polygon", "coordinates": [ [ [ -89.76824682299997, 13.863139292000028 ], [ -89.767588199999977, 13.859676400000069 ], [ -89.769261899999947, 13.855395200000032 ], [ -89.773285199999975, 13.855947300000025 ], [ -89.774004, 13.851801400000056 ], [ -89.772126499999956, 13.850613900000042 ], [ -89.773403199999962, 13.848207600000023 ], [ -89.775978099999975, 13.848228400000039 ], [ -89.778467199999966, 13.837498700000026 ], [ -89.77733, 13.835258900000042 ], [ -89.779733199999953, 13.832050300000049 ], [ -89.77162150099997, 13.826778087000037 ], [ -89.766046748999941, 13.817022271000042 ], [ -89.755991159166896, 13.815136847737225 ], [ -89.754897245999985, 13.814931739000031 ], [ -89.742354053999975, 13.819809647000056 ], [ -89.743747741999982, 13.819809647000056 ], [ -89.754897245999985, 13.842805498000075 ], [ -89.759775152999964, 13.862317129000076 ], [ -89.762562528999979, 13.866498193000041 ], [ -89.76824682299997, 13.863139292000028 ] ] ] } },
{ "type": "Feature", "properties": { "shapeName": "Santa Catarina Masahuat", "shapeISO": "", "shapeID": "79315794B87573913845404", "shapeGroup": "SLV", "shapeType": "ADM2" }, "geometry": { "type": "Polygon", "coordinates": [ [ [ -89.787670583999954, 13.808529096000029 ], [ -89.789271199999973, 13.803691600000036 ], [ -89.788755, 13.798996400000021 ], [ -89.792561399999954, 13.772760900000037 ], [ -89.791000299999951, 13.767548700000077 ], [ -89.791837799999939, 13.756168400000035 ], [ -89.791848706999986, 13.756089899000074 ], [ -89.779996996999955, 13.756338175000053 ], [ -89.777196252999943, 13.75639684600003 ], [ -89.761723416999985, 13.763823807000051 ], [ -89.759775152999964, 13.764758973000028 ], [ -89.761168840999972, 13.790542200000061 ], [ -89.766743592999944, 13.798207484000045 ], [ -89.755991159166896, 13.815136847737225 ], [ -89.766046748999941, 13.817022271000042 ], [ -89.77162150099997, 13.826778087000037 ], [ -89.779733199999953, 13.832050300000049 ], [ -89.786009599999943, 13.823924300000044 ], [ -89.787211199999945, 13.809890800000062 ], [ -89.787670583999954, 13.808529096000029 ] ] ] } },
{ "type": "Feature", "properties": { "shapeName": "Santo Domingo", "shapeISO": "", "shapeID": "79315794B81756807181676", "shapeGroup": "SLV", "shapeType": "ADM2" }, "geometry": { "type": "Polygon", "coordinates": [ [ [ -89.819909399999972, 13.68710660000005 ], [ -89.811129269999981, 13.689374667000038 ], [ -89.801585791999969, 13.696468264000032 ], [ -89.80367632399998, 13.701346172000058 ], [ -89.794617351999989, 13.709011456000042 ], [ -89.789026203999981, 13.712569459000065 ], [ -89.786952067999948, 13.713889363000021 ], [ -89.781377316999965, 13.722948335000069 ], [ -89.779286784999954, 13.734097839000071 ], [ -89.779996996999955, 13.756338175000053 ], [ -89.791848706999986, 13.756089899000074 ], [ -89.791878399999973, 13.755876200000046 ], [ -89.792553299999952, 13.752045700000053 ], [ -89.797034599999961, 13.751796700000057 ], [ -89.797286699999972, 13.750281600000051 ], [ -89.80065849999994, 13.751025600000048 ], [ -89.80085459999998, 13.749002400000052 ], [ -89.802414399999975, 13.749383500000022 ], [ -89.80599159999997, 13.744021600000053 ], [ -89.805702099999962, 13.738977200000022 ], [ -89.808851499999946, 13.739799 ], [ -89.80966, 13.738366 ], [ -89.809145, 13.731654200000037 ], [ -89.811076199999945, 13.72902780000004 ], [ -89.81120489999995, 13.725067300000035 ], [ -89.812063199999955, 13.723587300000077 ], [ -89.815509099999986, 13.724043 ], [ -89.817286199999955, 13.704718900000046 ], [ -89.818750699999953, 13.704249900000036 ], [ -89.818080099999975, 13.695105800000022 ], [ -89.821381899999949, 13.690688600000044 ], [ -89.819909399999972, 13.68710660000005 ] ] ] } },
{ "type": "Feature", "properties": { "shapeName": "Nahuizalco", "shapeISO": "", "shapeID": "79315794B56426734857576", "shapeGroup": "SLV", "shapeType": "ADM2" }, "geometry": { "type": "Polygon", "coordinates": [ [ [ -89.64860095399996, 13.863073270000029 ], [ -89.665701216999935, 13.858832910000046 ], [ -89.676153877, 13.854651846000024 ], [ -89.681728628999963, 13.848380250000048 ], [ -89.681031784999959, 13.844896030000029 ], [ -89.697059195999941, 13.828868619000048 ], [ -89.702633947999971, 13.830959151000059 ], [ -89.712389762999976, 13.817022271000042 ], [ -89.717964514999949, 13.829565463000051 ], [ -89.724236110999982, 13.830262307000055 ], [ -89.731901394999966, 13.830262307000055 ], [ -89.738869833999956, 13.826778087000037 ], [ -89.738869833999956, 13.819809647000056 ], [ -89.742354053999975, 13.819809647000056 ], [ -89.754897245999985, 13.814931739000031 ], [ -89.755991159166896, 13.815136847737225 ], [ -89.766743592999944, 13.798207484000045 ], [ -89.761168840999972, 13.790542200000061 ], [ -89.759775152999964, 13.764758973000028 ], [ -89.761723416999985, 13.763823807000051 ], [ -89.753503557999977, 13.754306314000075 ], [ -89.74653511799994, 13.753609470000072 ], [ -89.744154346054998, 13.754918894663748 ], [ -89.732598238999969, 13.761274754000056 ], [ -89.724236110999982, 13.765455817000031 ], [ -89.723539266999978, 13.780786385000056 ], [ -89.712525365999966, 13.786617274000037 ], [ -89.711692918999972, 13.787057981000032 ], [ -89.694968663999987, 13.799601172000052 ], [ -89.694968663999987, 13.803085392000071 ], [ -89.686606535999942, 13.809356988000047 ], [ -89.681728628999963, 13.82050649100006 ], [ -89.672669656999972, 13.823990711000022 ], [ -89.670579124999961, 13.835140215000024 ], [ -89.65803593399994, 13.836533902000042 ], [ -89.651764337999964, 13.830262307000055 ], [ -89.652324872999941, 13.822721863000027 ], [ -89.648525099999972, 13.829390500000045 ], [ -89.643201, 13.832872900000041 ], [ -89.639959799999986, 13.837791100000061 ], [ -89.640083, 13.840316100000052 ], [ -89.636459699999989, 13.842852900000025 ], [ -89.635780799999964, 13.846303400000068 ], [ -89.6382961, 13.852059900000029 ], [ -89.637329427999987, 13.855056108000042 ], [ -89.645896499999935, 13.857440500000052 ], [ -89.647323599999936, 13.862130100000059 ], [ -89.64860095399996, 13.863073270000029 ] ] ] } },
{ "type": "Feature", "properties": { "shapeName": "San Antonio del Monte", "shapeISO": "", "shapeID": "79315794B54845900881813", "shapeGroup": "SLV", "shapeType": "ADM2" }, "geometry": { "type": "Polygon", "coordinates": [ [ [ -89.779996996999955, 13.756338175000053 ], [ -89.779286784999954, 13.734097839000071 ], [ -89.781377316999965, 13.722948335000069 ], [ -89.786952067999948, 13.713889363000021 ], [ -89.789026203999981, 13.712569459000065 ], [ -89.770924656999966, 13.711798832000056 ], [ -89.77162150099997, 13.686712449000026 ], [ -89.756987777999939, 13.688106137000034 ], [ -89.750019337999959, 13.702043016000061 ], [ -89.747071152, 13.704723185000034 ], [ -89.741512667292682, 13.709776352451803 ], [ -89.736180204999982, 13.714624045000051 ], [ -89.734751045424545, 13.716166721273648 ], [ -89.737476145999949, 13.724342023000077 ], [ -89.74653511799994, 13.740369434000058 ], [ -89.744154346054998, 13.754918894663748 ], [ -89.74653511799994, 13.753609470000072 ], [ -89.753503557999977, 13.754306314000075 ], [ -89.761723416999985, 13.763823807000051 ], [ -89.777196252999943, 13.75639684600003 ], [ -89.779996996999955, 13.756338175000053 ] ] ] } },
{ "type": "Feature", "properties": { "shapeName": "Null", "shapeISO": "", "shapeID": "79315794B73120282321330", "shapeGroup": "SLV", "shapeType": "ADM2" }, "geometry": { "type": "Polygon", "coordinates": [ [ [ -89.807411085999945, 13.518599018000032 ], [ -89.793304899999953, 13.520984500000054 ], [ -89.773653499999966, 13.527050600000052 ], [ -89.721816499999989, 13.524035800000036 ], [ -89.716586099999972, 13.525051800000028 ], [ -89.713098799999955, 13.527964800000063 ], [ -89.69261, 13.53306 ], [ -89.671038778999957, 13.532028301000025 ], [ -89.674760188999983, 13.558493158000033 ], [ -89.665004372999988, 13.568248973000038 ], [ -89.658732777999944, 13.568248973000038 ], [ -89.646189586, 13.575914257000022 ], [ -89.646635704999937, 13.584836640000049 ], [ -89.646886429999938, 13.589851137000039 ], [ -89.66848859299995, 13.591941668000061 ], [ -89.678244408999944, 13.59681957600003 ], [ -89.683819160999974, 13.603788016000067 ], [ -89.694968663999987, 13.610059612000043 ], [ -89.694968663999987, 13.635842839000077 ], [ -89.671972812999968, 13.644901810000022 ], [ -89.658732777999944, 13.64838603000004 ], [ -89.646886429999938, 13.663019754000061 ], [ -89.64409905399998, 13.672775569000066 ], [ -89.65353044799997, 13.682880634000071 ], [ -89.653854869999975, 13.683228229000065 ], [ -89.670579124999961, 13.681137697000054 ], [ -89.686606535999942, 13.692287200000067 ], [ -89.688775721999946, 13.688852656000051 ], [ -89.694968663999987, 13.679047165000043 ], [ -89.710299230999965, 13.679047165000043 ], [ -89.710378118999984, 13.678771057000063 ], [ -89.71308660699998, 13.669291349000048 ], [ -89.714480294999987, 13.64838603000004 ], [ -89.719358202999956, 13.644204966000075 ], [ -89.729810862999955, 13.638630215000035 ], [ -89.731204550999962, 13.626087023000025 ], [ -89.73468877, 13.617724895000038 ], [ -89.743747741999982, 13.618421739000041 ], [ -89.74653511799994, 13.659535534000042 ], [ -89.743050897999979, 13.676956633000032 ], [ -89.747071152, 13.704723185000034 ], [ -89.750019337999959, 13.702043016000061 ], [ -89.756987777999939, 13.688106137000034 ], [ -89.77162150099997, 13.686712449000026 ], [ -89.770924656999966, 13.711798832000056 ], [ -89.789026203999981, 13.712569459000065 ], [ -89.794617351999989, 13.709011456000042 ], [ -89.80367632399998, 13.701346172000058 ], [ -89.801585791999969, 13.696468264000032 ], [ -89.811129269999981, 13.689374667000038 ], [ -89.810644762999971, 13.689499824000052 ], [ -89.809251074999963, 13.658838690000039 ], [ -89.804373167999984, 13.645598654000025 ], [ -89.79810157199995, 13.642811278000067 ], [ -89.793920507999985, 13.645598654000025 ], [ -89.786952067999948, 13.646992342000033 ], [ -89.79113313199997, 13.624693335000075 ], [ -89.796011039999939, 13.611453300000051 ], [ -89.807160543999942, 13.594729044000076 ], [ -89.810644762999971, 13.571733193000057 ], [ -89.814128982999989, 13.565461597000024 ], [ -89.807411085999945, 13.518599018000032 ] ] ] } },
{ "type": "Feature", "properties": { "shapeName": "Nahulingo", "shapeISO": "", "shapeID": "79315794B27237930085437", "shapeGroup": "SLV", "shapeType": "ADM2" }, "geometry": { "type": "Polygon", "coordinates": [ [ [ -89.734751045424545, 13.716166721273648 ], [ -89.736180204999982, 13.714624045000051 ], [ -89.741512667292682, 13.709776352451803 ], [ -89.747071152, 13.704723185000034 ], [ -89.743050897999979, 13.676956633000032 ], [ -89.74653511799994, 13.659535534000042 ], [ -89.743747741999982, 13.618421739000041 ], [ -89.73468877, 13.617724895000038 ], [ -89.731204550999962, 13.626087023000025 ], [ -89.729810862999955, 13.638630215000035 ], [ -89.719358202999956, 13.644204966000075 ], [ -89.714480294999987, 13.64838603000004 ], [ -89.71308660699998, 13.669291349000048 ], [ -89.710378118999984, 13.678771057000063 ], [ -89.724236110999982, 13.698558796000043 ], [ -89.722145578999971, 13.702739860000065 ], [ -89.70054341599996, 13.715283051000029 ], [ -89.699149727999952, 13.722948335000069 ], [ -89.718525315999955, 13.728961449000053 ], [ -89.719358202999956, 13.729219931000046 ], [ -89.729114018999951, 13.722251491000065 ], [ -89.734751045424545, 13.716166721273648 ] ] ] } },
{ "type": "Feature", "properties": { "shapeName": "Sonsonate", "shapeISO": "", "shapeID": "79315794B61024232293340", "shapeGroup": "SLV", "shapeType": "ADM2" }, "geometry": { "type": "Polygon", "coordinates": [ [ [ -89.744154346054998, 13.754918894663748 ], [ -89.74653511799994, 13.740369434000058 ], [ -89.737476145999949, 13.724342023000077 ], [ -89.734751045424545, 13.716166721273648 ], [ -89.729114018999951, 13.722251491000065 ], [ -89.719358202999956, 13.729219931000046 ], [ -89.718525315999955, 13.728961449000053 ], [ -89.708208699999943, 13.74942840600005 ], [ -89.70751185599994, 13.757790534000037 ], [ -89.712389762999976, 13.763365285000077 ], [ -89.712525365999966, 13.786617274000037 ], [ -89.723539266999978, 13.780786385000056 ], [ -89.724236110999982, 13.765455817000031 ], [ -89.732598238999969, 13.761274754000056 ], [ -89.744154346054998, 13.754918894663748 ] ] ] } },
{ "type": "Feature", "properties": { "shapeName": "Izalco", "shapeISO": "", "shapeID": "79315794B52861243769540", "shapeGroup": "SLV", "shapeType": "ADM2" }, "geometry": { "type": "Polygon", "coordinates": [ [ [ -89.652324872999941, 13.822721863000027 ], [ -89.651764337999964, 13.830262307000055 ], [ -89.65803593399994, 13.836533902000042 ], [ -89.670579124999961, 13.835140215000024 ], [ -89.672669656999972, 13.823990711000022 ], [ -89.681728628999963, 13.82050649100006 ], [ -89.686606535999942, 13.809356988000047 ], [ -89.694968663999987, 13.803085392000071 ], [ -89.694968663999987, 13.799601172000052 ], [ -89.711692918999972, 13.787057981000032 ], [ -89.712525365999966, 13.786617274000037 ], [ -89.712389762999976, 13.763365285000077 ], [ -89.70751185599994, 13.757790534000037 ], [ -89.708208699999943, 13.74942840600005 ], [ -89.718525315999955, 13.728961449000053 ], [ -89.699149727999952, 13.722948335000069 ], [ -89.70054341599996, 13.715283051000029 ], [ -89.722145578999971, 13.702739860000065 ], [ -89.724236110999982, 13.698558796000043 ], [ -89.710378118999984, 13.678771057000063 ], [ -89.710299230999965, 13.679047165000043 ], [ -89.694968663999987, 13.679047165000043 ], [ -89.688775721999946, 13.688852656000051 ], [ -89.687303379999946, 13.704830392000076 ], [ -89.677547564999941, 13.709011456000042 ], [ -89.673366500999975, 13.740369434000058 ], [ -89.615528450999989, 13.739672590000055 ], [ -89.590442067999959, 13.74942840600005 ], [ -89.589745223999955, 13.763365285000077 ], [ -89.577202032999935, 13.766152661000035 ], [ -89.565355684999986, 13.760577910000052 ], [ -89.556296713999984, 13.746641030000035 ], [ -89.545844053999986, 13.748034718000042 ], [ -89.545162526999945, 13.748592331000054 ], [ -89.538178769999945, 13.754306314000075 ], [ -89.543753521999975, 13.758487378000041 ], [ -89.545147209999982, 13.762668441000073 ], [ -89.550025117999951, 13.764062129000024 ], [ -89.54793458599994, 13.782876917000067 ], [ -89.554206181999973, 13.783573761000071 ], [ -89.556296713999984, 13.791935888000069 ], [ -89.564658840999982, 13.794723264000027 ], [ -89.561871464999967, 13.805175924000025 ], [ -89.534694550999973, 13.803085392000071 ], [ -89.533300862999965, 13.812841207000076 ], [ -89.539403852999953, 13.815009199000031 ], [ -89.555019760999983, 13.829543734000026 ], [ -89.560111199999938, 13.834282600000051 ], [ -89.570912322999959, 13.834340148000024 ], [ -89.596537899999987, 13.829843200000028 ], [ -89.598631299999965, 13.81432280000007 ], [ -89.6033761, 13.815352 ], [ -89.611596299999974, 13.811797600000034 ], [ -89.613937899999939, 13.812527600000067 ], [ -89.613913299999979, 13.811594200000059 ], [ -89.616254899999944, 13.815747 ], [ -89.622084199999961, 13.815028900000073 ], [ -89.629952499999945, 13.821025500000076 ], [ -89.639750299999946, 13.822569200000032 ], [ -89.647344199999964, 13.818248100000062 ], [ -89.65277709999998, 13.821928200000059 ], [ -89.652324872999941, 13.822721863000027 ] ] ] } },
{ "type": "Feature", "properties": { "shapeName": "Caluco", "shapeISO": "", "shapeID": "79315794B15699975007255", "shapeGroup": "SLV", "shapeType": "ADM2" }, "geometry": { "type": "Polygon", "coordinates": [ [ [ -89.65353044799997, 13.682880634000071 ], [ -89.639917989999958, 13.686712449000026 ], [ -89.604378947999976, 13.685318761000076 ], [ -89.603702667040551, 13.686130298054334 ], [ -89.597410507999939, 13.693680888000074 ], [ -89.600894727999957, 13.695771420000028 ], [ -89.602985259999969, 13.703436704000069 ], [ -89.610650543999952, 13.71249567600006 ], [ -89.616922138999939, 13.727129399000034 ], [ -89.615528450999989, 13.739672590000055 ], [ -89.673366500999975, 13.740369434000058 ], [ -89.677547564999941, 13.709011456000042 ], [ -89.687303379999946, 13.704830392000076 ], [ -89.688775721999946, 13.688852656000051 ], [ -89.686606535999942, 13.692287200000067 ], [ -89.670579124999961, 13.681137697000054 ], [ -89.653854869999975, 13.683228229000065 ], [ -89.65353044799997, 13.682880634000071 ] ] ] } },
{ "type": "Feature", "properties": { "shapeName": "Cuisnahuat", "shapeISO": "", "shapeID": "79315794B16332019908900", "shapeGroup": "SLV", "shapeType": "ADM2" }, "geometry": { "type": "Polygon", "coordinates": [ [ [ -89.646635704999937, 13.584836640000049 ], [ -89.635764799999947, 13.598826487000053 ], [ -89.632642938999936, 13.613989812000057 ], [ -89.630413038999961, 13.618895593000047 ], [ -89.624169316999939, 13.623801375000028 ], [ -89.624169316999939, 13.627369216000034 ], [ -89.611681872999952, 13.638964700000031 ], [ -89.603208249999966, 13.642978521000032 ], [ -89.596518547999949, 13.654128024000045 ], [ -89.591166785999974, 13.655911945000071 ], [ -89.583585123999967, 13.662601647000031 ], [ -89.584231025999941, 13.664108752000061 ], [ -89.587598944999968, 13.671967230000064 ], [ -89.603654229999961, 13.671521250000069 ], [ -89.607668050999962, 13.670183310000027 ], [ -89.607668050999962, 13.674643111000023 ], [ -89.604100209999956, 13.676873012000044 ], [ -89.603702667040551, 13.686130298054334 ], [ -89.604378947999976, 13.685318761000076 ], [ -89.639917989999958, 13.686712449000026 ], [ -89.65353044799997, 13.682880634000071 ], [ -89.64409905399998, 13.672775569000066 ], [ -89.646886429999938, 13.663019754000061 ], [ -89.658732777999944, 13.64838603000004 ], [ -89.671972812999968, 13.644901810000022 ], [ -89.694968663999987, 13.635842839000077 ], [ -89.694968663999987, 13.610059612000043 ], [ -89.683819160999974, 13.603788016000067 ], [ -89.678244408999944, 13.59681957600003 ], [ -89.66848859299995, 13.591941668000061 ], [ -89.646886429999938, 13.589851137000039 ], [ -89.646635704999937, 13.584836640000049 ] ] ] } },
{ "type": "Feature", "properties": { "shapeName": "San Julian", "shapeISO": "", "shapeID": "79315794B97184435061197", "shapeGroup": "SLV", "shapeType": "ADM2" }, "geometry": { "type": "Polygon", "coordinates": [ [ [ -89.615528450999989, 13.739672590000055 ], [ -89.616922138999939, 13.727129399000034 ], [ -89.610650543999952, 13.71249567600006 ], [ -89.602985259999969, 13.703436704000069 ], [ -89.600894727999957, 13.695771420000028 ], [ -89.597410507999939, 13.693680888000074 ], [ -89.603702667040551, 13.686130298054334 ], [ -89.604100209999956, 13.676873012000044 ], [ -89.607668050999962, 13.674643111000023 ], [ -89.607668050999962, 13.670183310000027 ], [ -89.603654229999961, 13.671521250000069 ], [ -89.587598944999968, 13.671967230000064 ], [ -89.584231025999941, 13.664108752000061 ], [ -89.568421798999964, 13.667953409000063 ], [ -89.558164255999941, 13.666615468000032 ], [ -89.538051939999946, 13.663992123000071 ], [ -89.537649168999963, 13.663939588000062 ], [ -89.531851426999935, 13.682670754000071 ], [ -89.536311228999978, 13.695158198000058 ], [ -89.535419267999941, 13.720579066000028 ], [ -89.535577136999962, 13.72071720100007 ], [ -89.542554950999943, 13.72682278800005 ], [ -89.540771029999974, 13.740648172000022 ], [ -89.545162526999945, 13.748592331000054 ], [ -89.545844053999986, 13.748034718000042 ], [ -89.556296713999984, 13.746641030000035 ], [ -89.565355684999986, 13.760577910000052 ], [ -89.577202032999935, 13.766152661000035 ], [ -89.589745223999955, 13.763365285000077 ], [ -89.590442067999959, 13.74942840600005 ], [ -89.615528450999989, 13.739672590000055 ] ] ] } },
{ "type": "Feature", "properties": { "shapeName": "Santa Isabel Ishuatan", "shapeISO": "", "shapeID": "79315794B93813443509848", "shapeGroup": "SLV", "shapeType": "ADM2" }, "geometry": { "type": "Polygon", "coordinates": [ [ [ -89.671038778999957, 13.532028301000025 ], [ -89.665509699999973, 13.531068100000027 ], [ -89.663105299999984, 13.527323100000046 ], [ -89.638583127999937, 13.520511514000077 ], [ -89.633980879999967, 13.542187009000031 ], [ -89.628629117999935, 13.546200830000032 ], [ -89.621939415999975, 13.548430731000053 ], [ -89.618371574999969, 13.554228473000023 ], [ -89.606330110999977, 13.56091817500004 ], [ -89.583139143999972, 13.58366316200005 ], [ -89.582247182999936, 13.588122963000046 ], [ -89.573773560999939, 13.593920705000073 ], [ -89.565299937999953, 13.627369216000034 ], [ -89.550582592999945, 13.638072739000052 ], [ -89.551474553, 13.643424501000027 ], [ -89.536311228999978, 13.65858782600003 ], [ -89.538051939999946, 13.663992123000071 ], [ -89.558164255999941, 13.666615468000032 ], [ -89.568421798999964, 13.667953409000063 ], [ -89.584231025999941, 13.664108752000061 ], [ -89.583585123999967, 13.662601647000031 ], [ -89.591166785999974, 13.655911945000071 ], [ -89.596518547999949, 13.654128024000045 ], [ -89.603208249999966, 13.642978521000032 ], [ -89.611681872999952, 13.638964700000031 ], [ -89.624169316999939, 13.627369216000034 ], [ -89.624169316999939, 13.623801375000028 ], [ -89.630413038999961, 13.618895593000047 ], [ -89.632642938999936, 13.613989812000057 ], [ -89.635764799999947, 13.598826487000053 ], [ -89.646635704999937, 13.584836640000049 ], [ -89.646189586, 13.575914257000022 ], [ -89.658732777999944, 13.568248973000038 ], [ -89.665004372999988, 13.568248973000038 ], [ -89.674760188999983, 13.558493158000033 ], [ -89.671038778999957, 13.532028301000025 ] ] ] } },
{ "type": "Feature", "properties": { "shapeName": "Armenia", "shapeISO": "", "shapeID": "79315794B93116045518759", "shapeGroup": "SLV", "shapeType": "ADM2" }, "geometry": { "type": "Polygon", "coordinates": [ [ [ -89.534694550999973, 13.803085392000071 ], [ -89.561871464999967, 13.805175924000025 ], [ -89.564658840999982, 13.794723264000027 ], [ -89.556296713999984, 13.791935888000069 ], [ -89.554206181999973, 13.783573761000071 ], [ -89.54793458599994, 13.782876917000067 ], [ -89.550025117999951, 13.764062129000024 ], [ -89.545147209999982, 13.762668441000073 ], [ -89.543753521999975, 13.758487378000041 ], [ -89.538178769999945, 13.754306314000075 ], [ -89.545162526999945, 13.748592331000054 ], [ -89.540771029999974, 13.740648172000022 ], [ -89.542554950999943, 13.72682278800005 ], [ -89.535577136999962, 13.72071720100007 ], [ -89.518918002999953, 13.726376807000065 ], [ -89.494546903999947, 13.729423194000049 ], [ -89.493943114999979, 13.729498668000076 ], [ -89.493051154999989, 13.736634351000077 ], [ -89.490375273999973, 13.741094152000073 ], [ -89.479225769999971, 13.752243656000076 ], [ -89.460048623999967, 13.75536551700003 ], [ -89.45246696199996, 13.761163259000057 ], [ -89.448453140999959, 13.769190901000059 ], [ -89.448387522999951, 13.770503262000034 ], [ -89.448007160999964, 13.77811050400004 ], [ -89.46484247799998, 13.787371931000052 ], [ -89.46513271799995, 13.785817268000073 ], [ -89.489399691999949, 13.787754824000046 ], [ -89.498458663999941, 13.782876917000067 ], [ -89.534694550999973, 13.803085392000071 ] ] ] } },
{ "type": "Feature", "properties": { "shapeName": "Sacacoyo", "shapeISO": "", "shapeID": "79315794B18547918884366", "shapeGroup": "SLV", "shapeType": "ADM2" }, "geometry": { "type": "Polygon", "coordinates": [ [ [ -89.494546903999947, 13.729423194000049 ], [ -89.450683041, 13.734850430000051 ], [ -89.443277315999978, 13.732628712000064 ], [ -89.441763438999942, 13.732174549000035 ], [ -89.433289815999956, 13.729944649000061 ], [ -89.426154133999944, 13.733066510000072 ], [ -89.42564785999997, 13.733889204000036 ], [ -89.422586291999949, 13.738864251000052 ], [ -89.421248351999964, 13.743324053000038 ], [ -89.42392423299998, 13.750013755000055 ], [ -89.428574140999956, 13.758890853000025 ], [ -89.428830013999971, 13.759379338000031 ], [ -89.432397855999966, 13.763393159000032 ], [ -89.448387522999951, 13.770503262000034 ], [ -89.448453140999959, 13.769190901000059 ], [ -89.45246696199996, 13.761163259000057 ], [ -89.460048623999967, 13.75536551700003 ], [ -89.479225769999971, 13.752243656000076 ], [ -89.490375273999973, 13.741094152000073 ], [ -89.493051154999989, 13.736634351000077 ], [ -89.493943114999979, 13.729498668000076 ], [ -89.494546903999947, 13.729423194000049 ] ] ] } },
{ "type": "Feature", "properties": { "shapeName": "Tepecoyo", "shapeISO": "", "shapeID": "79315794B30676307149380", "shapeGroup": "SLV", "shapeType": "ADM2" }, "geometry": { "type": "Polygon", "coordinates": [ [ [ -89.538051939999946, 13.663992123000071 ], [ -89.536311228999978, 13.65858782600003 ], [ -89.520255942999938, 13.655911945000071 ], [ -89.513120260999983, 13.656803905000061 ], [ -89.500632816999939, 13.660817727000051 ], [ -89.492159194999942, 13.666169488000037 ], [ -89.491280696, 13.668553986000063 ], [ -89.489037333999988, 13.674643111000023 ], [ -89.483685571999956, 13.676873012000044 ], [ -89.482347630999982, 13.683562714000061 ], [ -89.476995869999939, 13.685346634000041 ], [ -89.472982047999949, 13.691144376000068 ], [ -89.459156663999977, 13.702739860000065 ], [ -89.455142842999976, 13.70407780000005 ], [ -89.443277315999978, 13.732628712000064 ], [ -89.450683041, 13.734850430000051 ], [ -89.494546903999947, 13.729423194000049 ], [ -89.518918002999953, 13.726376807000065 ], [ -89.535577136999962, 13.72071720100007 ], [ -89.535419267999941, 13.720579066000028 ], [ -89.536311228999978, 13.695158198000058 ], [ -89.531851426999935, 13.682670754000071 ], [ -89.537649168999963, 13.663939588000062 ], [ -89.538051939999946, 13.663992123000071 ] ] ] } },
{ "type": "Feature", "properties": { "shapeName": "Teotepeque", "shapeISO": "", "shapeID": "79315794B28105144261265", "shapeGroup": "SLV", "shapeType": "ADM2" }, "geometry": { "type": "Polygon", "coordinates": [ [ [ -89.638583127999937, 13.520511514000077 ], [ -89.611131599999965, 13.507885300000055 ], [ -89.564454905, 13.50238297900006 ], [ -89.566191897999943, 13.518996041000037 ], [ -89.564853957999958, 13.525685744000043 ], [ -89.554596413999946, 13.548430731000053 ], [ -89.555488374999982, 13.560472195000045 ], [ -89.551920533999976, 13.571175718000063 ], [ -89.542554950999943, 13.587231003000056 ], [ -89.538095148999957, 13.587231003000056 ], [ -89.531405446999941, 13.579203361000054 ], [ -89.527837606, 13.584109142000045 ], [ -89.524269764999985, 13.58455512200004 ], [ -89.515350161999947, 13.593028745000026 ], [ -89.512674280999988, 13.592582765000031 ], [ -89.506820791999985, 13.599606952000045 ], [ -89.506777908999936, 13.599950014000058 ], [ -89.504730259999974, 13.61633120700003 ], [ -89.490096535999953, 13.633752307000066 ], [ -89.486612316999981, 13.655354470000077 ], [ -89.484425298999952, 13.659181752000052 ], [ -89.483824940999966, 13.660232378000046 ], [ -89.491280696, 13.668553986000063 ], [ -89.492159194999942, 13.666169488000037 ], [ -89.500632816999939, 13.660817727000051 ], [ -89.513120260999983, 13.656803905000061 ], [ -89.520255942999938, 13.655911945000071 ], [ -89.536311228999978, 13.65858782600003 ], [ -89.551474553, 13.643424501000027 ], [ -89.550582592999945, 13.638072739000052 ], [ -89.565299937999953, 13.627369216000034 ], [ -89.573773560999939, 13.593920705000073 ], [ -89.582247182999936, 13.588122963000046 ], [ -89.583139143999972, 13.58366316200005 ], [ -89.606330110999977, 13.56091817500004 ], [ -89.618371574999969, 13.554228473000023 ], [ -89.621939415999975, 13.548430731000053 ], [ -89.628629117999935, 13.546200830000032 ], [ -89.633980879999967, 13.542187009000031 ], [ -89.638583127999937, 13.520511514000077 ] ] ] } },
{ "type": "Feature", "properties": { "shapeName": "San Pablo Tacachico", "shapeISO": "", "shapeID": "79315794B89809373997375", "shapeGroup": "SLV", "shapeType": "ADM2" }, "geometry": { "type": "Polygon", "coordinates": [ [ [ -89.383935982999958, 14.021946741000022 ], [ -89.39782809999997, 13.99068660000006 ], [ -89.399020872999984, 13.984431167000025 ], [ -89.395530899999983, 13.976085500000067 ], [ -89.396083, 13.974478200000021 ], [ -89.393585099999939, 13.972166 ], [ -89.39323109999998, 13.966236600000059 ], [ -89.392055709999966, 13.95655434400004 ], [ -89.36884568499994, 13.961965817000078 ], [ -89.330519266999943, 13.961965817000078 ], [ -89.324632136999981, 13.959610965000024 ], [ -89.316582386999983, 13.956391066000037 ], [ -89.304736039999966, 13.943151030000024 ], [ -89.278952812999989, 13.950119470000061 ], [ -89.27144833899996, 13.952799639000034 ], [ -89.269682580999984, 13.953430267000044 ], [ -89.269196996999938, 13.953603690000023 ], [ -89.262925401999951, 13.968934257000058 ], [ -89.26640962099998, 13.968934257000058 ], [ -89.29288969199996, 13.988445888000058 ], [ -89.296373911999979, 14.004473300000029 ], [ -89.291496003999953, 14.005866988000037 ], [ -89.285224408999966, 14.016319647000046 ], [ -89.28592125299997, 14.026075463000041 ], [ -89.274059245999979, 14.037389390000044 ], [ -89.275468592999971, 14.04349656200003 ], [ -89.283133876999955, 14.05116184600007 ], [ -89.289405472999988, 14.04349656200003 ], [ -89.30543288399997, 14.04349656200003 ], [ -89.306826571999977, 14.061614505000023 ], [ -89.333306642999958, 14.060220817000072 ], [ -89.345849833999978, 14.046980782000048 ], [ -89.36396777799996, 14.046980782000048 ], [ -89.366755152999986, 14.027469151000048 ], [ -89.383935982999958, 14.021946741000022 ] ] ] } },
{ "type": "Feature", "properties": { "shapeName": "El Paisnal", "shapeISO": "", "shapeID": "79315794B50564246883292", "shapeGroup": "SLV", "shapeType": "ADM2" }, "geometry": { "type": "Polygon", "coordinates": [ [ [ -89.274059245999979, 14.037389390000044 ], [ -89.28592125299997, 14.026075463000041 ], [ -89.285224408999966, 14.016319647000046 ], [ -89.291496003999953, 14.005866988000037 ], [ -89.296373911999979, 14.004473300000029 ], [ -89.29288969199996, 13.988445888000058 ], [ -89.26640962099998, 13.968934257000058 ], [ -89.262925401999951, 13.968934257000058 ], [ -89.269196996999938, 13.953603690000023 ], [ -89.269682580999984, 13.953430267000044 ], [ -89.23644533099997, 13.945241562000035 ], [ -89.237142174999974, 13.958481598000049 ], [ -89.229476891, 13.969631101000061 ], [ -89.217630542999984, 13.977993229000049 ], [ -89.202299975999949, 13.982871137000075 ], [ -89.195331535999969, 13.976599541000041 ], [ -89.169548308999936, 13.989839576000065 ], [ -89.161350144999972, 13.991889117000028 ], [ -89.161186181999938, 13.991930108000076 ], [ -89.153520897999954, 13.998201704000053 ], [ -89.15282405399995, 14.037224966000053 ], [ -89.156386130999977, 14.049088160000053 ], [ -89.182091500999945, 14.046283938000045 ], [ -89.18487887699996, 14.054646066000032 ], [ -89.190453629, 14.060220817000072 ], [ -89.200209443999938, 14.058130286000051 ], [ -89.210662103999937, 14.047677626000052 ], [ -89.219721074999939, 14.045587094000041 ], [ -89.232961110999952, 14.050465002000067 ], [ -89.238535862999981, 14.050465002000067 ], [ -89.242716925999957, 14.055342910000036 ], [ -89.250382209999941, 14.053949222000028 ], [ -89.251079053999945, 14.044193406000034 ], [ -89.27337806099996, 14.034437590000039 ], [ -89.274059245999979, 14.037389390000044 ] ] ] } },
{ "type": "Feature", "properties": { "shapeName": "Aguilares", "shapeISO": "", "shapeID": "79315794B35993444863813", "shapeGroup": "SLV", "shapeType": "ADM2" }, "geometry": { "type": "Polygon", "coordinates": [ [ [ -89.23644533099997, 13.945241562000035 ], [ -89.225295826999968, 13.943151030000024 ], [ -89.232131674999948, 13.919795217000058 ], [ -89.233657954999956, 13.914580427000033 ], [ -89.223902138999961, 13.911096207000071 ], [ -89.21135894799994, 13.911793051000075 ], [ -89.200209443999938, 13.934092059000022 ], [ -89.198118911999984, 13.944544718000031 ], [ -89.191150472999936, 13.950119470000061 ], [ -89.186272564999967, 13.962662661000024 ], [ -89.177213592999976, 13.966146881000043 ], [ -89.172837412999968, 13.966146881000043 ], [ -89.170941996999943, 13.966146881000043 ], [ -89.161883025999941, 13.973115321000023 ], [ -89.157005117999972, 13.983567981000022 ], [ -89.161350144999972, 13.991889117000028 ], [ -89.169548308999936, 13.989839576000065 ], [ -89.195331535999969, 13.976599541000041 ], [ -89.202299975999949, 13.982871137000075 ], [ -89.217630542999984, 13.977993229000049 ], [ -89.229476891, 13.969631101000061 ], [ -89.237142174999974, 13.958481598000049 ], [ -89.23644533099997, 13.945241562000035 ] ] ] } },
{ "type": "Feature", "properties": { "shapeName": "Ciudad Arce", "shapeISO": "", "shapeID": "79315794B75858091491233", "shapeGroup": "SLV", "shapeType": "ADM2" }, "geometry": { "type": "Polygon", "coordinates": [ [ [ -89.463383084999975, 13.810742875000074 ], [ -89.46629889999997, 13.793682 ], [ -89.463439199999982, 13.793228300000067 ], [ -89.464698899999973, 13.788141 ], [ -89.46484247799998, 13.787371931000052 ], [ -89.448007160999964, 13.77811050400004 ], [ -89.448387522999951, 13.770503262000034 ], [ -89.432397855999966, 13.763393159000032 ], [ -89.428830013999971, 13.759379338000031 ], [ -89.428574140999956, 13.758890853000025 ], [ -89.417624762999935, 13.761971598000059 ], [ -89.416231074999985, 13.773121101000072 ], [ -89.412050011999952, 13.773121101000072 ], [ -89.406475259999979, 13.769636881000054 ], [ -89.398113131999935, 13.776605321000034 ], [ -89.396886686999949, 13.777525155000035 ], [ -89.392538379999962, 13.780786385000056 ], [ -89.389054159999944, 13.787754824000046 ], [ -89.391841535999959, 13.797510640000041 ], [ -89.394628911999973, 13.798207484000045 ], [ -89.393235223999966, 13.809356988000047 ], [ -89.379298344999938, 13.813538051000023 ], [ -89.384176252999964, 13.817022271000042 ], [ -89.386266784999975, 13.828868619000048 ], [ -89.391841535999959, 13.844199186000026 ], [ -89.392538379999962, 13.865104505000033 ], [ -89.396022599999981, 13.868588725000052 ], [ -89.417624762999935, 13.85952975400005 ], [ -89.427380578999987, 13.865104505000033 ], [ -89.428774266999937, 13.867891881000048 ], [ -89.438530081999943, 13.875557165000032 ], [ -89.446892209999987, 13.875557165000032 ], [ -89.450066549999974, 13.864399542000058 ], [ -89.449997799999949, 13.861122900000055 ], [ -89.451747499999954, 13.858488400000056 ], [ -89.45089459999997, 13.854212400000051 ], [ -89.446564699999954, 13.856252900000072 ], [ -89.451523499999951, 13.844571500000029 ], [ -89.44880779999994, 13.841244500000073 ], [ -89.449937, 13.832723 ], [ -89.451074299999959, 13.832301100000052 ], [ -89.44996649999996, 13.831064 ], [ -89.45139359999996, 13.830051200000071 ], [ -89.457008599999938, 13.833934100000022 ], [ -89.459505299999989, 13.830631200000028 ], [ -89.457512399999985, 13.823794400000054 ], [ -89.453602499999988, 13.819900700000062 ], [ -89.452977299999986, 13.814269500000023 ], [ -89.453784299999938, 13.812544200000048 ], [ -89.454400099999987, 13.81382270000006 ], [ -89.455143299999975, 13.812138600000026 ], [ -89.457995899999958, 13.811506300000076 ], [ -89.458725, 13.812557900000058 ], [ -89.460560199999975, 13.81080170000007 ], [ -89.460600799999952, 13.812599200000022 ], [ -89.462051799999983, 13.810702 ], [ -89.46340379999998, 13.811973700000067 ], [ -89.463383084999975, 13.810742875000074 ] ] ] } },
{ "type": "Feature", "properties": { "shapeName": "Jicalapa", "shapeISO": "", "shapeID": "79315794B14593460253093", "shapeGroup": "SLV", "shapeType": "ADM2" }, "geometry": { "type": "Polygon", "coordinates": [ [ [ -89.564454905, 13.50238297900006 ], [ -89.524421099999984, 13.49184020000007 ], [ -89.508842799999968, 13.492487100000062 ], [ -89.495711279999966, 13.495583271000044 ], [ -89.498458663999941, 13.502048796000054 ], [ -89.498458663999941, 13.510410924000041 ], [ -89.501246039999955, 13.520166739000047 ], [ -89.506820791999985, 13.525044647000072 ], [ -89.498458663999941, 13.578701633000037 ], [ -89.493580755999972, 13.588457449000032 ], [ -89.497064976, 13.595425888000022 ], [ -89.506777908999936, 13.599950014000058 ], [ -89.506820791999985, 13.599606952000045 ], [ -89.512674280999988, 13.592582765000031 ], [ -89.515350161999947, 13.593028745000026 ], [ -89.524269764999985, 13.58455512200004 ], [ -89.527837606, 13.584109142000045 ], [ -89.531405446999941, 13.579203361000054 ], [ -89.538095148999957, 13.587231003000056 ], [ -89.542554950999943, 13.587231003000056 ], [ -89.551920533999976, 13.571175718000063 ], [ -89.555488374999982, 13.560472195000045 ], [ -89.554596413999946, 13.548430731000053 ], [ -89.564853957999958, 13.525685744000043 ], [ -89.566191897999943, 13.518996041000037 ], [ -89.564454905, 13.50238297900006 ] ] ] } },
{ "type": "Feature", "properties": { "shapeName": "Chiltiupán", "shapeISO": "", "shapeID": "79315794B3763071273846", "shapeGroup": "SLV", "shapeType": "ADM2" }, "geometry": { "type": "Polygon", "coordinates": [ [ [ -89.506777908999936, 13.599950014000058 ], [ -89.497064976, 13.595425888000022 ], [ -89.493580755999972, 13.588457449000032 ], [ -89.498458663999941, 13.578701633000037 ], [ -89.506820791999985, 13.525044647000072 ], [ -89.501246039999955, 13.520166739000047 ], [ -89.498458663999941, 13.510410924000041 ], [ -89.498458663999941, 13.502048796000054 ], [ -89.495711279999966, 13.495583271000044 ], [ -89.448145980999982, 13.492035427000076 ], [ -89.448982741999941, 13.534800463000067 ], [ -89.444104833999972, 13.550827874000049 ], [ -89.453860649999967, 13.578701633000037 ], [ -89.457344869999986, 13.617724895000038 ], [ -89.463616464999973, 13.632358619000058 ], [ -89.463842242999988, 13.632684742000038 ], [ -89.469888060999949, 13.64141759000006 ], [ -89.471281748999957, 13.64838603000004 ], [ -89.484425298999952, 13.659181752000052 ], [ -89.486612316999981, 13.655354470000077 ], [ -89.490096535999953, 13.633752307000066 ], [ -89.504730259999974, 13.61633120700003 ], [ -89.506777908999936, 13.599950014000058 ] ] ] } },
{ "type": "Feature", "properties": { "shapeName": "Jayaque", "shapeISO": "", "shapeID": "79315794B97499206921043", "shapeGroup": "SLV", "shapeType": "ADM2" }, "geometry": { "type": "Polygon", "coordinates": [ [ [ -89.443277315999978, 13.732628712000064 ], [ -89.455142842999976, 13.70407780000005 ], [ -89.459156663999977, 13.702739860000065 ], [ -89.472982047999949, 13.691144376000068 ], [ -89.476995869999939, 13.685346634000041 ], [ -89.482347630999982, 13.683562714000061 ], [ -89.483685571999956, 13.676873012000044 ], [ -89.489037333999988, 13.674643111000023 ], [ -89.491280696, 13.668553986000063 ], [ -89.483824940999966, 13.660232378000046 ], [ -89.484425298999952, 13.659181752000052 ], [ -89.471281748999957, 13.64838603000004 ], [ -89.469888060999949, 13.64141759000006 ], [ -89.463842242999988, 13.632684742000038 ], [ -89.453163805999964, 13.642114434000064 ], [ -89.453860649999967, 13.653263938000066 ], [ -89.450376429999949, 13.659535534000042 ], [ -89.432258486999956, 13.66789766100004 ], [ -89.431563297999958, 13.668642506000026 ], [ -89.422502670999961, 13.678350321000039 ], [ -89.417624762999935, 13.697861952000039 ], [ -89.416927918999988, 13.70692092400003 ], [ -89.409271686075968, 13.723625433834178 ], [ -89.411392134999971, 13.724976539000068 ], [ -89.42564785999997, 13.733889204000036 ], [ -89.426154133999944, 13.733066510000072 ], [ -89.433289815999956, 13.729944649000061 ], [ -89.441763438999942, 13.732174549000035 ], [ -89.443277315999978, 13.732628712000064 ] ] ] } },
{ "type": "Feature", "properties": { "shapeName": "Tamanique", "shapeISO": "", "shapeID": "79315794B98039027185158", "shapeGroup": "SLV", "shapeType": "ADM2" }, "geometry": { "type": "Polygon", "coordinates": [ [ [ -89.448145980999982, 13.492035427000076 ], [ -89.423441299999979, 13.489858 ], [ -89.417418699999985, 13.49390150000005 ], [ -89.401368299999945, 13.492367900000033 ], [ -89.396551099999954, 13.493213 ], [ -89.392783144999953, 13.491735924000068 ], [ -89.389751003999947, 13.50832039200003 ], [ -89.382782564999957, 13.522954115000061 ], [ -89.382085720999953, 13.532013087000053 ], [ -89.379298344999938, 13.537587839000025 ], [ -89.379298344999938, 13.543162590000065 ], [ -89.385170334999941, 13.557516343000032 ], [ -89.385569940999972, 13.558493158000033 ], [ -89.391144691999955, 13.573823725000068 ], [ -89.398809975999939, 13.587760605000028 ], [ -89.400203663999946, 13.605878548000021 ], [ -89.415534230999981, 13.629571243000044 ], [ -89.42041213899995, 13.640023902000053 ], [ -89.428774266999937, 13.644204966000075 ], [ -89.414837386999977, 13.658141846000035 ], [ -89.415422581999962, 13.658668522000028 ], [ -89.421805826999957, 13.664413441000022 ], [ -89.431563297999958, 13.668642506000026 ], [ -89.432258486999956, 13.66789766100004 ], [ -89.450376429999949, 13.659535534000042 ], [ -89.453860649999967, 13.653263938000066 ], [ -89.453163805999964, 13.642114434000064 ], [ -89.463842242999988, 13.632684742000038 ], [ -89.463616464999973, 13.632358619000058 ], [ -89.457344869999986, 13.617724895000038 ], [ -89.453860649999967, 13.578701633000037 ], [ -89.444104833999972, 13.550827874000049 ], [ -89.448982741999941, 13.534800463000067 ], [ -89.448145980999982, 13.492035427000076 ] ] ] } },
{ "type": "Feature", "properties": { "shapeName": "Opico", "shapeISO": "", "shapeID": "79315794B68531510505764", "shapeGroup": "SLV", "shapeType": "ADM2" }, "geometry": { "type": "Polygon", "coordinates": [ [ [ -89.450066549999974, 13.864399542000058 ], [ -89.446892209999987, 13.875557165000032 ], [ -89.438530081999943, 13.875557165000032 ], [ -89.428774266999937, 13.867891881000048 ], [ -89.427380578999987, 13.865104505000033 ], [ -89.417624762999935, 13.85952975400005 ], [ -89.396022599999981, 13.868588725000052 ], [ -89.392538379999962, 13.865104505000033 ], [ -89.391841535999959, 13.844199186000026 ], [ -89.386266784999975, 13.828868619000048 ], [ -89.384176252999964, 13.817022271000042 ], [ -89.379298344999938, 13.813538051000023 ], [ -89.393235223999966, 13.809356988000047 ], [ -89.394628911999973, 13.798207484000045 ], [ -89.391841535999959, 13.797510640000041 ], [ -89.389054159999944, 13.787754824000046 ], [ -89.392538379999962, 13.780786385000056 ], [ -89.396886686999949, 13.777525155000035 ], [ -89.389054159999944, 13.765455817000031 ], [ -89.387660472999983, 13.759881066000048 ], [ -89.35908987, 13.758487378000041 ], [ -89.350030897999943, 13.750125250000053 ], [ -89.333306642999958, 13.753609470000072 ], [ -89.30543288399997, 13.743853654000077 ], [ -89.302688390999947, 13.744196715000044 ], [ -89.302602624999963, 13.744207436000067 ], [ -89.29985813199994, 13.744550498000024 ], [ -89.299841661426328, 13.744863438898724 ], [ -89.299161287999937, 13.757790534000037 ], [ -89.308220259999985, 13.77590847700003 ], [ -89.317976075, 13.789845356000058 ], [ -89.318672918999937, 13.805175924000025 ], [ -89.32494451499997, 13.80796330000004 ], [ -89.324247670999966, 13.839321278000057 ], [ -89.327464926999937, 13.853477205000047 ], [ -89.327731890999985, 13.854651846000024 ], [ -89.336790862999976, 13.855348690000028 ], [ -89.343062457999963, 13.87904138500005 ], [ -89.345849833999978, 13.904127768000023 ], [ -89.332609798999954, 13.909005676000049 ], [ -89.320763450999948, 13.919458335000058 ], [ -89.318672918999937, 13.937576278000051 ], [ -89.322853982999959, 13.939666810000062 ], [ -89.324632136999981, 13.959610965000024 ], [ -89.330519266999943, 13.961965817000078 ], [ -89.36884568499994, 13.961965817000078 ], [ -89.392055709999966, 13.95655434400004 ], [ -89.391940899999952, 13.955608600000062 ], [ -89.398989799999981, 13.949121800000057 ], [ -89.4011339, 13.950384 ], [ -89.409555, 13.94730480000004 ], [ -89.411301099999946, 13.944074300000068 ], [ -89.416319499999986, 13.94090360000007 ], [ -89.424165, 13.932625300000041 ], [ -89.426463699999942, 13.931638600000042 ], [ -89.430036399999949, 13.933479200000022 ], [ -89.433786099999963, 13.930271900000037 ], [ -89.439322199999935, 13.929306100000076 ], [ -89.452279899999951, 13.917057 ], [ -89.452388499999984, 13.911027300000057 ], [ -89.456503099999964, 13.899277200000029 ], [ -89.455674299999941, 13.898683600000027 ], [ -89.458871399999964, 13.893247100000053 ], [ -89.454408199999989, 13.891986800000041 ], [ -89.452058699999952, 13.879133 ], [ -89.450375399999984, 13.87911930000007 ], [ -89.450066549999974, 13.864399542000058 ] ] ] } },
{ "type": "Feature", "properties": { "shapeName": "San Matias", "shapeISO": "", "shapeID": "79315794B64353781119286", "shapeGroup": "SLV", "shapeType": "ADM2" }, "geometry": { "type": "Polygon", "coordinates": [ [ [ -89.324632136999981, 13.959610965000024 ], [ -89.322853982999959, 13.939666810000062 ], [ -89.318672918999937, 13.937576278000051 ], [ -89.320763450999948, 13.919458335000058 ], [ -89.332609798999954, 13.909005676000049 ], [ -89.345849833999978, 13.904127768000023 ], [ -89.343062457999963, 13.87904138500005 ], [ -89.336790862999976, 13.855348690000028 ], [ -89.327731890999985, 13.854651846000024 ], [ -89.327464926999937, 13.853477205000047 ], [ -89.315885542999979, 13.853955002000077 ], [ -89.307523415999981, 13.860226598000054 ], [ -89.297070755999982, 13.858832910000046 ], [ -89.292192847999956, 13.861620285000072 ], [ -89.294283379999968, 13.868588725000052 ], [ -89.301251819999948, 13.871376101000067 ], [ -89.294980223999971, 13.897856172000047 ], [ -89.287314940999977, 13.895765640000036 ], [ -89.284527564999962, 13.904824612000027 ], [ -89.279649656999936, 13.906218300000035 ], [ -89.276165436999975, 13.911096207000071 ], [ -89.283133876999955, 13.922245711000073 ], [ -89.278255968999986, 13.923639399000024 ], [ -89.27144833899996, 13.952799639000034 ], [ -89.278952812999989, 13.950119470000061 ], [ -89.304736039999966, 13.943151030000024 ], [ -89.316582386999983, 13.956391066000037 ], [ -89.324632136999981, 13.959610965000024 ] ] ] } },
{ "type": "Feature", "properties": { "shapeName": "Quezaltepeque", "shapeISO": "", "shapeID": "79315794B6796894377003", "shapeGroup": "SLV", "shapeType": "ADM2" }, "geometry": { "type": "Polygon", "coordinates": [ [ [ -89.269682580999984, 13.953430267000044 ], [ -89.27144833899996, 13.952799639000034 ], [ -89.278255968999986, 13.923639399000024 ], [ -89.283133876999955, 13.922245711000073 ], [ -89.276165436999975, 13.911096207000071 ], [ -89.279649656999936, 13.906218300000035 ], [ -89.284527564999962, 13.904824612000027 ], [ -89.287314940999977, 13.895765640000036 ], [ -89.294980223999971, 13.897856172000047 ], [ -89.301251819999948, 13.871376101000067 ], [ -89.294283379999968, 13.868588725000052 ], [ -89.292192847999956, 13.861620285000072 ], [ -89.297070755999982, 13.858832910000046 ], [ -89.307523415999981, 13.860226598000054 ], [ -89.315885542999979, 13.853955002000077 ], [ -89.327464926999937, 13.853477205000047 ], [ -89.324247670999966, 13.839321278000057 ], [ -89.32494451499997, 13.80796330000004 ], [ -89.318672918999937, 13.805175924000025 ], [ -89.317976075, 13.789845356000058 ], [ -89.308220259999985, 13.77590847700003 ], [ -89.299161287999937, 13.757790534000037 ], [ -89.299841661426328, 13.744863438898724 ], [ -89.272926728999948, 13.751258408000069 ], [ -89.2705547, 13.751822 ], [ -89.269178699999941, 13.753580600000078 ], [ -89.269905599999959, 13.755654900000025 ], [ -89.264794099999961, 13.75632470000005 ], [ -89.26418979999994, 13.758095700000069 ], [ -89.2632554, 13.757327300000043 ], [ -89.261725699999943, 13.764593300000058 ], [ -89.262759499999959, 13.779868100000044 ], [ -89.260367799999983, 13.791647100000034 ], [ -89.261923699999954, 13.800573800000052 ], [ -89.260642299999972, 13.804175100000066 ], [ -89.264135199999942, 13.805370800000048 ], [ -89.264136599999972, 13.81215050000003 ], [ -89.25468, 13.821576300000061 ], [ -89.248969699999975, 13.841238100000055 ], [ -89.24459319999994, 13.84885950000006 ], [ -89.240861699999982, 13.865078800000049 ], [ -89.238053199999968, 13.889540700000055 ], [ -89.235435199999984, 13.896664600000065 ], [ -89.234364699999958, 13.920159900000044 ], [ -89.232131674999948, 13.919795217000058 ], [ -89.225295826999968, 13.943151030000024 ], [ -89.23644533099997, 13.945241562000035 ], [ -89.269682580999984, 13.953430267000044 ] ] ] } },
{ "type": "Feature", "properties": { "shapeName": "Colón", "shapeISO": "", "shapeID": "79315794B90706400022034", "shapeGroup": "SLV", "shapeType": "ADM2" }, "geometry": { "type": "Polygon", "coordinates": [ [ [ -89.42564785999997, 13.733889204000036 ], [ -89.411392134999971, 13.724976539000068 ], [ -89.409271686075968, 13.723625433834178 ], [ -89.40524658399994, 13.72106072400004 ], [ -89.393258637999963, 13.702222523000046 ], [ -89.392748372999961, 13.702526252000041 ], [ -89.381270691999987, 13.709358205000058 ], [ -89.374420436999969, 13.713068760000056 ], [ -89.365001335999978, 13.705362223000066 ], [ -89.328466642999956, 13.704791369000077 ], [ -89.323043524999946, 13.729908970000054 ], [ -89.305347032999975, 13.736473798000077 ], [ -89.302207332999956, 13.738757216000067 ], [ -89.302688390999947, 13.744196715000044 ], [ -89.30543288399997, 13.743853654000077 ], [ -89.333306642999958, 13.753609470000072 ], [ -89.350030897999943, 13.750125250000053 ], [ -89.35908987, 13.758487378000041 ], [ -89.387660472999983, 13.759881066000048 ], [ -89.389054159999944, 13.765455817000031 ], [ -89.396886686999949, 13.777525155000035 ], [ -89.398113131999935, 13.776605321000034 ], [ -89.406475259999979, 13.769636881000054 ], [ -89.412050011999952, 13.773121101000072 ], [ -89.416231074999985, 13.773121101000072 ], [ -89.417624762999935, 13.761971598000059 ], [ -89.428574140999956, 13.758890853000025 ], [ -89.42392423299998, 13.750013755000055 ], [ -89.421248351999964, 13.743324053000038 ], [ -89.422586291999949, 13.738864251000052 ], [ -89.42564785999997, 13.733889204000036 ] ] ] } },
{ "type": "Feature", "properties": { "shapeName": "Talnique", "shapeISO": "", "shapeID": "79315794B64720154459307", "shapeGroup": "SLV", "shapeType": "ADM2" }, "geometry": { "type": "Polygon", "coordinates": [ [ [ -89.431563297999958, 13.668642506000026 ], [ -89.421805826999957, 13.664413441000022 ], [ -89.415422581999962, 13.658668522000028 ], [ -89.407422967999935, 13.659925766000072 ], [ -89.403855125999939, 13.664831548000052 ], [ -89.394043562999968, 13.671075270000074 ], [ -89.370406615999968, 13.682670754000071 ], [ -89.345877707999989, 13.686238595000077 ], [ -89.35479731099997, 13.697388098000033 ], [ -89.364162893999946, 13.692928297000037 ], [ -89.386461900999961, 13.695158198000058 ], [ -89.392748372999961, 13.702526252000041 ], [ -89.393258637999963, 13.702222523000046 ], [ -89.40524658399994, 13.72106072400004 ], [ -89.409271686075968, 13.723625433834178 ], [ -89.416927918999988, 13.70692092400003 ], [ -89.417624762999935, 13.697861952000039 ], [ -89.422502670999961, 13.678350321000039 ], [ -89.431563297999958, 13.668642506000026 ] ] ] } },
{ "type": "Feature", "properties": { "shapeName": "Comasagua", "shapeISO": "", "shapeID": "79315794B83830652945762", "shapeGroup": "SLV", "shapeType": "ADM2" }, "geometry": { "type": "Polygon", "coordinates": [ [ [ -89.385170334999941, 13.557516343000032 ], [ -89.37670385499996, 13.561506869000027 ], [ -89.365001335999978, 13.546950077000076 ], [ -89.352442535999955, 13.554656614000066 ], [ -89.343879716999936, 13.608031517000029 ], [ -89.339883734999944, 13.624871727000027 ], [ -89.335602325999957, 13.633434546000046 ], [ -89.334746043999985, 13.643995356000062 ], [ -89.337029461999975, 13.643995356000062 ], [ -89.339027452999972, 13.68709487700005 ], [ -89.345877707999989, 13.686238595000077 ], [ -89.370406615999968, 13.682670754000071 ], [ -89.394043562999968, 13.671075270000074 ], [ -89.403855125999939, 13.664831548000052 ], [ -89.407422967999935, 13.659925766000072 ], [ -89.415422581999962, 13.658668522000028 ], [ -89.414837386999977, 13.658141846000035 ], [ -89.428774266999937, 13.644204966000075 ], [ -89.42041213899995, 13.640023902000053 ], [ -89.415534230999981, 13.629571243000044 ], [ -89.400203663999946, 13.605878548000021 ], [ -89.398809975999939, 13.587760605000028 ], [ -89.391144691999955, 13.573823725000068 ], [ -89.385569940999972, 13.558493158000033 ], [ -89.385170334999941, 13.557516343000032 ] ] ] } },
{ "type": "Feature", "properties": { "shapeName": "Santa Tecla", "shapeISO": "", "shapeID": "79315794B65816888820880", "shapeGroup": "SLV", "shapeType": "ADM2" }, "geometry": { "type": "Polygon", "coordinates": [ [ [ -89.302688390999947, 13.744196715000044 ], [ -89.302207332999956, 13.738757216000067 ], [ -89.305347032999975, 13.736473798000077 ], [ -89.323043524999946, 13.729908970000054 ], [ -89.328466642999956, 13.704791369000077 ], [ -89.365001335999978, 13.705362223000066 ], [ -89.374420436999969, 13.713068760000056 ], [ -89.381270691999987, 13.709358205000058 ], [ -89.392748372999961, 13.702526252000041 ], [ -89.386461900999961, 13.695158198000058 ], [ -89.364162893999946, 13.692928297000037 ], [ -89.35479731099997, 13.697388098000033 ], [ -89.345877707999989, 13.686238595000077 ], [ -89.339027452999972, 13.68709487700005 ], [ -89.337029461999975, 13.643995356000062 ], [ -89.334746043999985, 13.643995356000062 ], [ -89.335602325999957, 13.633434546000046 ], [ -89.339883734999944, 13.624871727000027 ], [ -89.343879716999936, 13.608031517000029 ], [ -89.352442535999955, 13.554656614000066 ], [ -89.341417906999936, 13.549322691000043 ], [ -89.338296045999982, 13.543970929000068 ], [ -89.324024680999969, 13.543524949000073 ], [ -89.319118898999989, 13.551106612000069 ], [ -89.321348799999953, 13.600164427000038 ], [ -89.30440155499997, 13.634504898000046 ], [ -89.288015729464234, 13.638501441294471 ], [ -89.286116368999956, 13.638964700000031 ], [ -89.284373609999989, 13.650815461000036 ], [ -89.283886467999935, 13.654128024000045 ], [ -89.289238229999967, 13.668399389000058 ], [ -89.287900289999982, 13.673305171000038 ], [ -89.274966864999953, 13.673305171000038 ], [ -89.274775121999937, 13.673957097000027 ], [ -89.270507063999958, 13.688468495000052 ], [ -89.274966864999953, 13.714781324000057 ], [ -89.28344048799994, 13.721917006000069 ], [ -89.284332447999986, 13.734850430000051 ], [ -89.273628924999969, 13.738418271000057 ], [ -89.270507063999958, 13.743770033000033 ], [ -89.271815889999971, 13.747820584000067 ], [ -89.272926728999948, 13.751258408000069 ], [ -89.299841661426328, 13.744863438898724 ], [ -89.29985813199994, 13.744550498000024 ], [ -89.302602624999963, 13.744207436000067 ], [ -89.302688390999947, 13.744196715000044 ] ] ] } },
{ "type": "Feature", "properties": { "shapeName": "Zaragoza", "shapeISO": "", "shapeID": "79315794B55375051519151", "shapeGroup": "SLV", "shapeType": "ADM2" }, "geometry": { "type": "Polygon", "coordinates": [ [ [ -89.319118898999989, 13.551106612000069 ], [ -89.297711852999953, 13.551552592000064 ], [ -89.296819891999974, 13.588568944000031 ], [ -89.300387733999969, 13.589906884000072 ], [ -89.299941752999985, 13.598380507000059 ], [ -89.295481951999989, 13.60819207000003 ], [ -89.295927931999984, 13.626477256000044 ], [ -89.289134221999973, 13.636801666000054 ], [ -89.288015729464234, 13.638501441294471 ], [ -89.30440155499997, 13.634504898000046 ], [ -89.321348799999953, 13.600164427000038 ], [ -89.319118898999989, 13.551106612000069 ] ] ] } },
{ "type": "Feature", "properties": { "shapeName": "Nuevo Cuscatlán", "shapeISO": "", "shapeID": "79315794B57511949533028", "shapeGroup": "SLV", "shapeType": "ADM2" }, "geometry": { "type": "Polygon", "coordinates": [ [ [ -89.284373609999989, 13.650815461000036 ], [ -89.270507063999958, 13.65279008400006 ], [ -89.260729265999942, 13.653963419000036 ], [ -89.259357559999955, 13.654128024000045 ], [ -89.25891157999996, 13.660817727000051 ], [ -89.261587460999976, 13.669737329000043 ], [ -89.274775121999937, 13.673957097000027 ], [ -89.274966864999953, 13.673305171000038 ], [ -89.287900289999982, 13.673305171000038 ], [ -89.289238229999967, 13.668399389000058 ], [ -89.283886467999935, 13.654128024000045 ], [ -89.284373609999989, 13.650815461000036 ] ] ] } },
{ "type": "Feature", "properties": { "shapeName": "El Carrizal", "shapeISO": "", "shapeID": "79315794B80367069215289", "shapeGroup": "SLV", "shapeType": "ADM2" }, "geometry": { "type": "Polygon", "coordinates": [ [ [ -88.933681941999964, 14.203188232000059 ], [ -88.937359897999954, 14.193318016000035 ], [ -88.934684016999938, 14.175478810000072 ], [ -88.922642552999946, 14.166559208000024 ], [ -88.920858632999966, 14.167005188000076 ], [ -88.912830989999975, 14.162991366000028 ], [ -88.906587267999953, 14.167451168000071 ], [ -88.894991784999945, 14.16923508800005 ], [ -88.894376638999972, 14.169481146000066 ], [ -88.89053198299996, 14.171019009000076 ], [ -88.888302081999939, 14.177708711000037 ], [ -88.88057990599998, 14.186945979000029 ], [ -88.881433799999968, 14.189255 ], [ -88.883719, 14.18971270000003 ], [ -88.884952799999951, 14.188090100000068 ], [ -88.891186299999958, 14.191782600000067 ], [ -88.895606499999985, 14.19016 ], [ -88.900466699999981, 14.191002500000025 ], [ -88.900574, 14.194882200000052 ], [ -88.903513699999962, 14.197576100000049 ], [ -88.902709, 14.205668 ], [ -88.91835169999996, 14.207977 ], [ -88.920915899999954, 14.20714490000006 ], [ -88.922847099999956, 14.20850740000003 ], [ -88.92853329999997, 14.205740800000058 ], [ -88.930228499999942, 14.203286200000036 ], [ -88.933681941999964, 14.203188232000059 ] ] ] } },
{ "type": "Feature", "properties": { "shapeName": "La Laguna", "shapeISO": "", "shapeID": "79315794B29924680071783", "shapeGroup": "SLV", "shapeType": "ADM2" }, "geometry": { "type": "Polygon", "coordinates": [ [ [ -88.963479905999975, 14.194880914000066 ], [ -88.949401361999946, 14.172802929000056 ], [ -88.949401361999946, 14.159423525000022 ], [ -88.94003577899997, 14.14069235900007 ], [ -88.933346076999953, 14.142922260000034 ], [ -88.922246812008225, 14.143646124861222 ], [ -88.912830989999975, 14.144260200000076 ], [ -88.909709128999964, 14.147828042000071 ], [ -88.91327696999997, 14.154517744000032 ], [ -88.912830989999975, 14.162991366000028 ], [ -88.920858632999966, 14.167005188000076 ], [ -88.922642552999946, 14.166559208000024 ], [ -88.934684016999938, 14.175478810000072 ], [ -88.937359897999954, 14.193318016000035 ], [ -88.933681941999964, 14.203188232000059 ], [ -88.937373899999955, 14.204045500000063 ], [ -88.940742799999953, 14.202787 ], [ -88.943800499999952, 14.205647200000044 ], [ -88.9468475, 14.20494 ], [ -88.948124199999938, 14.206801700000028 ], [ -88.955020199999979, 14.206310300000041 ], [ -88.958571399999983, 14.209097600000064 ], [ -88.961049799999955, 14.208328 ], [ -88.962122599999987, 14.212082600000031 ], [ -88.964890699999955, 14.21117780000003 ], [ -88.966726946999984, 14.21225843600007 ], [ -88.963282493999941, 14.194711704000042 ], [ -88.963479905999975, 14.194880914000066 ] ] ] } },
{ "type": "Feature", "properties": { "shapeName": "Comalapa", "shapeISO": "", "shapeID": "79315794B24722198093505", "shapeGroup": "SLV", "shapeType": "ADM2" }, "geometry": { "type": "Polygon", "coordinates": [ [ [ -88.97600874799997, 14.172066912000048 ], [ -88.970808408999972, 14.167005188000076 ], [ -88.96947046799994, 14.141584322000028 ], [ -88.971254388999967, 14.130880796000042 ], [ -88.946279500999935, 14.134894617000043 ], [ -88.94003577899997, 14.14069235900007 ], [ -88.949401361999946, 14.159423525000022 ], [ -88.949401361999946, 14.172802929000056 ], [ -88.963479905999975, 14.194880914000066 ], [ -88.968160401999967, 14.198892768000064 ], [ -88.972341464999943, 14.192621172000031 ], [ -88.975825684999961, 14.182865356000036 ], [ -88.975825684999961, 14.172412697000027 ], [ -88.97600874799997, 14.172066912000048 ] ] ] } },
{ "type": "Feature", "properties": { "shapeName": "Santa Rita", "shapeISO": "", "shapeID": "79315794B29196841489463", "shapeGroup": "SLV", "shapeType": "ADM2" }, "geometry": { "type": "MultiPolygon", "coordinates": [ [ [ [ -89.048994301999983, 14.075388789000044 ], [ -89.051163109999948, 14.075667844000066 ], [ -89.048994301999983, 14.074854541000036 ], [ -89.048994301999983, 14.075388789000044 ] ] ], [ [ [ -89.016939479999962, 14.132692590000033 ], [ -89.014152103999947, 14.125027307000039 ], [ -89.023211074999949, 14.115968335000048 ], [ -89.035057422999955, 14.109696739000071 ], [ -89.047600613999975, 14.094366172000036 ], [ -89.048994301999983, 14.078338761000055 ], [ -89.048994301999983, 14.075388789000044 ], [ -89.029677786999969, 14.072903378000035 ], [ -89.027893866999989, 14.067997596000055 ], [ -89.022096124999962, 14.064429755000049 ], [ -89.019866223999941, 14.071119457000066 ], [ -89.015406422999945, 14.074687298000072 ], [ -89.017190342999982, 14.077809159000026 ], [ -89.008716720999985, 14.084944842000027 ], [ -89.006040839999969, 14.084052881000048 ], [ -88.997121236999988, 14.092972484000029 ], [ -88.993107415999987, 14.092972484000029 ], [ -88.991222118999985, 14.097120138000037 ], [ -88.990877514999966, 14.097878266000066 ], [ -88.993107415999987, 14.107689829000037 ], [ -88.988647613999944, 14.107689829000037 ], [ -88.978836050999973, 14.117501392000065 ], [ -88.96947046799994, 14.124191094000025 ], [ -88.971254388999967, 14.130880796000042 ], [ -88.96947046799994, 14.141584322000028 ], [ -88.970808408999972, 14.167005188000076 ], [ -88.97600874799997, 14.172066912000048 ], [ -88.982097280999938, 14.160566349000021 ], [ -88.98627834499996, 14.16405056900004 ], [ -88.992549940999936, 14.16405056900004 ], [ -88.996034159999965, 14.159869505000074 ], [ -88.997427847999973, 14.145235782000043 ], [ -89.006486819999964, 14.136176810000052 ], [ -89.016939479999962, 14.132692590000033 ] ] ] ] } },
{ "type": "Feature", "properties": { "shapeName": "Ojos de Agua", "shapeISO": "", "shapeID": "79315794B88702349883992", "shapeGroup": "SLV", "shapeType": "ADM2" }, "geometry": { "type": "Polygon", "coordinates": [ [ [ -88.894376638999972, 14.169481146000066 ], [ -88.896329724999987, 14.150949903000026 ], [ -88.894545803999961, 14.136232558000074 ], [ -88.883842280999943, 14.131772756000032 ], [ -88.878936498999963, 14.124637074000077 ], [ -88.878936498999963, 14.116163451000034 ], [ -88.876260618999936, 14.108135809000032 ], [ -88.86689503599996, 14.105459928000073 ], [ -88.859313372999964, 14.105013948000021 ], [ -88.853069650999942, 14.093418464000024 ], [ -88.846825928999976, 14.092526504000034 ], [ -88.833320169999979, 14.098013219000052 ], [ -88.832554564999953, 14.098324246000061 ], [ -88.83081935499996, 14.107788226000025 ], [ -88.829803899999945, 14.112210900000036 ], [ -88.833913099999961, 14.115207600000076 ], [ -88.836702599999967, 14.122095500000057 ], [ -88.836198299999978, 14.12451980000003 ], [ -88.840189399999986, 14.128202900000076 ], [ -88.839599299999975, 14.131230600000038 ], [ -88.84694049999996, 14.130931400000065 ], [ -88.848056299999939, 14.139077800000052 ], [ -88.846232399999963, 14.140627900000027 ], [ -88.849923199999978, 14.14495590000007 ], [ -88.84920429999994, 14.149377300000026 ], [ -88.858517, 14.152820800000029 ], [ -88.859750799999972, 14.163150900000062 ], [ -88.862315, 14.168055800000047 ], [ -88.860287199999959, 14.172237500000051 ], [ -88.864230099999986, 14.173709400000064 ], [ -88.866681599999936, 14.178619200000071 ], [ -88.871171599999968, 14.180070300000068 ], [ -88.872105, 14.182722800000022 ], [ -88.875785, 14.185754900000063 ], [ -88.878638899999942, 14.184933200000046 ], [ -88.88057990599998, 14.186945979000029 ], [ -88.888302081999939, 14.177708711000037 ], [ -88.89053198299996, 14.171019009000076 ], [ -88.894376638999972, 14.169481146000066 ] ] ] } },
{ "type": "Feature", "properties": { "shapeName": "Las Vueltas", "shapeISO": "", "shapeID": "79315794B51225933452893", "shapeGroup": "SLV", "shapeType": "ADM2" }, "geometry": { "type": "Polygon", "coordinates": [ [ [ -88.912830989999975, 14.162991366000028 ], [ -88.91327696999997, 14.154517744000032 ], [ -88.909709128999964, 14.147828042000071 ], [ -88.912830989999975, 14.144260200000076 ], [ -88.922246812008225, 14.143646124861222 ], [ -88.923562386999947, 14.121543087000077 ], [ -88.916593947999957, 14.112484115000029 ], [ -88.916264297999987, 14.112170947000038 ], [ -88.902657067999939, 14.099244080000062 ], [ -88.903353911999943, 14.09506301600004 ], [ -88.880358060999981, 14.073460853000029 ], [ -88.869905401999972, 14.073460853000029 ], [ -88.862936961999935, 14.054646066000032 ], [ -88.857821874999956, 14.046689265000055 ], [ -88.856665365999959, 14.044890250000037 ], [ -88.852484301999937, 14.065795569000045 ], [ -88.853069650999942, 14.093418464000024 ], [ -88.859313372999964, 14.105013948000021 ], [ -88.86689503599996, 14.105459928000073 ], [ -88.876260618999936, 14.108135809000032 ], [ -88.878936498999963, 14.116163451000034 ], [ -88.878936498999963, 14.124637074000077 ], [ -88.883842280999943, 14.131772756000032 ], [ -88.894545803999961, 14.136232558000074 ], [ -88.896329724999987, 14.150949903000026 ], [ -88.894376638999972, 14.169481146000066 ], [ -88.894991784999945, 14.16923508800005 ], [ -88.906587267999953, 14.167451168000071 ], [ -88.912830989999975, 14.162991366000028 ] ] ] } },
{ "type": "Feature", "properties": { "shapeName": "Concepcion Quezaltepeque", "shapeISO": "", "shapeID": "79315794B30507553712048", "shapeGroup": "SLV", "shapeType": "ADM2" }, "geometry": { "type": "Polygon", "coordinates": [ [ [ -88.94003577899997, 14.14069235900007 ], [ -88.946279500999935, 14.134894617000043 ], [ -88.971254388999967, 14.130880796000042 ], [ -88.96947046799994, 14.124191094000025 ], [ -88.978836050999973, 14.117501392000065 ], [ -88.988647613999944, 14.107689829000037 ], [ -88.993107415999987, 14.107689829000037 ], [ -88.990877514999966, 14.097878266000066 ], [ -88.991222118999985, 14.097120138000037 ], [ -88.982814193999957, 14.097253893000072 ], [ -88.979103638999959, 14.088405647000059 ], [ -88.973680520999949, 14.08241167400007 ], [ -88.969399110999973, 14.08241167400007 ], [ -88.965117701999986, 14.078415692000021 ], [ -88.963975992999963, 14.079842829000029 ], [ -88.958838301999947, 14.079271974000051 ], [ -88.938287536999951, 14.086978511000041 ], [ -88.936289545999955, 14.083553383000037 ], [ -88.922018180999942, 14.083838811000021 ], [ -88.920020189999946, 14.099537312000052 ], [ -88.916264297999987, 14.112170947000038 ], [ -88.916593947999957, 14.112484115000029 ], [ -88.923562386999947, 14.121543087000077 ], [ -88.922246812008225, 14.143646124861222 ], [ -88.933346076999953, 14.142922260000034 ], [ -88.94003577899997, 14.14069235900007 ] ] ] } },
{ "type": "Feature", "properties": { "shapeName": "Chalatenago", "shapeISO": "", "shapeID": "79315794B44742877117508", "shapeGroup": "SLV", "shapeType": "ADM2" }, "geometry": { "type": "Polygon", "coordinates": [ [ [ -89.022096124999962, 14.064429755000049 ], [ -89.017190342999982, 14.055956132000063 ], [ -89.013622501999976, 14.053280251000047 ], [ -89.012284562, 14.039008887000023 ], [ -88.995337315999961, 14.037670946000048 ], [ -88.990431534999971, 14.034103105000042 ], [ -88.990431534999971, 14.030981244000031 ], [ -88.98641771399997, 14.025183503000051 ], [ -88.983741832999954, 14.016709880000064 ], [ -88.977944090999983, 14.014925959000038 ], [ -88.976606150999942, 14.010466158000042 ], [ -88.971254388999967, 14.006898317000037 ], [ -88.966348606999986, 14.006898317000037 ], [ -88.964118706999955, 14.002438515000051 ], [ -88.963825459999953, 14.003220508000027 ], [ -88.956091063999963, 14.023845562000076 ], [ -88.947171460999982, 14.030089284000042 ], [ -88.926210393999952, 14.030089284000042 ], [ -88.921555272999967, 14.028396513000075 ], [ -88.921304612999961, 14.028305364000062 ], [ -88.896775704999982, 14.030981244000031 ], [ -88.888695593999955, 14.028961216000027 ], [ -88.884288260999938, 14.027859383000077 ], [ -88.878490518999968, 14.024737522000066 ], [ -88.870462876999966, 14.029197324000052 ], [ -88.863837669999953, 14.031535632000043 ], [ -88.86288121399997, 14.031873205000068 ], [ -88.857529452999984, 14.038562907000028 ], [ -88.857821874999956, 14.046689265000055 ], [ -88.862936961999935, 14.054646066000032 ], [ -88.869905401999972, 14.073460853000029 ], [ -88.880358060999981, 14.073460853000029 ], [ -88.903353911999943, 14.09506301600004 ], [ -88.902657067999939, 14.099244080000062 ], [ -88.916264297999987, 14.112170947000038 ], [ -88.920020189999946, 14.099537312000052 ], [ -88.922018180999942, 14.083838811000021 ], [ -88.936289545999955, 14.083553383000037 ], [ -88.938287536999951, 14.086978511000041 ], [ -88.958838301999947, 14.079271974000051 ], [ -88.963975992999963, 14.079842829000029 ], [ -88.965117701999986, 14.078415692000021 ], [ -88.969399110999973, 14.08241167400007 ], [ -88.973680520999949, 14.08241167400007 ], [ -88.979103638999959, 14.088405647000059 ], [ -88.982814193999957, 14.097253893000072 ], [ -88.991222118999985, 14.097120138000037 ], [ -88.993107415999987, 14.092972484000029 ], [ -88.997121236999988, 14.092972484000029 ], [ -89.006040839999969, 14.084052881000048 ], [ -89.008716720999985, 14.084944842000027 ], [ -89.017190342999982, 14.077809159000026 ], [ -89.015406422999945, 14.074687298000072 ], [ -89.019866223999941, 14.071119457000066 ], [ -89.022096124999962, 14.064429755000049 ] ] ] } },
{ "type": "Feature", "properties": { "shapeName": "San Jose Villanueva", "shapeISO": "", "shapeID": "79315794B45562191663104", "shapeGroup": "SLV", "shapeType": "ADM2" }, "geometry": { "type": "Polygon", "coordinates": [ [ [ -89.297711852999953, 13.551552592000064 ], [ -89.295035971999937, 13.547092790000022 ], [ -89.291022150999936, 13.547538771000063 ], [ -89.287454308999941, 13.540403088000062 ], [ -89.271399023999948, 13.539065148000077 ], [ -89.271399023999948, 13.534605346000035 ], [ -89.260695500999987, 13.526577704000033 ], [ -89.260249520999935, 13.522117902000048 ], [ -89.258465599999965, 13.522117902000048 ], [ -89.256235698999944, 13.518996041000037 ], [ -89.253113838, 13.517658101000052 ], [ -89.253126438999971, 13.518090724000047 ], [ -89.254451778999965, 13.563594056000056 ], [ -89.265155301999982, 13.588122963000046 ], [ -89.270061083999963, 13.590798844000062 ], [ -89.271399023999948, 13.596150606000037 ], [ -89.277196765999975, 13.597934527000064 ], [ -89.28254852799995, 13.613989812000057 ], [ -89.286562348999951, 13.621125494000069 ], [ -89.289134221999973, 13.636801666000054 ], [ -89.295927931999984, 13.626477256000044 ], [ -89.295481951999989, 13.60819207000003 ], [ -89.299941752999985, 13.598380507000059 ], [ -89.300387733999969, 13.589906884000072 ], [ -89.296819891999974, 13.588568944000031 ], [ -89.297711852999953, 13.551552592000064 ] ] ] } },
{ "type": "Feature", "properties": { "shapeName": "Huizucar", "shapeISO": "", "shapeID": "79315794B67275787236305", "shapeGroup": "SLV", "shapeType": "ADM2" }, "geometry": { "type": "Polygon", "coordinates": [ [ [ -89.288015729464234, 13.638501441294471 ], [ -89.289134221999973, 13.636801666000054 ], [ -89.286562348999951, 13.621125494000069 ], [ -89.28254852799995, 13.613989812000057 ], [ -89.277196765999975, 13.597934527000064 ], [ -89.271399023999948, 13.596150606000037 ], [ -89.270061083999963, 13.590798844000062 ], [ -89.265155301999982, 13.588122963000046 ], [ -89.254451778999965, 13.563594056000056 ], [ -89.253126438999971, 13.518090724000047 ], [ -89.239288453999961, 13.519442022000021 ], [ -89.224465651999935, 13.518718958000022 ], [ -89.221003267999947, 13.518550061000042 ], [ -89.221003267999947, 13.524347803000069 ], [ -89.223679148999963, 13.527023684000028 ], [ -89.221449247999942, 13.534605346000035 ], [ -89.225463069999989, 13.536389267000061 ], [ -89.225463069999989, 13.539957108000067 ], [ -89.229922870999985, 13.544862890000047 ], [ -89.234382672999971, 13.544862890000047 ], [ -89.240180413999951, 13.549768671000038 ], [ -89.238842473999966, 13.565377976000036 ], [ -89.233490712, 13.573405619000027 ], [ -89.231706791999954, 13.602840308000054 ], [ -89.232255904999988, 13.604487647000042 ], [ -89.234828652999965, 13.612205891000031 ], [ -89.23616659299995, 13.627369216000034 ], [ -89.227692969999964, 13.639410680000026 ], [ -89.227323835999982, 13.646055098000033 ], [ -89.227246989999969, 13.647438322000028 ], [ -89.245086195999988, 13.646992342000033 ], [ -89.245294040002392, 13.647134551053023 ], [ -89.253559818999975, 13.65279008400006 ], [ -89.260729265999942, 13.653963419000036 ], [ -89.270507063999958, 13.65279008400006 ], [ -89.284373609999989, 13.650815461000036 ], [ -89.286116368999956, 13.638964700000031 ], [ -89.288015729464234, 13.638501441294471 ] ] ] } },
{ "type": "Feature", "properties": { "shapeName": "Antiguo Cuscatlan", "shapeISO": "", "shapeID": "79315794B97564710343662", "shapeGroup": "SLV", "shapeType": "ADM2" }, "geometry": { "type": "Polygon", "coordinates": [ [ [ -89.274775121999937, 13.673957097000027 ], [ -89.261587460999976, 13.669737329000043 ], [ -89.25891157999996, 13.660817727000051 ], [ -89.259357559999955, 13.654128024000045 ], [ -89.260729265999942, 13.653963419000036 ], [ -89.253559818999975, 13.65279008400006 ], [ -89.245294040002392, 13.647134551053023 ], [ -89.245532175999983, 13.652344104000065 ], [ -89.248654036999937, 13.656803905000061 ], [ -89.248654036999937, 13.662601647000031 ], [ -89.241964334999977, 13.668399389000058 ], [ -89.239288453999961, 13.668399389000058 ], [ -89.23527463299996, 13.671967230000064 ], [ -89.233902385999954, 13.67402560000005 ], [ -89.232598751999944, 13.675981051000065 ], [ -89.236612572999945, 13.678210952000029 ], [ -89.237504533999982, 13.683562714000061 ], [ -89.243748255999947, 13.689806436000026 ], [ -89.244194235999942, 13.703631820000055 ], [ -89.247762076999948, 13.706307701000071 ], [ -89.251329917999954, 13.706307701000071 ], [ -89.257127659999981, 13.712551423000036 ], [ -89.274966864999953, 13.714781324000057 ], [ -89.270507063999958, 13.688468495000052 ], [ -89.274775121999937, 13.673957097000027 ] ] ] } },
{ "type": "Feature", "properties": { "shapeName": "Nejapa", "shapeISO": "", "shapeID": "79315794B50555596847343", "shapeGroup": "SLV", "shapeType": "ADM2" }, "geometry": { "type": "Polygon", "coordinates": [ [ [ -89.232131674999948, 13.919795217000058 ], [ -89.234364699999958, 13.920159900000044 ], [ -89.235435199999984, 13.896664600000065 ], [ -89.238053199999968, 13.889540700000055 ], [ -89.240861699999982, 13.865078800000049 ], [ -89.24459319999994, 13.84885950000006 ], [ -89.248969699999975, 13.841238100000055 ], [ -89.25468, 13.821576300000061 ], [ -89.264136599999972, 13.81215050000003 ], [ -89.264135199999942, 13.805370800000048 ], [ -89.260642299999972, 13.804175100000066 ], [ -89.261923699999954, 13.800573800000052 ], [ -89.260367799999983, 13.791647100000034 ], [ -89.262759499999959, 13.779868100000044 ], [ -89.261725699999943, 13.764593300000058 ], [ -89.2632554, 13.757327300000043 ], [ -89.26418979999994, 13.758095700000069 ], [ -89.264794099999961, 13.75632470000005 ], [ -89.269905599999959, 13.755654900000025 ], [ -89.269178699999941, 13.753580600000078 ], [ -89.2705547, 13.751822 ], [ -89.272926728999948, 13.751258408000069 ], [ -89.271815889999971, 13.747820584000067 ], [ -89.260743292999962, 13.748529904000065 ], [ -89.258465599999965, 13.74867581500007 ], [ -89.253559818999975, 13.753135616000066 ], [ -89.249097998999957, 13.757191815000056 ], [ -89.248654036999937, 13.757595417000061 ], [ -89.254451778999965, 13.762501199000042 ], [ -89.255343738999954, 13.766961 ], [ -89.252667857999938, 13.769190901000059 ], [ -89.253559818999975, 13.787922067000068 ], [ -89.244194235999942, 13.79907157100007 ], [ -89.226355029999979, 13.803531372000066 ], [ -89.20762386399997, 13.816018816000053 ], [ -89.200934161999953, 13.82360047800006 ], [ -89.196474359999968, 13.825384399000029 ], [ -89.200934161999953, 13.838763803000063 ], [ -89.207177883999975, 13.842331644000069 ], [ -89.204947982999954, 13.84946732700007 ], [ -89.201826121999943, 13.853927128000066 ], [ -89.190230637999946, 13.857048989000077 ], [ -89.190153657999986, 13.857934255000032 ], [ -89.189338677999956, 13.867306532000043 ], [ -89.196028379999973, 13.876672115000076 ], [ -89.201380141999948, 13.87979397600003 ], [ -89.205393962999949, 13.889605539000058 ], [ -89.203610042999969, 13.897187202000055 ], [ -89.208069843999965, 13.908782685000062 ], [ -89.21135894799994, 13.911793051000075 ], [ -89.223902138999961, 13.911096207000071 ], [ -89.233657954999956, 13.914580427000033 ], [ -89.232131674999948, 13.919795217000058 ] ] ] } },
{ "type": "Feature", "properties": { "shapeName": "San Salvador", "shapeISO": "", "shapeID": "79315794B23581403220274", "shapeGroup": "SLV", "shapeType": "ADM2" }, "geometry": { "type": "Polygon", "coordinates": [ [ [ -89.274966864999953, 13.714781324000057 ], [ -89.257127659999981, 13.712551423000036 ], [ -89.251329917999954, 13.706307701000071 ], [ -89.247762076999948, 13.706307701000071 ], [ -89.244194235999942, 13.703631820000055 ], [ -89.243748255999947, 13.689806436000026 ], [ -89.237504533999982, 13.683562714000061 ], [ -89.236612572999945, 13.678210952000029 ], [ -89.232598751999944, 13.675981051000065 ], [ -89.233902385999954, 13.67402560000005 ], [ -89.23126081199996, 13.661263707000046 ], [ -89.228138950999949, 13.655911945000071 ], [ -89.225463069999989, 13.659925766000072 ], [ -89.221449247999942, 13.660371746000067 ], [ -89.208069843999965, 13.673751151000033 ], [ -89.204056022999964, 13.673751151000033 ], [ -89.198704260999989, 13.68044085300005 ], [ -89.189784657999951, 13.68133281300004 ], [ -89.186216816999945, 13.684454674000051 ], [ -89.178189174999943, 13.685346634000041 ], [ -89.177743194999948, 13.702739860000065 ], [ -89.174621333999937, 13.706753681000066 ], [ -89.17261442299997, 13.711436473000049 ], [ -89.171945452999978, 13.712997403000031 ], [ -89.182202995999944, 13.719241125000053 ], [ -89.183523356999956, 13.730684260000032 ], [ -89.183540935999986, 13.73083660900005 ], [ -89.187019581309428, 13.729677060390221 ], [ -89.190230637999946, 13.728606708000029 ], [ -89.212083664999966, 13.729052688000024 ], [ -89.221449247999942, 13.731282589000045 ], [ -89.226355029999979, 13.728606708000029 ], [ -89.231706791999954, 13.728606708000029 ], [ -89.245532175999983, 13.736634351000077 ], [ -89.253559818999975, 13.73172856900004 ], [ -89.261141480999981, 13.733958470000061 ], [ -89.260743292999962, 13.748529904000065 ], [ -89.271815889999971, 13.747820584000067 ], [ -89.270507063999958, 13.743770033000033 ], [ -89.273628924999969, 13.738418271000057 ], [ -89.284332447999986, 13.734850430000051 ], [ -89.28344048799994, 13.721917006000069 ], [ -89.274966864999953, 13.714781324000057 ] ] ] } },
{ "type": "Feature", "properties": { "shapeName": "San Marcos", "shapeISO": "", "shapeID": "79315794B60166083872241", "shapeGroup": "SLV", "shapeType": "ADM2" }, "geometry": { "type": "Polygon", "coordinates": [ [ [ -89.227323835999982, 13.646055098000033 ], [ -89.220111307999957, 13.646100382000043 ], [ -89.216989446999946, 13.648776263000059 ], [ -89.208069843999965, 13.642532541000037 ], [ -89.202718082, 13.644762441000069 ], [ -89.199150240999984, 13.651452144000075 ], [ -89.194244459999936, 13.651006163000034 ], [ -89.192906518999962, 13.654128024000045 ], [ -89.180865055999959, 13.655465965000076 ], [ -89.169269571999962, 13.660817727000051 ], [ -89.171945452999978, 13.680886833000045 ], [ -89.178189174999943, 13.685346634000041 ], [ -89.186216816999945, 13.684454674000051 ], [ -89.189784657999951, 13.68133281300004 ], [ -89.198704260999989, 13.68044085300005 ], [ -89.204056022999964, 13.673751151000033 ], [ -89.208069843999965, 13.673751151000033 ], [ -89.221449247999942, 13.660371746000067 ], [ -89.225463069999989, 13.659925766000072 ], [ -89.228138950999949, 13.655911945000071 ], [ -89.23126081199996, 13.661263707000046 ], [ -89.233902385999954, 13.67402560000005 ], [ -89.23527463299996, 13.671967230000064 ], [ -89.239288453999961, 13.668399389000058 ], [ -89.241964334999977, 13.668399389000058 ], [ -89.248654036999937, 13.662601647000031 ], [ -89.248654036999937, 13.656803905000061 ], [ -89.245532175999983, 13.652344104000065 ], [ -89.245294040002392, 13.647134551053023 ], [ -89.245086195999988, 13.646992342000033 ], [ -89.227246989999969, 13.647438322000028 ], [ -89.227323835999982, 13.646055098000033 ] ] ] } },
{ "type": "Feature", "properties": { "shapeName": "Mejicanos", "shapeISO": "", "shapeID": "79315794B64508526570153", "shapeGroup": "SLV", "shapeType": "ADM2" }, "geometry": { "type": "Polygon", "coordinates": [ [ [ -89.260743292999962, 13.748529904000065 ], [ -89.261141480999981, 13.733958470000061 ], [ -89.253559818999975, 13.73172856900004 ], [ -89.245532175999983, 13.736634351000077 ], [ -89.231706791999954, 13.728606708000029 ], [ -89.226355029999979, 13.728606708000029 ], [ -89.221449247999942, 13.731282589000045 ], [ -89.212083664999966, 13.729052688000024 ], [ -89.190230637999946, 13.728606708000029 ], [ -89.187019581309428, 13.729677060390221 ], [ -89.191122598999982, 13.734850430000051 ], [ -89.194690439999988, 13.737972291000062 ], [ -89.190676618999987, 13.741986112000063 ], [ -89.190085995999937, 13.745529846000068 ], [ -89.189784657999951, 13.747337874000038 ], [ -89.195136419999983, 13.745999934000054 ], [ -89.197029731999976, 13.744948094000051 ], [ -89.199150240999984, 13.743770033000033 ], [ -89.20673190399998, 13.738864251000052 ], [ -89.219219347999967, 13.745553954000059 ], [ -89.219219347999967, 13.757149437000066 ], [ -89.229030910999938, 13.748229834000028 ], [ -89.23705855299994, 13.74956777500006 ], [ -89.239288453999961, 13.760271298000077 ], [ -89.249097998999957, 13.757191815000056 ], [ -89.253559818999975, 13.753135616000066 ], [ -89.258465599999965, 13.74867581500007 ], [ -89.260743292999962, 13.748529904000065 ] ] ] } },
{ "type": "Feature", "properties": { "shapeName": "Apopa", "shapeISO": "", "shapeID": "79315794B15952379491398", "shapeGroup": "SLV", "shapeType": "ADM2" }, "geometry": { "type": "Polygon", "coordinates": [ [ [ -89.249097998999957, 13.757191815000056 ], [ -89.239288453999961, 13.760271298000077 ], [ -89.23705855299994, 13.74956777500006 ], [ -89.229030910999938, 13.748229834000028 ], [ -89.219219347999967, 13.757149437000066 ], [ -89.215651506999961, 13.761163259000057 ], [ -89.205393962999949, 13.763839139000027 ], [ -89.196920340999952, 13.775880603000076 ], [ -89.194690439999988, 13.785246186000052 ], [ -89.190676618999987, 13.791043928000022 ], [ -89.178635154999938, 13.791935888000069 ], [ -89.164809769999977, 13.803085392000071 ], [ -89.164830593999966, 13.803418575000023 ], [ -89.165255750999961, 13.810221074000026 ], [ -89.167931630999988, 13.810221074000026 ], [ -89.167039670999941, 13.819140677000064 ], [ -89.16213388999995, 13.823154498000065 ], [ -89.159903988999986, 13.828060280000045 ], [ -89.159012028999939, 13.845453505000023 ], [ -89.190153657999986, 13.857934255000032 ], [ -89.190230637999946, 13.857048989000077 ], [ -89.201826121999943, 13.853927128000066 ], [ -89.204947982999954, 13.84946732700007 ], [ -89.207177883999975, 13.842331644000069 ], [ -89.200934161999953, 13.838763803000063 ], [ -89.196474359999968, 13.825384399000029 ], [ -89.200934161999953, 13.82360047800006 ], [ -89.20762386399997, 13.816018816000053 ], [ -89.226355029999979, 13.803531372000066 ], [ -89.244194235999942, 13.79907157100007 ], [ -89.253559818999975, 13.787922067000068 ], [ -89.252667857999938, 13.769190901000059 ], [ -89.255343738999954, 13.766961 ], [ -89.254451778999965, 13.762501199000042 ], [ -89.248654036999937, 13.757595417000061 ], [ -89.249097998999957, 13.757191815000056 ] ] ] } },
{ "type": "Feature", "properties": { "shapeName": "Ayutuxtepeque", "shapeISO": "", "shapeID": "79315794B20795097594485", "shapeGroup": "SLV", "shapeType": "ADM2" }, "geometry": { "type": "Polygon", "coordinates": [ [ [ -89.197029731999976, 13.744948094000051 ], [ -89.199150240999984, 13.759825318000026 ], [ -89.188000737999971, 13.769190901000059 ], [ -89.180865055999959, 13.762501199000042 ], [ -89.175067313999989, 13.768744921000064 ], [ -89.175067313999989, 13.772758742000065 ], [ -89.177743194999948, 13.775434623000024 ], [ -89.178635154999938, 13.791935888000069 ], [ -89.190676618999987, 13.791043928000022 ], [ -89.194690439999988, 13.785246186000052 ], [ -89.196920340999952, 13.775880603000076 ], [ -89.205393962999949, 13.763839139000027 ], [ -89.215651506999961, 13.761163259000057 ], [ -89.219219347999967, 13.757149437000066 ], [ -89.219219347999967, 13.745553954000059 ], [ -89.20673190399998, 13.738864251000052 ], [ -89.199150240999984, 13.743770033000033 ], [ -89.197029731999976, 13.744948094000051 ] ] ] } },
{ "type": "Feature", "properties": { "shapeName": "Cuscatancingo", "shapeISO": "", "shapeID": "79315794B15002894177618", "shapeGroup": "SLV", "shapeType": "ADM2" }, "geometry": { "type": "Polygon", "coordinates": [ [ [ -89.183523356999956, 13.730684260000032 ], [ -89.178635154999938, 13.738418271000057 ], [ -89.181757015999949, 13.745999934000054 ], [ -89.190085995999937, 13.745529846000068 ], [ -89.190676618999987, 13.741986112000063 ], [ -89.194690439999988, 13.737972291000062 ], [ -89.191122598999982, 13.734850430000051 ], [ -89.187019581309428, 13.729677060390221 ], [ -89.183540935999986, 13.73083660900005 ], [ -89.183523356999956, 13.730684260000032 ] ] ] } },
{ "type": "Feature", "properties": { "shapeName": "Delgado", "shapeISO": "", "shapeID": "79315794B16218870700964", "shapeGroup": "SLV", "shapeType": "ADM2" }, "geometry": { "type": "Polygon", "coordinates": [ [ [ -89.17261442299997, 13.711436473000049 ], [ -89.168377611999972, 13.712997403000031 ], [ -89.167039670999941, 13.723254946000054 ], [ -89.164809769999977, 13.727268768000044 ], [ -89.154106246999959, 13.734404450000056 ], [ -89.155890167999985, 13.738418271000057 ], [ -89.15633614799998, 13.753135616000066 ], [ -89.147934548999956, 13.756190743000047 ], [ -89.146524584999952, 13.756703457000071 ], [ -89.149200464999979, 13.762501199000042 ], [ -89.149646445999963, 13.802193432000024 ], [ -89.154552226999954, 13.805315293000035 ], [ -89.164830593999966, 13.803418575000023 ], [ -89.164809769999977, 13.803085392000071 ], [ -89.178635154999938, 13.791935888000069 ], [ -89.177743194999948, 13.775434623000024 ], [ -89.175067313999989, 13.772758742000065 ], [ -89.175067313999989, 13.768744921000064 ], [ -89.180865055999959, 13.762501199000042 ], [ -89.188000737999971, 13.769190901000059 ], [ -89.199150240999984, 13.759825318000026 ], [ -89.197029731999976, 13.744948094000051 ], [ -89.195136419999983, 13.745999934000054 ], [ -89.189784657999951, 13.747337874000038 ], [ -89.190085995999937, 13.745529846000068 ], [ -89.181757015999949, 13.745999934000054 ], [ -89.178635154999938, 13.738418271000057 ], [ -89.183523356999956, 13.730684260000032 ], [ -89.182202995999944, 13.719241125000053 ], [ -89.171945452999978, 13.712997403000031 ], [ -89.17261442299997, 13.711436473000049 ] ] ] } },
{ "type": "Feature", "properties": { "shapeName": "Guazapa", "shapeISO": "", "shapeID": "79315794B64976158073406", "shapeGroup": "SLV", "shapeType": "ADM2" }, "geometry": { "type": "Polygon", "coordinates": [ [ [ -89.21135894799994, 13.911793051000075 ], [ -89.208069843999965, 13.908782685000062 ], [ -89.203610042999969, 13.897187202000055 ], [ -89.205393962999949, 13.889605539000058 ], [ -89.201380141999948, 13.87979397600003 ], [ -89.196028379999973, 13.876672115000076 ], [ -89.189338677999956, 13.867306532000043 ], [ -89.190153657999986, 13.857934255000032 ], [ -89.159012028999939, 13.845453505000023 ], [ -89.150984385999948, 13.853035168000076 ], [ -89.151339907999954, 13.854279494000025 ], [ -89.152768306999974, 13.859278890000041 ], [ -89.148754484999984, 13.863738691000037 ], [ -89.158566047999955, 13.876672115000076 ], [ -89.148754484999984, 13.882023877000051 ], [ -89.134037140999965, 13.894065341000044 ], [ -89.127793418999943, 13.897187202000055 ], [ -89.128641868999978, 13.901146635000032 ], [ -89.129131358999985, 13.903430924000077 ], [ -89.136713020999935, 13.907444745000078 ], [ -89.142510762999962, 13.907890725000073 ], [ -89.149646445999963, 13.915026407000028 ], [ -89.155890167999985, 13.932865613000047 ], [ -89.16213388999995, 13.941339236000033 ], [ -89.167485650999936, 13.945799037000029 ], [ -89.171053491999942, 13.952042759000051 ], [ -89.172837412999968, 13.966146881000043 ], [ -89.177213592999976, 13.966146881000043 ], [ -89.186272564999967, 13.962662661000024 ], [ -89.191150472999936, 13.950119470000061 ], [ -89.198118911999984, 13.944544718000031 ], [ -89.200209443999938, 13.934092059000022 ], [ -89.21135894799994, 13.911793051000075 ] ] ] } },
{ "type": "Feature", "properties": { "shapeName": "Arcatao", "shapeISO": "", "shapeID": "79315794B16649044373913", "shapeGroup": "SLV", "shapeType": "ADM2" }, "geometry": { "type": "Polygon", "coordinates": [ [ [ -88.709489798999982, 14.048064640000064 ], [ -88.737571, 14.131238300000064 ], [ -88.798875299999963, 14.164585100000068 ], [ -88.807984499999975, 14.140365200000076 ], [ -88.8061636, 14.136793200000056 ], [ -88.801754, 14.134907500000054 ], [ -88.801113, 14.130686100000048 ], [ -88.803516299999956, 14.129513 ], [ -88.790186450999954, 14.118393352000055 ], [ -88.778590967999946, 14.096540325000035 ], [ -88.771455284999945, 14.078701120000062 ], [ -88.764765582999985, 14.072903378000035 ], [ -88.766549503999954, 14.064875735000044 ], [ -88.778590967999946, 14.058632013000022 ], [ -88.77664716801273, 14.056511503995095 ], [ -88.773685185999966, 14.053280251000047 ], [ -88.762981662999948, 14.043468688000075 ], [ -88.754508039999962, 14.04391466800007 ], [ -88.7554, 14.039454867000075 ], [ -88.74737235799995, 14.037670946000048 ], [ -88.743804515999955, 14.04659054900003 ], [ -88.735330893999958, 14.047036529000025 ], [ -88.728195210999957, 14.044360649000055 ], [ -88.721059528999945, 14.030089284000042 ], [ -88.710801985999979, 14.040792807000059 ], [ -88.709489798999982, 14.048064640000064 ] ] ] } },
{ "type": "Feature", "properties": { "shapeName": "Nueva Trinidad", "shapeISO": "", "shapeID": "79315794B84304690864499", "shapeGroup": "SLV", "shapeType": "ADM2" }, "geometry": { "type": "Polygon", "coordinates": [ [ [ -88.833320169999979, 14.098013219000052 ], [ -88.831662603999973, 14.088066703000038 ], [ -88.824080941999966, 14.079593080000052 ], [ -88.812039477999974, 14.078701120000062 ], [ -88.806687715999942, 14.04480662900005 ], [ -88.77664716801273, 14.056511503995095 ], [ -88.778590967999946, 14.058632013000022 ], [ -88.766549503999954, 14.064875735000044 ], [ -88.764765582999985, 14.072903378000035 ], [ -88.771455284999945, 14.078701120000062 ], [ -88.778590967999946, 14.096540325000035 ], [ -88.790186450999954, 14.118393352000055 ], [ -88.803516299999956, 14.129513 ], [ -88.805796099999952, 14.128124 ], [ -88.805742499999951, 14.123405600000069 ], [ -88.807764899999938, 14.120924100000025 ], [ -88.807813199999941, 14.118125200000065 ], [ -88.814297199999942, 14.111550400000056 ], [ -88.814420599999949, 14.108231200000034 ], [ -88.817951899999969, 14.109197800000061 ], [ -88.819534399999952, 14.10825090000003 ], [ -88.820419499999957, 14.109457900000052 ], [ -88.82717329999997, 14.106019 ], [ -88.829297699999984, 14.106487200000061 ], [ -88.831289899999945, 14.104578700000047 ], [ -88.83081935499996, 14.107788226000025 ], [ -88.832554564999953, 14.098324246000061 ], [ -88.833320169999979, 14.098013219000052 ] ] ] } },
{ "type": "Feature", "properties": { "shapeName": "Nombre de Jesus", "shapeISO": "", "shapeID": "79315794B58597926868291", "shapeGroup": "SLV", "shapeType": "ADM2" }, "geometry": { "type": "Polygon", "coordinates": [ [ [ -88.7554, 14.039454867000075 ], [ -88.760751761999984, 14.034103105000042 ], [ -88.755553607999957, 14.030545602000075 ], [ -88.755845979999947, 14.013588019000053 ], [ -88.751995945023197, 14.004732937949218 ], [ -88.751386178999951, 14.003330476000031 ], [ -88.724181389999956, 14.006452337000042 ], [ -88.713867422999954, 14.006022588000064 ], [ -88.713477866999938, 14.006006356000057 ], [ -88.698760521999986, 14.014033999000048 ], [ -88.692516799999964, 14.015371939000033 ], [ -88.685639806999973, 14.023271559000023 ], [ -88.682942199999957, 14.027144300000032 ], [ -88.68232, 14.032130100000074 ], [ -88.687464399999953, 14.039109 ], [ -88.689331299999935, 14.039010200000064 ], [ -88.690522199999975, 14.041409300000055 ], [ -88.692625, 14.04192450000005 ], [ -88.692281699999967, 14.043735500000025 ], [ -88.69712039999996, 14.042673900000068 ], [ -88.699137399999984, 14.045343600000024 ], [ -88.702855, 14.043121400000075 ], [ -88.702908599999944, 14.044505700000059 ], [ -88.706615399999976, 14.046759100000031 ], [ -88.708943599999941, 14.046446800000069 ], [ -88.709489798999982, 14.048064640000064 ], [ -88.710801985999979, 14.040792807000059 ], [ -88.721059528999945, 14.030089284000042 ], [ -88.728195210999957, 14.044360649000055 ], [ -88.735330893999958, 14.047036529000025 ], [ -88.743804515999955, 14.04659054900003 ], [ -88.74737235799995, 14.037670946000048 ], [ -88.7554, 14.039454867000075 ] ] ] } },
{ "type": "Feature", "properties": { "shapeName": "San Antonio de la Cruz", "shapeISO": "", "shapeID": "79315794B482670125274", "shapeGroup": "SLV", "shapeType": "ADM2" }, "geometry": { "type": "Polygon", "coordinates": [ [ [ -88.77664716801273, 14.056511503995095 ], [ -88.806687715999942, 14.04480662900005 ], [ -88.80690266409178, 14.044315319026675 ], [ -88.809809576999953, 14.037670946000048 ], [ -88.808917616999963, 14.025629483000046 ], [ -88.806687715999942, 14.018047820000049 ], [ -88.805368916999953, 14.017236251000043 ], [ -88.800889974999961, 14.014479979000043 ], [ -88.79375429199996, 14.012696059000064 ], [ -88.787064589999943, 14.004222436000077 ], [ -88.766103523999959, 13.993964893000054 ], [ -88.758521860999963, 14.001546555000061 ], [ -88.754062059999967, 14.000208615000076 ], [ -88.751995945023197, 14.004732937949218 ], [ -88.755845979999947, 14.013588019000053 ], [ -88.755553607999957, 14.030545602000075 ], [ -88.760751761999984, 14.034103105000042 ], [ -88.7554, 14.039454867000075 ], [ -88.754508039999962, 14.04391466800007 ], [ -88.762981662999948, 14.043468688000075 ], [ -88.773685185999966, 14.053280251000047 ], [ -88.77664716801273, 14.056511503995095 ] ] ] } },
{ "type": "Feature", "properties": { "shapeName": "San Jose Las Flores", "shapeISO": "", "shapeID": "79315794B77383078083147", "shapeGroup": "SLV", "shapeType": "ADM2" }, "geometry": { "type": "Polygon", "coordinates": [ [ [ -88.853069650999942, 14.093418464000024 ], [ -88.852484301999937, 14.065795569000045 ], [ -88.856665365999959, 14.044890250000037 ], [ -88.857821874999956, 14.046689265000055 ], [ -88.857529452999984, 14.038562907000028 ], [ -88.86288121399997, 14.031873205000068 ], [ -88.863837669999953, 14.031535632000043 ], [ -88.857975432999979, 14.027413403000025 ], [ -88.850393769999982, 14.024737522000066 ], [ -88.844596028999945, 14.026075463000041 ], [ -88.839690246999965, 14.029197324000052 ], [ -88.836122405999959, 14.035887026000069 ], [ -88.82229702099994, 14.041684768000039 ], [ -88.817837219999944, 14.047482510000066 ], [ -88.80690266409178, 14.044315319026675 ], [ -88.806687715999942, 14.04480662900005 ], [ -88.812039477999974, 14.078701120000062 ], [ -88.824080941999966, 14.079593080000052 ], [ -88.831662603999973, 14.088066703000038 ], [ -88.833320169999979, 14.098013219000052 ], [ -88.846825928999976, 14.092526504000034 ], [ -88.853069650999942, 14.093418464000024 ] ] ] } },
{ "type": "Feature", "properties": { "shapeName": "San Isidro Labrador", "shapeISO": "", "shapeID": "79315794B28991056951510", "shapeGroup": "SLV", "shapeType": "ADM2" }, "geometry": { "type": "Polygon", "coordinates": [ [ [ -88.888695593999955, 14.028961216000027 ], [ -88.894545803999961, 14.02206164200004 ], [ -88.89142394299995, 14.016709880000064 ], [ -88.886072181999964, 14.014925959000038 ], [ -88.878044538999973, 14.004222436000077 ], [ -88.875707403009827, 14.000398031002884 ], [ -88.873138757999982, 13.996194793000029 ], [ -88.865557094999986, 14.003330476000031 ], [ -88.862435233999975, 14.003776456000026 ], [ -88.857529452999984, 14.010020178000048 ], [ -88.840582206999954, 14.010912138000037 ], [ -88.835230445999969, 14.006452337000042 ], [ -88.831662603999973, 14.001100575000066 ], [ -88.812039477999974, 14.006006356000057 ], [ -88.808025656999973, 14.008682237000073 ], [ -88.805368916999953, 14.017236251000043 ], [ -88.806687715999942, 14.018047820000049 ], [ -88.808917616999963, 14.025629483000046 ], [ -88.809809576999953, 14.037670946000048 ], [ -88.80690266409178, 14.044315319026675 ], [ -88.817837219999944, 14.047482510000066 ], [ -88.82229702099994, 14.041684768000039 ], [ -88.836122405999959, 14.035887026000069 ], [ -88.839690246999965, 14.029197324000052 ], [ -88.844596028999945, 14.026075463000041 ], [ -88.850393769999982, 14.024737522000066 ], [ -88.857975432999979, 14.027413403000025 ], [ -88.863837669999953, 14.031535632000043 ], [ -88.870462876999966, 14.029197324000052 ], [ -88.878490518999968, 14.024737522000066 ], [ -88.884288260999938, 14.027859383000077 ], [ -88.888695593999955, 14.028961216000027 ] ] ] } },
{ "type": "Feature", "properties": { "shapeName": "San Antonia Los Ranchos", "shapeISO": "", "shapeID": "79315794B88320880206273", "shapeGroup": "SLV", "shapeType": "ADM2" }, "geometry": { "type": "Polygon", "coordinates": [ [ [ -88.921555272999967, 14.028396513000075 ], [ -88.921304612999961, 14.018939781000029 ], [ -88.912830989999975, 14.014033999000048 ], [ -88.913722950999954, 14.001100575000066 ], [ -88.91238500999998, 14.001100575000066 ], [ -88.908817168999974, 14.001100575000066 ], [ -88.906141287999958, 14.003776456000026 ], [ -88.884288260999938, 14.002884495000046 ], [ -88.875707403009827, 14.000398031002884 ], [ -88.878044538999973, 14.004222436000077 ], [ -88.886072181999964, 14.014925959000038 ], [ -88.89142394299995, 14.016709880000064 ], [ -88.894545803999961, 14.02206164200004 ], [ -88.888695593999955, 14.028961216000027 ], [ -88.896775704999982, 14.030981244000031 ], [ -88.921304612999961, 14.028305364000062 ], [ -88.921555272999967, 14.028396513000075 ] ] ] } },
{ "type": "Feature", "properties": { "shapeName": "San Miguel de Mercedes", "shapeISO": "", "shapeID": "79315794B11854735716069", "shapeGroup": "SLV", "shapeType": "ADM2" }, "geometry": { "type": "Polygon", "coordinates": [ [ [ -88.963825459999953, 14.003220508000027 ], [ -88.963548899999978, 13.997582562000048 ], [ -88.96278076599998, 13.981923429000062 ], [ -88.957874984999989, 13.982369409000057 ], [ -88.954753123999978, 13.979693528000041 ], [ -88.950739301999988, 13.979693528000041 ], [ -88.950293321999936, 13.979693528000041 ], [ -88.94003577899997, 13.983707349000042 ], [ -88.934684016999938, 13.990397051000059 ], [ -88.928440294999973, 13.988613131000022 ], [ -88.927102354999988, 13.991289012000038 ], [ -88.91907471199994, 13.991289012000038 ], [ -88.91238500999998, 14.001100575000066 ], [ -88.913722950999954, 14.001100575000066 ], [ -88.912830989999975, 14.014033999000048 ], [ -88.921304612999961, 14.018939781000029 ], [ -88.921555272999967, 14.028396513000075 ], [ -88.926210393999952, 14.030089284000042 ], [ -88.947171460999982, 14.030089284000042 ], [ -88.956091063999963, 14.023845562000076 ], [ -88.963825459999953, 14.003220508000027 ] ] ] } },
{ "type": "Feature", "properties": { "shapeName": "San Jose Cancasque", "shapeISO": "", "shapeID": "79315794B60715586035531", "shapeGroup": "SLV", "shapeType": "ADM2" }, "geometry": { "type": "Polygon", "coordinates": [ [ [ -88.805368916999953, 14.017236251000043 ], [ -88.808025656999973, 14.008682237000073 ], [ -88.812039477999974, 14.006006356000057 ], [ -88.831662603999973, 14.001100575000066 ], [ -88.835230445999969, 14.006452337000042 ], [ -88.840582206999954, 14.010912138000037 ], [ -88.857529452999984, 14.010020178000048 ], [ -88.862435233999975, 14.003776456000026 ], [ -88.865557094999986, 14.003330476000031 ], [ -88.873138757999982, 13.996194793000029 ], [ -88.880720419999989, 13.989059111000074 ], [ -88.880720419999989, 13.979247548000046 ], [ -88.870462876999966, 13.97657166700003 ], [ -88.869124935999935, 13.97166588500005 ], [ -88.865557094999986, 13.970327945000065 ], [ -88.865111115, 13.968098044000044 ], [ -88.858867392999969, 13.968098044000044 ], [ -88.853961610999988, 13.962746283000058 ], [ -88.850393769999982, 13.952488739000046 ], [ -88.850227222915038, 13.952533151567652 ], [ -88.843704067999965, 13.954272660000072 ], [ -88.836122405999959, 13.956502561000036 ], [ -88.813377418999949, 13.967206084000054 ], [ -88.811701421999942, 13.967729833000021 ], [ -88.806241735999947, 13.969435985000075 ], [ -88.803119874999936, 13.973895786000071 ], [ -88.795984192999981, 13.976125687000035 ], [ -88.790632430999949, 13.980139508000036 ], [ -88.778144986999962, 13.981031468000026 ], [ -88.766103523999959, 13.993964893000054 ], [ -88.787064589999943, 14.004222436000077 ], [ -88.79375429199996, 14.012696059000064 ], [ -88.800889974999961, 14.014479979000043 ], [ -88.805368916999953, 14.017236251000043 ] ] ] } },
{ "type": "Feature", "properties": { "shapeName": "Potonico", "shapeISO": "", "shapeID": "79315794B63410883785834", "shapeGroup": "SLV", "shapeType": "ADM2" }, "geometry": { "type": "Polygon", "coordinates": [ [ [ -88.875707403009827, 14.000398031002884 ], [ -88.884288260999938, 14.002884495000046 ], [ -88.906141287999958, 14.003776456000026 ], [ -88.908817168999974, 14.001100575000066 ], [ -88.91238500999998, 14.001100575000066 ], [ -88.91907471199994, 13.991289012000038 ], [ -88.927102354999988, 13.991289012000038 ], [ -88.928440294999973, 13.988613131000022 ], [ -88.934684016999938, 13.990397051000059 ], [ -88.94003577899997, 13.983707349000042 ], [ -88.950293321999936, 13.979693528000041 ], [ -88.950739301999988, 13.979693528000041 ], [ -88.952523222999957, 13.968098044000044 ], [ -88.957429003999948, 13.959178442000052 ], [ -88.952969202999952, 13.94802893800005 ], [ -88.935129997, 13.94892089800004 ], [ -88.919966671999987, 13.963192263000053 ], [ -88.903465406999942, 13.964530203000038 ], [ -88.899005605999946, 13.962300303000063 ], [ -88.899005605999946, 13.934649534000073 ], [ -88.884734241, 13.936879434000048 ], [ -88.879382479999947, 13.943569137000054 ], [ -88.871354836999956, 13.946690998000065 ], [ -88.859759352999959, 13.94802893800005 ], [ -88.850227222915038, 13.952533151567652 ], [ -88.850393769999982, 13.952488739000046 ], [ -88.853961610999988, 13.962746283000058 ], [ -88.858867392999969, 13.968098044000044 ], [ -88.865111115, 13.968098044000044 ], [ -88.865557094999986, 13.970327945000065 ], [ -88.869124935999935, 13.97166588500005 ], [ -88.870462876999966, 13.97657166700003 ], [ -88.880720419999989, 13.979247548000046 ], [ -88.880720419999989, 13.989059111000074 ], [ -88.873138757999982, 13.996194793000029 ], [ -88.875707403009827, 14.000398031002884 ] ] ] } },
{ "type": "Feature", "properties": { "shapeName": "San Luis del Carmen", "shapeISO": "", "shapeID": "79315794B79913298248778", "shapeGroup": "SLV", "shapeType": "ADM2" }, "geometry": { "type": "Polygon", "coordinates": [ [ [ -88.963548899999978, 13.997582562000048 ], [ -88.973038308999946, 13.994856853000044 ], [ -88.976606150999942, 13.990843032000043 ], [ -88.977498110999989, 13.984153329000037 ], [ -88.990877514999966, 13.987275190000048 ], [ -88.992661435999935, 13.985491270000068 ], [ -88.992279340999971, 13.980332989000033 ], [ -88.991769474999955, 13.973449806000076 ], [ -88.996229276999941, 13.971219905000055 ], [ -88.994891335999966, 13.962746283000058 ], [ -88.981957911999984, 13.953826680000077 ], [ -88.978836050999973, 13.949812859000076 ], [ -88.965010666999945, 13.946245017000024 ], [ -88.952969202999952, 13.94802893800005 ], [ -88.957429003999948, 13.959178442000052 ], [ -88.952523222999957, 13.968098044000044 ], [ -88.950739301999988, 13.979693528000041 ], [ -88.954753123999978, 13.979693528000041 ], [ -88.957874984999989, 13.982369409000057 ], [ -88.96278076599998, 13.981923429000062 ], [ -88.963548899999978, 13.997582562000048 ] ] ] } },
{ "type": "Feature", "properties": { "shapeName": "Azacualpa", "shapeISO": "", "shapeID": "79315794B61762263444110", "shapeGroup": "SLV", "shapeType": "ADM2" }, "geometry": { "type": "Polygon", "coordinates": [ [ [ -89.012284562, 14.039008887000023 ], [ -89.014068481999971, 14.016709880000064 ], [ -89.01094662099996, 13.993072932000075 ], [ -89.008270741, 13.987275190000048 ], [ -88.992279340999971, 13.980332989000033 ], [ -88.992661435999935, 13.985491270000068 ], [ -88.990877514999966, 13.987275190000048 ], [ -88.977498110999989, 13.984153329000037 ], [ -88.976606150999942, 13.990843032000043 ], [ -88.973038308999946, 13.994856853000044 ], [ -88.963548899999978, 13.997582562000048 ], [ -88.963825459999953, 14.003220508000027 ], [ -88.964118706999955, 14.002438515000051 ], [ -88.966348606999986, 14.006898317000037 ], [ -88.971254388999967, 14.006898317000037 ], [ -88.976606150999942, 14.010466158000042 ], [ -88.977944090999983, 14.014925959000038 ], [ -88.983741832999954, 14.016709880000064 ], [ -88.98641771399997, 14.025183503000051 ], [ -88.990431534999971, 14.030981244000031 ], [ -88.990431534999971, 14.034103105000042 ], [ -88.995337315999961, 14.037670946000048 ], [ -89.012284562, 14.039008887000023 ] ] ] } },
{ "type": "Feature", "properties": { "shapeName": "San Francisco Lempa", "shapeISO": "", "shapeID": "79315794B81860372869585", "shapeGroup": "SLV", "shapeType": "ADM2" }, "geometry": { "type": "Polygon", "coordinates": [ [ [ -88.992279340999971, 13.980332989000033 ], [ -89.00799436899996, 13.987155211000072 ], [ -89.006932799999959, 13.968544025000028 ], [ -88.99537950399997, 13.965838010000027 ], [ -88.996229276999941, 13.971219905000055 ], [ -88.991769474999955, 13.973449806000076 ], [ -88.992279340999971, 13.980332989000033 ] ] ] } },
{ "type": "Feature", "properties": { "shapeName": "La Libertad", "shapeISO": "", "shapeID": "79315794B83048937220923", "shapeGroup": "SLV", "shapeType": "ADM2" }, "geometry": { "type": "Polygon", "coordinates": [ [ [ -89.392783144999953, 13.491735924000068 ], [ -89.374535499999979, 13.491074300000037 ], [ -89.366481499999963, 13.488758400000052 ], [ -89.356521799999939, 13.483270400000038 ], [ -89.348537399999941, 13.484851500000048 ], [ -89.328819, 13.478921300000025 ], [ -89.318626599999959, 13.484325700000056 ], [ -89.311459799999966, 13.484117100000049 ], [ -89.30467219999997, 13.485888700000032 ], [ -89.295941599999935, 13.483757800000035 ], [ -89.249482299999954, 13.464532700000063 ], [ -89.172751699999935, 13.425217600000053 ], [ -89.171270399999969, 13.427110700000071 ], [ -89.168916699999954, 13.425525400000026 ], [ -89.167174799999941, 13.426034200000061 ], [ -89.16622209999997, 13.431217 ], [ -89.156611899999973, 13.450705 ], [ -89.148123799999951, 13.454374600000051 ], [ -89.147829599999966, 13.468241100000057 ], [ -89.15542389999996, 13.469617 ], [ -89.156296599999962, 13.473142700000039 ], [ -89.157969866999963, 13.473526935000052 ], [ -89.150036677999935, 13.495777200000077 ], [ -89.171638840999947, 13.496474044000024 ], [ -89.170941996999943, 13.513198300000056 ], [ -89.173729372999958, 13.513198300000056 ], [ -89.18487887699996, 13.513198300000056 ], [ -89.189059940999982, 13.49438351200007 ], [ -89.211551180999948, 13.496257782000043 ], [ -89.214146323999955, 13.496474044000024 ], [ -89.219721074999939, 13.51389514400006 ], [ -89.224465651999935, 13.518718958000022 ], [ -89.239288453999961, 13.519442022000021 ], [ -89.253126438999971, 13.518090724000047 ], [ -89.253113838, 13.517658101000052 ], [ -89.256235698999944, 13.518996041000037 ], [ -89.258465599999965, 13.522117902000048 ], [ -89.260249520999935, 13.522117902000048 ], [ -89.260695500999987, 13.526577704000033 ], [ -89.271399023999948, 13.534605346000035 ], [ -89.271399023999948, 13.539065148000077 ], [ -89.287454308999941, 13.540403088000062 ], [ -89.291022150999936, 13.547538771000063 ], [ -89.295035971999937, 13.547092790000022 ], [ -89.297711852999953, 13.551552592000064 ], [ -89.319118898999989, 13.551106612000069 ], [ -89.324024680999969, 13.543524949000073 ], [ -89.338296045999982, 13.543970929000068 ], [ -89.341417906999936, 13.549322691000043 ], [ -89.352442535999955, 13.554656614000066 ], [ -89.365001335999978, 13.546950077000076 ], [ -89.37670385499996, 13.561506869000027 ], [ -89.385170334999941, 13.557516343000032 ], [ -89.379298344999938, 13.543162590000065 ], [ -89.379298344999938, 13.537587839000025 ], [ -89.382085720999953, 13.532013087000053 ], [ -89.382782564999957, 13.522954115000061 ], [ -89.389751003999947, 13.50832039200003 ], [ -89.392783144999953, 13.491735924000068 ] ] ] } },
{ "type": "Feature", "properties": { "shapeName": "Rosario de Mora", "shapeISO": "", "shapeID": "79315794B63782301710302", "shapeGroup": "SLV", "shapeType": "ADM2" }, "geometry": { "type": "Polygon", "coordinates": [ [ [ -89.224465651999935, 13.518718958000022 ], [ -89.219721074999939, 13.51389514400006 ], [ -89.214146323999955, 13.496474044000024 ], [ -89.211551180999948, 13.496257782000043 ], [ -89.205784195999968, 13.527135179000027 ], [ -89.199512599999935, 13.55291840600006 ], [ -89.19742206799998, 13.571733193000057 ], [ -89.20439050799996, 13.596122732000026 ], [ -89.210662103999937, 13.602394328000059 ], [ -89.232255904999988, 13.604487647000042 ], [ -89.231706791999954, 13.602840308000054 ], [ -89.233490712, 13.573405619000027 ], [ -89.238842473999966, 13.565377976000036 ], [ -89.240180413999951, 13.549768671000038 ], [ -89.234382672999971, 13.544862890000047 ], [ -89.229922870999985, 13.544862890000047 ], [ -89.225463069999989, 13.539957108000067 ], [ -89.225463069999989, 13.536389267000061 ], [ -89.221449247999942, 13.534605346000035 ], [ -89.223679148999963, 13.527023684000028 ], [ -89.221003267999947, 13.524347803000069 ], [ -89.221003267999947, 13.518550061000042 ], [ -89.224465651999935, 13.518718958000022 ] ] ] } },
{ "type": "Feature", "properties": { "shapeName": "Panchimalco", "shapeISO": "", "shapeID": "79315794B93923145926056", "shapeGroup": "SLV", "shapeType": "ADM2" }, "geometry": { "type": "Polygon", "coordinates": [ [ [ -89.232255904999988, 13.604487647000042 ], [ -89.210662103999937, 13.602394328000059 ], [ -89.20439050799996, 13.596122732000026 ], [ -89.19742206799998, 13.571733193000057 ], [ -89.199512599999935, 13.55291840600006 ], [ -89.205784195999968, 13.527135179000027 ], [ -89.211551180999948, 13.496257782000043 ], [ -89.189059940999982, 13.49438351200007 ], [ -89.18487887699996, 13.513198300000056 ], [ -89.173729372999958, 13.513198300000056 ], [ -89.168851464999989, 13.518773051000039 ], [ -89.164670401999956, 13.532013087000053 ], [ -89.157005117999972, 13.53340677500006 ], [ -89.15282405399995, 13.543162590000065 ], [ -89.155611429999965, 13.550827874000049 ], [ -89.140280862999987, 13.567552129000035 ], [ -89.139584018999983, 13.579398477000041 ], [ -89.143068237999955, 13.592638512000065 ], [ -89.154217741999958, 13.601697484000056 ], [ -89.157701961999976, 13.608665924000036 ], [ -89.161186181999938, 13.622602803000063 ], [ -89.166370700999948, 13.629515496000067 ], [ -89.167457776999981, 13.630964931000051 ], [ -89.170245152999939, 13.642114434000064 ], [ -89.180865055999959, 13.655465965000076 ], [ -89.192906518999962, 13.654128024000045 ], [ -89.194244459999936, 13.651006163000034 ], [ -89.199150240999984, 13.651452144000075 ], [ -89.202718082, 13.644762441000069 ], [ -89.208069843999965, 13.642532541000037 ], [ -89.216989446999946, 13.648776263000059 ], [ -89.220111307999957, 13.646100382000043 ], [ -89.227323835999982, 13.646055098000033 ], [ -89.227692969999964, 13.639410680000026 ], [ -89.23616659299995, 13.627369216000034 ], [ -89.234828652999965, 13.612205891000031 ], [ -89.232255904999988, 13.604487647000042 ] ] ] } },
{ "type": "Feature", "properties": { "shapeName": "Soyapango", "shapeISO": "", "shapeID": "79315794B91995103964553", "shapeGroup": "SLV", "shapeType": "ADM2" }, "geometry": { "type": "Polygon", "coordinates": [ [ [ -89.178189174999943, 13.685346634000041 ], [ -89.171945452999978, 13.680886833000045 ], [ -89.166064089999963, 13.683925073000069 ], [ -89.161186181999938, 13.674866101000077 ], [ -89.154217741999958, 13.674866101000077 ], [ -89.153992607999953, 13.675691593000067 ], [ -89.152127209999946, 13.682531385000061 ], [ -89.140280862999987, 13.692287200000067 ], [ -89.143068237999955, 13.705527236000023 ], [ -89.128434514999981, 13.718767271000047 ], [ -89.124253450999959, 13.719464115000051 ], [ -89.122162918999948, 13.731310463000057 ], [ -89.122597861999964, 13.733775139000045 ], [ -89.124253450999959, 13.743156810000073 ], [ -89.137493486999972, 13.745944186000031 ], [ -89.147934548999956, 13.756190743000047 ], [ -89.15633614799998, 13.753135616000066 ], [ -89.155890167999985, 13.738418271000057 ], [ -89.154106246999959, 13.734404450000056 ], [ -89.164809769999977, 13.727268768000044 ], [ -89.167039670999941, 13.723254946000054 ], [ -89.168377611999972, 13.712997403000031 ], [ -89.17261442299997, 13.711436473000049 ], [ -89.174621333999937, 13.706753681000066 ], [ -89.177743194999948, 13.702739860000065 ], [ -89.178189174999943, 13.685346634000041 ] ] ] } },
{ "type": "Feature", "properties": { "shapeName": "Santo Tomas", "shapeISO": "", "shapeID": "79315794B72742203497130", "shapeGroup": "SLV", "shapeType": "ADM2" }, "geometry": { "type": "Polygon", "coordinates": [ [ [ -89.180865055999959, 13.655465965000076 ], [ -89.170245152999939, 13.642114434000064 ], [ -89.167457776999981, 13.630964931000051 ], [ -89.166370700999948, 13.629515496000067 ], [ -89.159095649999983, 13.634449151000069 ], [ -89.138190330999976, 13.634449151000069 ], [ -89.138887174999979, 13.642811278000067 ], [ -89.134009266999954, 13.65396078200007 ], [ -89.130525046999935, 13.668594505000044 ], [ -89.124950294999962, 13.68044085300005 ], [ -89.124950294999962, 13.684621917000072 ], [ -89.131221890999939, 13.685318761000076 ], [ -89.140280862999987, 13.672775569000066 ], [ -89.153992607999953, 13.675691593000067 ], [ -89.154217741999958, 13.674866101000077 ], [ -89.161186181999938, 13.674866101000077 ], [ -89.166064089999963, 13.683925073000069 ], [ -89.171945452999978, 13.680886833000045 ], [ -89.169269571999962, 13.660817727000051 ], [ -89.180865055999959, 13.655465965000076 ] ] ] } },
{ "type": "Feature", "properties": { "shapeName": "Ilopango", "shapeISO": "", "shapeID": "79315794B14554153149615", "shapeGroup": "SLV", "shapeType": "ADM2" }, "geometry": { "type": "Polygon", "coordinates": [ [ [ -89.153992607999953, 13.675691593000067 ], [ -89.140280862999987, 13.672775569000066 ], [ -89.131221890999939, 13.685318761000076 ], [ -89.124950294999962, 13.684621917000072 ], [ -89.124950294999962, 13.68044085300005 ], [ -89.105438663999962, 13.682531385000061 ], [ -89.101954443999944, 13.700649328000054 ], [ -89.085927032999962, 13.711101988000053 ], [ -89.080352280999989, 13.713192520000064 ], [ -89.096379691999971, 13.720160959000054 ], [ -89.094986003999963, 13.731310463000057 ], [ -89.104044975999955, 13.727129399000034 ], [ -89.112407103999942, 13.727826243000038 ], [ -89.122597861999964, 13.733775139000045 ], [ -89.122162918999948, 13.731310463000057 ], [ -89.124253450999959, 13.719464115000051 ], [ -89.128434514999981, 13.718767271000047 ], [ -89.143068237999955, 13.705527236000023 ], [ -89.140280862999987, 13.692287200000067 ], [ -89.152127209999946, 13.682531385000061 ], [ -89.153992607999953, 13.675691593000067 ] ] ] } },
{ "type": "Feature", "properties": { "shapeName": "Tonacatepeque", "shapeISO": "", "shapeID": "79315794B51394050606114", "shapeGroup": "SLV", "shapeType": "ADM2" }, "geometry": { "type": "Polygon", "coordinates": [ [ [ -89.164830593999966, 13.803418575000023 ], [ -89.154552226999954, 13.805315293000035 ], [ -89.149646445999963, 13.802193432000024 ], [ -89.149200464999979, 13.762501199000042 ], [ -89.146524584999952, 13.756703457000071 ], [ -89.147934548999956, 13.756190743000047 ], [ -89.137493486999972, 13.745944186000031 ], [ -89.124253450999959, 13.743156810000073 ], [ -89.122597861999964, 13.733775139000045 ], [ -89.112407103999942, 13.727826243000038 ], [ -89.104044975999955, 13.727129399000034 ], [ -89.094986003999963, 13.731310463000057 ], [ -89.09428915999996, 13.750125250000053 ], [ -89.097076535999975, 13.758487378000041 ], [ -89.095682847999967, 13.798904328000049 ], [ -89.102965603999962, 13.812145701000077 ], [ -89.103348131999951, 13.812841207000076 ], [ -89.110316571999988, 13.814234895000027 ], [ -89.118678698999986, 13.841411810000068 ], [ -89.128434514999981, 13.855348690000028 ], [ -89.151339907999954, 13.854279494000025 ], [ -89.150984385999948, 13.853035168000076 ], [ -89.159012028999939, 13.845453505000023 ], [ -89.159903988999986, 13.828060280000045 ], [ -89.16213388999995, 13.823154498000065 ], [ -89.167039670999941, 13.819140677000064 ], [ -89.167931630999988, 13.810221074000026 ], [ -89.165255750999961, 13.810221074000026 ], [ -89.164830593999966, 13.803418575000023 ] ] ] } },
{ "type": "Feature", "properties": { "shapeName": "Santiago Texacuangos", "shapeISO": "", "shapeID": "79315794B99064855901693", "shapeGroup": "SLV", "shapeType": "ADM2" }, "geometry": { "type": "Polygon", "coordinates": [ [ [ -89.138190330999976, 13.634449151000069 ], [ -89.113103947999946, 13.631661775000055 ], [ -89.112264456, 13.632343862000027 ], [ -89.101954443999944, 13.640720746000056 ], [ -89.100560755999936, 13.645598654000025 ], [ -89.094986003999963, 13.645598654000025 ], [ -89.09428915999996, 13.649779718000048 ], [ -89.099167067999986, 13.651173406000055 ], [ -89.097773379999978, 13.657445002000031 ], [ -89.092198628999938, 13.665110285000026 ], [ -89.090804940999988, 13.674169257000074 ], [ -89.100560755999936, 13.676956633000032 ], [ -89.105733921999956, 13.682499750000034 ], [ -89.124950294999962, 13.68044085300005 ], [ -89.130525046999935, 13.668594505000044 ], [ -89.134009266999954, 13.65396078200007 ], [ -89.138887174999979, 13.642811278000067 ], [ -89.138190330999976, 13.634449151000069 ] ] ] } },
{ "type": "Feature", "properties": { "shapeName": "Olocuilta", "shapeISO": "", "shapeID": "79315794B8332040892436", "shapeGroup": "SLV", "shapeType": "ADM2" }, "geometry": { "type": "Polygon", "coordinates": [ [ [ -89.150036677999935, 13.495777200000077 ], [ -89.138190330999976, 13.502048796000054 ], [ -89.114497674351114, 13.504836356958473 ], [ -89.115554887999963, 13.552941115000067 ], [ -89.115891323999961, 13.568248973000038 ], [ -89.120072386999936, 13.578701633000037 ], [ -89.119375543, 13.588457449000032 ], [ -89.108922883999981, 13.603091172000063 ], [ -89.108922883999981, 13.623996491000071 ], [ -89.112264456, 13.632343862000027 ], [ -89.113103947999946, 13.631661775000055 ], [ -89.138190330999976, 13.634449151000069 ], [ -89.159095649999983, 13.634449151000069 ], [ -89.166370700999948, 13.629515496000067 ], [ -89.161186181999938, 13.622602803000063 ], [ -89.157701961999976, 13.608665924000036 ], [ -89.154217741999958, 13.601697484000056 ], [ -89.143068237999955, 13.592638512000065 ], [ -89.139584018999983, 13.579398477000041 ], [ -89.140280862999987, 13.567552129000035 ], [ -89.155611429999965, 13.550827874000049 ], [ -89.15282405399995, 13.543162590000065 ], [ -89.157005117999972, 13.53340677500006 ], [ -89.164670401999956, 13.532013087000053 ], [ -89.168851464999989, 13.518773051000039 ], [ -89.173729372999958, 13.513198300000056 ], [ -89.170941996999943, 13.513198300000056 ], [ -89.171638840999947, 13.496474044000024 ], [ -89.150036677999935, 13.495777200000077 ] ] ] } },
{ "type": "Feature", "properties": { "shapeName": "San Luis Talpa", "shapeISO": "", "shapeID": "79315794B95271518401936", "shapeGroup": "SLV", "shapeType": "ADM2" }, "geometry": { "type": "Polygon", "coordinates": [ [ [ -89.172751699999935, 13.425217600000053 ], [ -89.143309099999954, 13.411628200000052 ], [ -89.085927135999952, 13.380100915000071 ], [ -89.078261748999978, 13.396825356000022 ], [ -89.077564904999974, 13.422608583000056 ], [ -89.068505933999973, 13.428183335000028 ], [ -89.060143805999985, 13.451179186000047 ], [ -89.058750117999978, 13.467903441000033 ], [ -89.051781677999941, 13.469993973000044 ], [ -89.048994301999983, 13.478356101000031 ], [ -89.053175365999948, 13.504836172000068 ], [ -89.065021713999954, 13.513198300000056 ], [ -89.071050587999935, 13.523063731000036 ], [ -89.072686996999948, 13.525741491000076 ], [ -89.080352280999989, 13.524347803000069 ], [ -89.080352280999989, 13.523650959000065 ], [ -89.080352280999989, 13.51389514400006 ], [ -89.097076535999975, 13.506926704000023 ], [ -89.114497674351114, 13.504836356958473 ], [ -89.138190330999976, 13.502048796000054 ], [ -89.150036677999935, 13.495777200000077 ], [ -89.157969866999963, 13.473526935000052 ], [ -89.156296599999962, 13.473142700000039 ], [ -89.15542389999996, 13.469617 ], [ -89.147829599999966, 13.468241100000057 ], [ -89.148123799999951, 13.454374600000051 ], [ -89.156611899999973, 13.450705 ], [ -89.16622209999997, 13.431217 ], [ -89.167174799999941, 13.426034200000061 ], [ -89.168916699999954, 13.425525400000026 ], [ -89.171270399999969, 13.427110700000071 ], [ -89.172751699999935, 13.425217600000053 ] ] ] } },
{ "type": "Feature", "properties": { "shapeName": "San Juan Talpa", "shapeISO": "", "shapeID": "79315794B89727671560909", "shapeGroup": "SLV", "shapeType": "ADM2" }, "geometry": { "type": "Polygon", "coordinates": [ [ [ -89.114497674351114, 13.504836356958473 ], [ -89.097076535999975, 13.506926704000023 ], [ -89.080352280999989, 13.51389514400006 ], [ -89.080352280999989, 13.523650959000065 ], [ -89.083227734, 13.527389048000032 ], [ -89.087320720999969, 13.532709931000056 ], [ -89.088714408999977, 13.535497307000071 ], [ -89.094986003999963, 13.534103619000064 ], [ -89.097076535999975, 13.550827874000049 ], [ -89.115554887999963, 13.552941115000067 ], [ -89.114497674351114, 13.504836356958473 ] ] ] } },
{ "type": "Feature", "properties": { "shapeName": "Cuyultitán", "shapeISO": "", "shapeID": "79315794B52080177135978", "shapeGroup": "SLV", "shapeType": "ADM2" }, "geometry": { "type": "Polygon", "coordinates": [ [ [ -89.115554887999963, 13.552941115000067 ], [ -89.097076535999975, 13.550827874000049 ], [ -89.094986003999963, 13.534103619000064 ], [ -89.088714408999977, 13.535497307000071 ], [ -89.087320720999969, 13.532709931000056 ], [ -89.083227734, 13.527389048000032 ], [ -89.08174596899994, 13.544556278000073 ], [ -89.088714408999977, 13.557796314000029 ], [ -89.088714408999977, 13.566855285000031 ], [ -89.094756455999971, 13.581685765000032 ], [ -89.096379691999971, 13.585670073000074 ], [ -89.102651287999947, 13.597516420000034 ], [ -89.108922883999981, 13.603091172000063 ], [ -89.119375543, 13.588457449000032 ], [ -89.120072386999936, 13.578701633000037 ], [ -89.115891323999961, 13.568248973000038 ], [ -89.115554887999963, 13.552941115000067 ] ] ] } },
{ "type": "Feature", "properties": { "shapeName": "San Francsico Chinameca", "shapeISO": "", "shapeID": "79315794B59411245897989", "shapeGroup": "SLV", "shapeType": "ADM2" }, "geometry": { "type": "Polygon", "coordinates": [ [ [ -89.112264456, 13.632343862000027 ], [ -89.108922883999981, 13.623996491000071 ], [ -89.108922883999981, 13.603091172000063 ], [ -89.102651287999947, 13.597516420000034 ], [ -89.096379691999971, 13.585670073000074 ], [ -89.094756455999971, 13.581685765000032 ], [ -89.091501785, 13.586366917000078 ], [ -89.09428915999996, 13.611453300000051 ], [ -89.086623876999965, 13.611453300000051 ], [ -89.078594089999967, 13.616041749000033 ], [ -89.067112245999965, 13.622602803000063 ], [ -89.054569053999955, 13.617724895000038 ], [ -89.041436224999984, 13.620351461000041 ], [ -89.040632174999985, 13.620512271000052 ], [ -89.042722706999939, 13.633055463000062 ], [ -89.046206925999968, 13.635842839000077 ], [ -89.053175365999948, 13.635145995000073 ], [ -89.059446961999981, 13.643508122000071 ], [ -89.080352280999989, 13.646295498000029 ], [ -89.094986003999963, 13.645598654000025 ], [ -89.100560755999936, 13.645598654000025 ], [ -89.101954443999944, 13.640720746000056 ], [ -89.112264456, 13.632343862000027 ] ] ] } },
{ "type": "Feature", "properties": { "shapeName": "Tapalhuaca", "shapeISO": "", "shapeID": "79315794B13403044609430", "shapeGroup": "SLV", "shapeType": "ADM2" }, "geometry": { "type": "Polygon", "coordinates": [ [ [ -89.071050587999935, 13.523063731000036 ], [ -89.06432486999995, 13.52783202300003 ], [ -89.065718557999958, 13.551524718000053 ], [ -89.069202776999987, 13.552221562000057 ], [ -89.063628025999947, 13.571036349000053 ], [ -89.062023193999948, 13.588154561000067 ], [ -89.061537493999936, 13.593335356000068 ], [ -89.067112245999965, 13.598213264000037 ], [ -89.073383840999952, 13.598910108000041 ], [ -89.075474372999963, 13.601697484000056 ], [ -89.078594089999967, 13.616041749000033 ], [ -89.086623876999965, 13.611453300000051 ], [ -89.09428915999996, 13.611453300000051 ], [ -89.091501785, 13.586366917000078 ], [ -89.094756455999971, 13.581685765000032 ], [ -89.088714408999977, 13.566855285000031 ], [ -89.088714408999977, 13.557796314000029 ], [ -89.08174596899994, 13.544556278000073 ], [ -89.083227734, 13.527389048000032 ], [ -89.080352280999989, 13.523650959000065 ], [ -89.080352280999989, 13.524347803000069 ], [ -89.072686996999948, 13.525741491000076 ], [ -89.071050587999935, 13.523063731000036 ] ] ] } },
{ "type": "Feature", "properties": { "shapeName": "San Antonio Masahuat", "shapeISO": "", "shapeID": "79315794B84342093482333", "shapeGroup": "SLV", "shapeType": "ADM2" }, "geometry": { "type": "Polygon", "coordinates": [ [ [ -89.078594089999967, 13.616041749000033 ], [ -89.075474372999963, 13.601697484000056 ], [ -89.073383840999952, 13.598910108000041 ], [ -89.067112245999965, 13.598213264000037 ], [ -89.061537493999936, 13.593335356000068 ], [ -89.062023193999948, 13.588154561000067 ], [ -89.051781677999941, 13.584276385000067 ], [ -89.037147954999966, 13.573126881000064 ], [ -89.01833316799997, 13.580095321000044 ], [ -89.00578997599996, 13.574520569000072 ], [ -88.99882153599998, 13.565461597000024 ], [ -88.994640472999947, 13.562674222000055 ], [ -88.996034159999965, 13.573126881000064 ], [ -88.99882153599998, 13.575217413000075 ], [ -88.989307979999978, 13.588808209000035 ], [ -88.989065720999974, 13.589154293000036 ], [ -88.992540316000174, 13.589337166434913 ], [ -89.002305755999942, 13.589851137000039 ], [ -89.021120542999938, 13.606575392000025 ], [ -89.022514230999946, 13.611453300000051 ], [ -89.025998450999964, 13.612150144000054 ], [ -89.028088982999975, 13.62190595900006 ], [ -89.041436224999984, 13.620351461000041 ], [ -89.054569053999955, 13.617724895000038 ], [ -89.067112245999965, 13.622602803000063 ], [ -89.078594089999967, 13.616041749000033 ] ] ] } },
{ "type": "Feature", "properties": { "shapeName": "San Jose Guayabal", "shapeISO": "", "shapeID": "79315794B3806321694601", "shapeGroup": "SLV", "shapeType": "ADM2" }, "geometry": { "type": "Polygon", "coordinates": [ [ [ -89.151339907999954, 13.854279494000025 ], [ -89.128434514999981, 13.855348690000028 ], [ -89.118678698999986, 13.841411810000068 ], [ -89.110316571999988, 13.814234895000027 ], [ -89.103348131999951, 13.812841207000076 ], [ -89.102965603999962, 13.812145701000077 ], [ -89.085927032999962, 13.814234895000027 ], [ -89.075474372999963, 13.811447520000058 ], [ -89.075539011999979, 13.812804946000028 ], [ -89.076171216999967, 13.826081243000033 ], [ -89.083139656999947, 13.835140215000024 ], [ -89.085927032999962, 13.853955002000077 ], [ -89.060552792999943, 13.862184485000057 ], [ -89.060143805999985, 13.862317129000076 ], [ -89.059446961999981, 13.869982413000059 ], [ -89.063628025999947, 13.875557165000032 ], [ -89.083836500999951, 13.874163477000025 ], [ -89.090804940999988, 13.882525605000069 ], [ -89.091501785, 13.888100356000052 ], [ -89.097773379999978, 13.892978264000021 ], [ -89.115194479999957, 13.895765640000036 ], [ -89.128641868999978, 13.901146635000032 ], [ -89.127793418999943, 13.897187202000055 ], [ -89.134037140999965, 13.894065341000044 ], [ -89.148754484999984, 13.882023877000051 ], [ -89.158566047999955, 13.876672115000076 ], [ -89.148754484999984, 13.863738691000037 ], [ -89.152768306999974, 13.859278890000041 ], [ -89.151339907999954, 13.854279494000025 ] ] ] } },
{ "type": "Feature", "properties": { "shapeName": "San Martin", "shapeISO": "", "shapeID": "79315794B76492657224613", "shapeGroup": "SLV", "shapeType": "ADM2" }, "geometry": { "type": "Polygon", "coordinates": [ [ [ -89.080352280999989, 13.713192520000064 ], [ -89.067112245999965, 13.71737358300004 ], [ -89.063628025999947, 13.713192520000064 ], [ -89.040632174999985, 13.713889363000021 ], [ -89.033663734999948, 13.722948335000069 ], [ -89.033663734999948, 13.729219931000046 ], [ -89.048297457999979, 13.759184222000044 ], [ -89.04929733299997, 13.760125281000057 ], [ -89.060143805999985, 13.770333725000057 ], [ -89.062931181999943, 13.78148322900006 ], [ -89.071293308999941, 13.79542010800003 ], [ -89.07546528599994, 13.812503062000076 ], [ -89.075539011999979, 13.812804946000028 ], [ -89.075474372999963, 13.811447520000058 ], [ -89.085927032999962, 13.814234895000027 ], [ -89.102965603999962, 13.812145701000077 ], [ -89.095682847999967, 13.798904328000049 ], [ -89.097076535999975, 13.758487378000041 ], [ -89.09428915999996, 13.750125250000053 ], [ -89.094986003999963, 13.731310463000057 ], [ -89.096379691999971, 13.720160959000054 ], [ -89.080352280999989, 13.713192520000064 ] ] ] } },
{ "type": "Feature", "properties": { "shapeName": "San Miguel Tepezontes", "shapeISO": "", "shapeID": "79315794B16345419733055", "shapeGroup": "SLV", "shapeType": "ADM2" }, "geometry": { "type": "Polygon", "coordinates": [ [ [ -89.041436224999984, 13.620351461000041 ], [ -89.028088982999975, 13.62190595900006 ], [ -89.020776023999986, 13.635717964000037 ], [ -89.008788077999952, 13.643709928000021 ], [ -89.008693809999954, 13.646349432000022 ], [ -89.00859023299995, 13.649249581000049 ], [ -89.008502649999969, 13.651701892000062 ], [ -89.02648456999998, 13.65227274700004 ], [ -89.03647452499996, 13.644280783000056 ], [ -89.035903669999982, 13.641426510000031 ], [ -89.038187088999962, 13.638001383000073 ], [ -89.044597454999973, 13.634555262000049 ], [ -89.042722706999939, 13.633055463000062 ], [ -89.040632174999985, 13.620512271000052 ], [ -89.041436224999984, 13.620351461000041 ] ] ] } },
{ "type": "Feature", "properties": { "shapeName": "El Rosario", "shapeISO": "", "shapeID": "79315794B45155466226613", "shapeGroup": "SLV", "shapeType": "ADM2" }, "geometry": { "type": "Polygon", "coordinates": [ [ [ -88.999323263999941, 13.546618936000073 ], [ -89.030876359, 13.549434186000042 ], [ -89.044813237999961, 13.54037521500004 ], [ -89.046903769999972, 13.532013087000053 ], [ -89.044813237999961, 13.513198300000056 ], [ -89.042025862999935, 13.50832039200003 ], [ -89.040632174999985, 13.497867732000032 ], [ -89.035754266999959, 13.486021385000072 ], [ -89.036451110999963, 13.459541314000035 ], [ -89.013455259999944, 13.449088654000036 ], [ -89.007880507999971, 13.434454931000062 ], [ -89.004396287999953, 13.424002271000063 ], [ -88.99324678499994, 13.419124363000037 ], [ -88.985581500999956, 13.420518051000045 ], [ -88.986975188999963, 13.428880179000032 ], [ -88.986975188999963, 13.449088654000036 ], [ -88.992549940999936, 13.453966562000062 ], [ -88.992549940999936, 13.462328690000049 ], [ -88.985581500999956, 13.476962413000024 ], [ -88.987672032999967, 13.499958264000043 ], [ -89.011364728, 13.512501456000052 ], [ -89.004396287999953, 13.52783202300003 ], [ -88.99882153599998, 13.534800463000067 ], [ -88.999323263999941, 13.546618936000073 ] ] ] } },
{ "type": "Feature", "properties": { "shapeName": "San Juan Tepezontes", "shapeISO": "", "shapeID": "79315794B40906067193470", "shapeGroup": "SLV", "shapeType": "ADM2" }, "geometry": { "type": "Polygon", "coordinates": [ [ [ -88.992540316000174, 13.589337166434913 ], [ -88.992549940999936, 13.610059612000043 ], [ -88.989762564999978, 13.619815427000049 ], [ -88.97930990499998, 13.623996491000071 ], [ -88.979698716999962, 13.624709314000029 ], [ -88.983490968999945, 13.631661775000055 ], [ -88.985716770999943, 13.635371444000043 ], [ -88.987672032999967, 13.638630215000035 ], [ -88.99882153599998, 13.646992342000033 ], [ -89.008693809999954, 13.646349432000022 ], [ -89.008788077999952, 13.643709928000021 ], [ -89.020776023999986, 13.635717964000037 ], [ -89.028088982999975, 13.62190595900006 ], [ -89.025998450999964, 13.612150144000054 ], [ -89.022514230999946, 13.611453300000051 ], [ -89.021120542999938, 13.606575392000025 ], [ -89.002305755999942, 13.589851137000039 ], [ -88.992540316000174, 13.589337166434913 ] ] ] } },
{ "type": "Feature", "properties": { "shapeName": "Oratorio de Concepcion", "shapeISO": "", "shapeID": "79315794B20634553620761", "shapeGroup": "SLV", "shapeType": "ADM2" }, "geometry": { "type": "Polygon", "coordinates": [ [ [ -89.075539011999979, 13.812804946000028 ], [ -89.07546528599994, 13.812503062000076 ], [ -89.046171987999969, 13.823641018000046 ], [ -89.043419550999943, 13.824687555000025 ], [ -89.037147954999966, 13.84001812200006 ], [ -89.045510081999964, 13.854651846000024 ], [ -89.055265897999959, 13.854651846000024 ], [ -89.058019577999971, 13.858575223000059 ], [ -89.060552792999943, 13.862184485000057 ], [ -89.085927032999962, 13.853955002000077 ], [ -89.083139656999947, 13.835140215000024 ], [ -89.076171216999967, 13.826081243000033 ], [ -89.075539011999979, 13.812804946000028 ] ] ] } },
{ "type": "Feature", "properties": { "shapeName": "San Bartolome Perulapia", "shapeISO": "", "shapeID": "79315794B68929541258956", "shapeGroup": "SLV", "shapeType": "ADM2" }, "geometry": { "type": "Polygon", "coordinates": [ [ [ -89.04929733299997, 13.760125281000057 ], [ -89.046903769999972, 13.782876917000067 ], [ -89.044813237999961, 13.789845356000058 ], [ -89.053872209999952, 13.794723264000027 ], [ -89.053872209999952, 13.805872768000029 ], [ -89.044813237999961, 13.812841207000076 ], [ -89.046171987999969, 13.823641018000046 ], [ -89.07546528599994, 13.812503062000076 ], [ -89.071293308999941, 13.79542010800003 ], [ -89.062931181999943, 13.78148322900006 ], [ -89.060143805999985, 13.770333725000057 ], [ -89.04929733299997, 13.760125281000057 ] ] ] } },
{ "type": "Feature", "properties": { "shapeName": "San Pedro Perulapan", "shapeISO": "", "shapeID": "79315794B92906817022615", "shapeGroup": "SLV", "shapeType": "ADM2" }, "geometry": { "type": "Polygon", "coordinates": [ [ [ -89.033663734999948, 13.722948335000069 ], [ -89.034440883999935, 13.721938041000044 ], [ -89.021817386999942, 13.711798832000056 ], [ -89.006486819999964, 13.722948335000069 ], [ -88.996034159999965, 13.723645179000073 ], [ -88.993943628999943, 13.741763122000066 ], [ -88.996034159999965, 13.744550498000024 ], [ -88.995337315999961, 13.754306314000075 ], [ -88.982794124999941, 13.76894003700005 ], [ -88.989065720999974, 13.780089541000052 ], [ -88.987672032999967, 13.78845166800005 ], [ -88.981675547999942, 13.796247099000027 ], [ -88.980703592999987, 13.797510640000041 ], [ -88.985581500999956, 13.806569612000033 ], [ -89.005093131999956, 13.826778087000037 ], [ -89.00578997599996, 13.831655995000062 ], [ -89.013455259999944, 13.842108654000072 ], [ -89.014848947999951, 13.86440766100003 ], [ -89.01833316799997, 13.869982413000059 ], [ -89.040632174999985, 13.871376101000067 ], [ -89.055962741999963, 13.867891881000048 ], [ -89.058019577999971, 13.858575223000059 ], [ -89.055265897999959, 13.854651846000024 ], [ -89.045510081999964, 13.854651846000024 ], [ -89.037147954999966, 13.84001812200006 ], [ -89.043419550999943, 13.824687555000025 ], [ -89.046171987999969, 13.823641018000046 ], [ -89.044813237999961, 13.812841207000076 ], [ -89.053872209999952, 13.805872768000029 ], [ -89.053872209999952, 13.794723264000027 ], [ -89.044813237999961, 13.789845356000058 ], [ -89.046903769999972, 13.782876917000067 ], [ -89.04929733299997, 13.760125281000057 ], [ -89.048297457999979, 13.759184222000044 ], [ -89.033663734999948, 13.729219931000046 ], [ -89.033663734999948, 13.722948335000069 ] ] ] } },
{ "type": "Feature", "properties": { "shapeName": "Suchitoto", "shapeISO": "", "shapeID": "79315794B22426566538206", "shapeGroup": "SLV", "shapeType": "ADM2" }, "geometry": { "type": "Polygon", "coordinates": [ [ [ -89.156386130999977, 14.049088160000053 ], [ -89.15282405399995, 14.037224966000053 ], [ -89.153520897999954, 13.998201704000053 ], [ -89.161186181999938, 13.991930108000076 ], [ -89.161350144999972, 13.991889117000028 ], [ -89.157005117999972, 13.983567981000022 ], [ -89.161883025999941, 13.973115321000023 ], [ -89.170941996999943, 13.966146881000043 ], [ -89.172837412999968, 13.966146881000043 ], [ -89.171053491999942, 13.952042759000051 ], [ -89.167485650999936, 13.945799037000029 ], [ -89.16213388999995, 13.941339236000033 ], [ -89.155890167999985, 13.932865613000047 ], [ -89.149646445999963, 13.915026407000028 ], [ -89.142510762999962, 13.907890725000073 ], [ -89.136713020999935, 13.907444745000078 ], [ -89.129131358999985, 13.903430924000077 ], [ -89.128641868999978, 13.901146635000032 ], [ -89.115194479999957, 13.895765640000036 ], [ -89.097773379999978, 13.892978264000021 ], [ -89.091501785, 13.888100356000052 ], [ -89.090804940999988, 13.882525605000069 ], [ -89.083836500999951, 13.874163477000025 ], [ -89.063628025999947, 13.875557165000032 ], [ -89.059446961999981, 13.869982413000059 ], [ -89.060143805999985, 13.862317129000076 ], [ -89.060552792999943, 13.862184485000057 ], [ -89.058019577999971, 13.858575223000059 ], [ -89.055962741999963, 13.867891881000048 ], [ -89.040632174999985, 13.871376101000067 ], [ -89.01833316799997, 13.869982413000059 ], [ -89.007824759999949, 13.884253778000073 ], [ -88.993999375999977, 13.886483678000047 ], [ -88.994445355999972, 13.905660824000051 ], [ -88.985079772999939, 13.913688467000043 ], [ -88.997121236999988, 13.917702288000044 ], [ -89.006486819999964, 13.926621891000025 ], [ -89.010500640999965, 13.933311593000042 ], [ -89.012284562, 13.940447276000043 ], [ -89.025217985999973, 13.944907077000039 ], [ -89.027001906999942, 13.958732461000068 ], [ -89.031907688, 13.963192263000053 ], [ -89.027447886999937, 13.97077392500006 ], [ -89.031461707999938, 13.977017647000025 ], [ -89.03859738999995, 13.977017647000025 ], [ -89.042165230999956, 13.987275190000048 ], [ -89.050638853999942, 13.986829210000053 ], [ -89.055990615999974, 13.989505091000069 ], [ -89.058220515999949, 13.99842469400005 ], [ -89.055098654999938, 14.001100575000066 ], [ -89.049746893999952, 14.002884495000046 ], [ -89.049746893999952, 14.007790277000026 ], [ -89.047962972999983, 14.010020178000048 ], [ -89.049300913999957, 14.014925959000038 ], [ -89.065802178999945, 14.02295360200003 ], [ -89.070261979999941, 14.023845562000076 ], [ -89.072045900999967, 14.030981244000031 ], [ -89.079181582999979, 14.038116927000033 ], [ -89.094790887999977, 14.039008887000023 ], [ -89.108616272999939, 14.032765165000058 ], [ -89.111292152999965, 14.033657125000047 ], [ -89.125563517999979, 14.045252609000045 ], [ -89.127793418999943, 14.055064172000073 ], [ -89.132253219999939, 14.054618192000078 ], [ -89.141674550999937, 14.060220817000072 ], [ -89.143765081999959, 14.050465002000067 ], [ -89.156386130999977, 14.049088160000053 ] ] ] } },
{ "type": "Feature", "properties": { "shapeName": "Tenancingo", "shapeISO": "", "shapeID": "79315794B69237324383311", "shapeGroup": "SLV", "shapeType": "ADM2" }, "geometry": { "type": "Polygon", "coordinates": [ [ [ -88.980703592999987, 13.797510640000041 ], [ -88.96456468699995, 13.806653233000077 ], [ -88.962334785999985, 13.810221074000026 ], [ -88.930670195999937, 13.818248717000074 ], [ -88.930699625999978, 13.818660739000052 ], [ -88.93076611965644, 13.819591648621111 ], [ -88.930996191999952, 13.822812656000053 ], [ -88.931116175999989, 13.824492439000039 ], [ -88.935129997, 13.82939822000003 ], [ -88.934238036999943, 13.840993704000027 ], [ -88.941373718999955, 13.846345466000059 ], [ -88.943603619999976, 13.85125124700005 ], [ -88.948509401999956, 13.853927128000066 ], [ -88.949572892999981, 13.859244584000066 ], [ -88.949847341999941, 13.860616830000026 ], [ -88.972146348999956, 13.859724870000036 ], [ -88.987755653999955, 13.87488819500004 ], [ -88.993999375999977, 13.877564076000056 ], [ -88.993999375999977, 13.886483678000047 ], [ -89.007824759999949, 13.884253778000073 ], [ -89.01833316799997, 13.869982413000059 ], [ -89.014848947999951, 13.86440766100003 ], [ -89.013455259999944, 13.842108654000072 ], [ -89.00578997599996, 13.831655995000062 ], [ -89.005093131999956, 13.826778087000037 ], [ -88.985581500999956, 13.806569612000033 ], [ -88.980703592999987, 13.797510640000041 ] ] ] } },
{ "type": "Feature", "properties": { "shapeName": "Cinquera", "shapeISO": "", "shapeID": "79315794B74601792189974", "shapeGroup": "SLV", "shapeType": "ADM2" }, "geometry": { "type": "Polygon", "coordinates": [ [ [ -88.993999375999977, 13.886483678000047 ], [ -88.993999375999977, 13.877564076000056 ], [ -88.987755653999955, 13.87488819500004 ], [ -88.972146348999956, 13.859724870000036 ], [ -88.949847341999941, 13.860616830000026 ], [ -88.949572892999981, 13.859244584000066 ], [ -88.94226568, 13.866414572000053 ], [ -88.944495579999966, 13.875780155000029 ], [ -88.950293321999936, 13.882469857000046 ], [ -88.952077242999962, 13.888267599000073 ], [ -88.951185281999983, 13.901201023000056 ], [ -88.947802622999973, 13.90754350900005 ], [ -88.947617440999977, 13.907890725000073 ], [ -88.952969202999952, 13.918148268000039 ], [ -88.950739301999988, 13.929297772000041 ], [ -88.96367272599997, 13.936879434000048 ], [ -88.968132527999956, 13.933311593000042 ], [ -88.968132527999956, 13.929743752000036 ], [ -88.980619971999943, 13.919040229000075 ], [ -88.987924818999943, 13.914826485000049 ], [ -88.985079772999939, 13.913688467000043 ], [ -88.994445355999972, 13.905660824000051 ], [ -88.993999375999977, 13.886483678000047 ] ] ] } },
{ "type": "Feature", "properties": { "shapeName": "Teujutepeque", "shapeISO": "", "shapeID": "79315794B23390079838525", "shapeGroup": "SLV", "shapeType": "ADM2" }, "geometry": { "type": "Polygon", "coordinates": [ [ [ -88.930996191999952, 13.822812656000053 ], [ -88.920858632999966, 13.834304002000067 ], [ -88.911047069999938, 13.834749982000062 ], [ -88.906587267999953, 13.841885664000074 ], [ -88.906141287999958, 13.84946732700007 ], [ -88.888302081999939, 13.866860552000048 ], [ -88.889194042999975, 13.870428393000054 ], [ -88.878490518999968, 13.880239956000025 ], [ -88.873138757999982, 13.882023877000051 ], [ -88.874167942999975, 13.887169802000074 ], [ -88.874922677999962, 13.890943480000033 ], [ -88.878936498999963, 13.892281420000074 ], [ -88.887410121999949, 13.892281420000074 ], [ -88.897667664999972, 13.885145738000062 ], [ -88.911047069999938, 13.889159559000063 ], [ -88.917736771999955, 13.899863083000071 ], [ -88.918628731999945, 13.907890725000073 ], [ -88.927548334999983, 13.913242487000048 ], [ -88.93914381899998, 13.915026407000028 ], [ -88.947802622999973, 13.90754350900005 ], [ -88.951185281999983, 13.901201023000056 ], [ -88.952077242999962, 13.888267599000073 ], [ -88.950293321999936, 13.882469857000046 ], [ -88.944495579999966, 13.875780155000029 ], [ -88.94226568, 13.866414572000053 ], [ -88.949572892999981, 13.859244584000066 ], [ -88.948509401999956, 13.853927128000066 ], [ -88.943603619999976, 13.85125124700005 ], [ -88.941373718999955, 13.846345466000059 ], [ -88.934238036999943, 13.840993704000027 ], [ -88.935129997, 13.82939822000003 ], [ -88.931116175999989, 13.824492439000039 ], [ -88.930996191999952, 13.822812656000053 ] ] ] } },
{ "type": "Feature", "properties": { "shapeName": "Jutiapa", "shapeISO": "", "shapeID": "79315794B78651790213252", "shapeGroup": "SLV", "shapeType": "ADM2" }, "geometry": { "type": "Polygon", "coordinates": [ [ [ -88.850227222915038, 13.952533151567652 ], [ -88.859759352999959, 13.94802893800005 ], [ -88.871354836999956, 13.946690998000065 ], [ -88.879382479999947, 13.943569137000054 ], [ -88.884734241, 13.936879434000048 ], [ -88.912830989999975, 13.931973653000057 ], [ -88.921304612999961, 13.935987474000058 ], [ -88.931562155999984, 13.937771395000027 ], [ -88.950739301999988, 13.929297772000041 ], [ -88.952969202999952, 13.918148268000039 ], [ -88.947617440999977, 13.907890725000073 ], [ -88.947802622999973, 13.90754350900005 ], [ -88.93914381899998, 13.915026407000028 ], [ -88.927548334999983, 13.913242487000048 ], [ -88.918628731999945, 13.907890725000073 ], [ -88.917736771999955, 13.899863083000071 ], [ -88.911047069999938, 13.889159559000063 ], [ -88.897667664999972, 13.885145738000062 ], [ -88.887410121999949, 13.892281420000074 ], [ -88.878936498999963, 13.892281420000074 ], [ -88.874922677999962, 13.890943480000033 ], [ -88.874167942999975, 13.887169802000074 ], [ -88.870016896999971, 13.893619361000049 ], [ -88.864665134999939, 13.895403281000029 ], [ -88.866003074999981, 13.904322884000067 ], [ -88.855299551999963, 13.906998765000026 ], [ -88.855299551999963, 13.920824149000055 ], [ -88.851285730999962, 13.92617591100003 ], [ -88.834784464999984, 13.935095514000068 ], [ -88.796430172999976, 13.936433454000053 ], [ -88.797322132999966, 13.939109335000069 ], [ -88.803119874999936, 13.942677176000075 ], [ -88.804457815999967, 13.94802893800005 ], [ -88.812039477999974, 13.95293472000003 ], [ -88.811701421999942, 13.967729833000021 ], [ -88.813377418999949, 13.967206084000054 ], [ -88.836122405999959, 13.956502561000036 ], [ -88.843704067999965, 13.954272660000072 ], [ -88.850227222915038, 13.952533151567652 ] ] ] } },
{ "type": "Feature", "properties": { "shapeName": "Victoria", "shapeISO": "", "shapeID": "79315794B80392289599084", "shapeGroup": "SLV", "shapeType": "ADM2" }, "geometry": { "type": "Polygon", "coordinates": [ [ [ -88.713867422999954, 14.006022588000064 ], [ -88.713477866999938, 13.966314124000064 ], [ -88.715707767999959, 13.960962362000032 ], [ -88.726411290999977, 13.951150799000061 ], [ -88.727303250999967, 13.944907077000039 ], [ -88.725965310999982, 13.940447276000043 ], [ -88.714815806999979, 13.92617591100003 ], [ -88.708572084999957, 13.930189732000031 ], [ -88.704112283999962, 13.935987474000058 ], [ -88.655054467999946, 13.933757573000037 ], [ -88.646580845999949, 13.923054050000076 ], [ -88.642121043999964, 13.927067871000077 ], [ -88.636769281999989, 13.924837971000045 ], [ -88.628741639999987, 13.917702288000044 ], [ -88.62383585799995, 13.920824149000055 ], [ -88.604658711999946, 13.923054050000076 ], [ -88.594847148999975, 13.930635712000026 ], [ -88.587265486999968, 13.931973653000057 ], [ -88.570764221, 13.931973653000057 ], [ -88.572102161999965, 13.947582958000055 ], [ -88.575224022999976, 13.957840501000021 ], [ -88.57219241699994, 13.980878021000024 ], [ -88.574639299999944, 13.993010900000058 ], [ -88.577460899999949, 13.997794500000055 ], [ -88.584348899999952, 14.002455600000076 ], [ -88.586596899999961, 14.007143 ], [ -88.5940642, 14.00918340000004 ], [ -88.597368699999947, 14.006164500000068 ], [ -88.607732699999985, 14.005352500000072 ], [ -88.618118299999935, 14.014929400000028 ], [ -88.624362399999939, 14.01757340000006 ], [ -88.627688299999988, 14.022778100000039 ], [ -88.63431879999996, 14.021945300000027 ], [ -88.640069499999981, 14.016803100000061 ], [ -88.647558199999935, 14.019238900000062 ], [ -88.6533088, 14.017698300000063 ], [ -88.662689199999988, 14.024425500000063 ], [ -88.664277699999957, 14.02325090000005 ], [ -88.666356199999939, 14.014931400000023 ], [ -88.670737499999973, 14.009952300000066 ], [ -88.672911299999953, 14.009312300000033 ], [ -88.679309499999988, 14.011528800000065 ], [ -88.683569399999953, 14.01013510000007 ], [ -88.684015099999954, 14.015408 ], [ -88.681467, 14.019587300000069 ], [ -88.681923, 14.02131 ], [ -88.685639806999973, 14.023271559000023 ], [ -88.692516799999964, 14.015371939000033 ], [ -88.698760521999986, 14.014033999000048 ], [ -88.713477866999938, 14.006006356000057 ], [ -88.713867422999954, 14.006022588000064 ] ] ] } },
{ "type": "Feature", "properties": { "shapeName": "Sensuntepeque", "shapeISO": "", "shapeID": "79315794B14613066597096", "shapeGroup": "SLV", "shapeType": "ADM2" }, "geometry": { "type": "Polygon", "coordinates": [ [ [ -88.751995945023197, 14.004732937949218 ], [ -88.754062059999967, 14.000208615000076 ], [ -88.758521860999963, 14.001546555000061 ], [ -88.766103523999959, 13.993964893000054 ], [ -88.778144986999962, 13.981031468000026 ], [ -88.790632430999949, 13.980139508000036 ], [ -88.795984192999981, 13.976125687000035 ], [ -88.803119874999936, 13.973895786000071 ], [ -88.806241735999947, 13.969435985000075 ], [ -88.811701421999942, 13.967729833000021 ], [ -88.812039477999974, 13.95293472000003 ], [ -88.804457815999967, 13.94802893800005 ], [ -88.803119874999936, 13.942677176000075 ], [ -88.797322132999966, 13.939109335000069 ], [ -88.796430172999976, 13.936433454000053 ], [ -88.773239205999971, 13.927959832000056 ], [ -88.771455284999945, 13.930635712000026 ], [ -88.750048237999977, 13.931081693000067 ], [ -88.750048237999977, 13.922162090000029 ], [ -88.742020595999975, 13.912796507000053 ], [ -88.74246657599997, 13.906106805000036 ], [ -88.738006774999974, 13.90253896400003 ], [ -88.735776873999953, 13.895403281000029 ], [ -88.734100690037451, 13.888139817997798 ], [ -88.733100992999937, 13.883807798000078 ], [ -88.711693945999968, 13.866860552000048 ], [ -88.692962779999959, 13.867752512000038 ], [ -88.69235434999996, 13.866468049000048 ], [ -88.689840918999948, 13.87310427400007 ], [ -88.683597196999983, 13.879347996000035 ], [ -88.671109752999939, 13.878010056000051 ], [ -88.664866030999974, 13.891835440000023 ], [ -88.660406229999978, 13.894957301000034 ], [ -88.660406229999978, 13.898079162000045 ], [ -88.647472805999939, 13.910566606000032 ], [ -88.643458984999938, 13.911012586000027 ], [ -88.637215262999973, 13.907890725000073 ], [ -88.634985361999952, 13.861954771000057 ], [ -88.638553202999958, 13.861508790000073 ], [ -88.640337123999984, 13.853481148000071 ], [ -88.649256725999976, 13.847237426000049 ], [ -88.653716527999961, 13.85214320700004 ], [ -88.653716527999961, 13.85615702900003 ], [ -88.665312010999969, 13.865522612000063 ], [ -88.675569554999981, 13.847237426000049 ], [ -88.667987891999985, 13.846345466000059 ], [ -88.665757991999953, 13.820032637000054 ], [ -88.658622308999952, 13.817802737000022 ], [ -88.652824566999982, 13.807545193000067 ], [ -88.642121043999964, 13.816018816000053 ], [ -88.630525559999967, 13.818694697000069 ], [ -88.610010473999978, 13.815572836000058 ], [ -88.57745392399994, 13.831628121000051 ], [ -88.572994121999955, 13.835195962000057 ], [ -88.572102161999965, 13.845899485000075 ], [ -88.565412459999948, 13.848129386000039 ], [ -88.557384816999956, 13.855265068000051 ], [ -88.554262955999945, 13.858832910000046 ], [ -88.555154915999935, 13.861508790000073 ], [ -88.546235313999944, 13.869090453000069 ], [ -88.544451392999974, 13.874442215000045 ], [ -88.537315710999962, 13.882469857000046 ], [ -88.533747869999956, 13.885145738000062 ], [ -88.52616620699996, 13.876226135000024 ], [ -88.522598365999954, 13.878456036000046 ], [ -88.521706405999964, 13.888267599000073 ], [ -88.515016703999947, 13.89763318200005 ], [ -88.502800314999945, 13.900606348000053 ], [ -88.505638, 13.908704900000032 ], [ -88.511088299999983, 13.911641700000075 ], [ -88.509736399999952, 13.918181700000048 ], [ -88.506645599999956, 13.92185 ], [ -88.508061899999973, 13.927681600000028 ], [ -88.506388199999947, 13.93574140000004 ], [ -88.507010399999956, 13.94155180000007 ], [ -88.505631799999946, 13.944381500000077 ], [ -88.498711899999989, 13.949862600000074 ], [ -88.497685599999954, 13.952775100000053 ], [ -88.5000581, 13.960585600000059 ], [ -88.499757699999975, 13.966999300000055 ], [ -88.509542399999987, 13.973995800000068 ], [ -88.525013399999978, 13.981804100000033 ], [ -88.529033699999957, 13.985450200000059 ], [ -88.53737, 13.984263400000032 ], [ -88.539902, 13.985085900000058 ], [ -88.5473156, 13.982675700000073 ], [ -88.548785499999951, 13.980281200000036 ], [ -88.557668899999953, 13.983191100000056 ], [ -88.567770099999962, 13.977980400000035 ], [ -88.57219241699994, 13.980878021000024 ], [ -88.575224022999976, 13.957840501000021 ], [ -88.572102161999965, 13.947582958000055 ], [ -88.570764221, 13.931973653000057 ], [ -88.587265486999968, 13.931973653000057 ], [ -88.594847148999975, 13.930635712000026 ], [ -88.604658711999946, 13.923054050000076 ], [ -88.62383585799995, 13.920824149000055 ], [ -88.628741639999987, 13.917702288000044 ], [ -88.636769281999989, 13.924837971000045 ], [ -88.642121043999964, 13.927067871000077 ], [ -88.646580845999949, 13.923054050000076 ], [ -88.655054467999946, 13.933757573000037 ], [ -88.704112283999962, 13.935987474000058 ], [ -88.708572084999957, 13.930189732000031 ], [ -88.714815806999979, 13.92617591100003 ], [ -88.725965310999982, 13.940447276000043 ], [ -88.727303250999967, 13.944907077000039 ], [ -88.726411290999977, 13.951150799000061 ], [ -88.715707767999959, 13.960962362000032 ], [ -88.713477866999938, 13.966314124000064 ], [ -88.713867422999954, 14.006022588000064 ], [ -88.724181389999956, 14.006452337000042 ], [ -88.751386178999951, 14.003330476000031 ], [ -88.751995945023197, 14.004732937949218 ] ] ] } },
{ "type": "Feature", "properties": { "shapeName": "Guacoteci", "shapeISO": "", "shapeID": "79315794B37793229962315", "shapeGroup": "SLV", "shapeType": "ADM2" }, "geometry": { "type": "Polygon", "coordinates": [ [ [ -88.69235434999996, 13.866468049000048 ], [ -88.688948958999958, 13.859278890000041 ], [ -88.69117885999998, 13.85214320700004 ], [ -88.683151216999988, 13.846345466000059 ], [ -88.675569554999981, 13.847237426000049 ], [ -88.665312010999969, 13.865522612000063 ], [ -88.653716527999961, 13.85615702900003 ], [ -88.653716527999961, 13.85214320700004 ], [ -88.649256725999976, 13.847237426000049 ], [ -88.640337123999984, 13.853481148000071 ], [ -88.638553202999958, 13.861508790000073 ], [ -88.634985361999952, 13.861954771000057 ], [ -88.637215262999973, 13.907890725000073 ], [ -88.643458984999938, 13.911012586000027 ], [ -88.647472805999939, 13.910566606000032 ], [ -88.660406229999978, 13.898079162000045 ], [ -88.660406229999978, 13.894957301000034 ], [ -88.664866030999974, 13.891835440000023 ], [ -88.671109752999939, 13.878010056000051 ], [ -88.683597196999983, 13.879347996000035 ], [ -88.689840918999948, 13.87310427400007 ], [ -88.69235434999996, 13.866468049000048 ] ] ] } },
{ "type": "Feature", "properties": { "shapeName": "Ciudad Ilobasco", "shapeISO": "", "shapeID": "79315794B91791198774998", "shapeGroup": "SLV", "shapeType": "ADM2" }, "geometry": { "type": "Polygon", "coordinates": [ [ [ -88.930699625999978, 13.818660739000052 ], [ -88.929778235999947, 13.810667054000021 ], [ -88.924426473999972, 13.806207253000025 ], [ -88.92388307799996, 13.806143324000061 ], [ -88.916844811999965, 13.805315293000035 ], [ -88.901235506999967, 13.804423332000056 ], [ -88.896775704999982, 13.80174745100004 ], [ -88.890698184114811, 13.795780430706341 ], [ -88.8830324335906, 13.788254057731461 ], [ -88.872696830999985, 13.77810637500005 ], [ -88.872246796999946, 13.777664524000045 ], [ -88.854407591999973, 13.792827849000048 ], [ -88.832554564999953, 13.792827849000048 ], [ -88.828540742999962, 13.790151968000032 ], [ -88.801335954999956, 13.790597948000027 ], [ -88.784388708999984, 13.79996353100006 ], [ -88.773239205999971, 13.803977352000061 ], [ -88.755845979999947, 13.807545193000067 ], [ -88.759413820999953, 13.830736161000061 ], [ -88.746480396999971, 13.84946732700007 ], [ -88.750048237999977, 13.870874373000049 ], [ -88.749156277999987, 13.87979397600003 ], [ -88.739344714999959, 13.887821619000022 ], [ -88.734100690037451, 13.888139817997798 ], [ -88.735776873999953, 13.895403281000029 ], [ -88.738006774999974, 13.90253896400003 ], [ -88.74246657599997, 13.906106805000036 ], [ -88.742020595999975, 13.912796507000053 ], [ -88.750048237999977, 13.922162090000029 ], [ -88.750048237999977, 13.931081693000067 ], [ -88.771455284999945, 13.930635712000026 ], [ -88.773239205999971, 13.927959832000056 ], [ -88.796430172999976, 13.936433454000053 ], [ -88.834784464999984, 13.935095514000068 ], [ -88.851285730999962, 13.92617591100003 ], [ -88.855299551999963, 13.920824149000055 ], [ -88.855299551999963, 13.906998765000026 ], [ -88.866003074999981, 13.904322884000067 ], [ -88.864665134999939, 13.895403281000029 ], [ -88.870016896999971, 13.893619361000049 ], [ -88.874167942999975, 13.887169802000074 ], [ -88.873138757999982, 13.882023877000051 ], [ -88.878490518999968, 13.880239956000025 ], [ -88.889194042999975, 13.870428393000054 ], [ -88.888302081999939, 13.866860552000048 ], [ -88.906141287999958, 13.84946732700007 ], [ -88.906587267999953, 13.841885664000074 ], [ -88.911047069999938, 13.834749982000062 ], [ -88.920858632999966, 13.834304002000067 ], [ -88.930996191999952, 13.822812656000053 ], [ -88.93076611965644, 13.819591648621111 ], [ -88.930699625999978, 13.818660739000052 ] ] ] } },
{ "type": "Feature", "properties": { "shapeName": "San Isidro", "shapeISO": "", "shapeID": "79315794B41516197400917", "shapeGroup": "SLV", "shapeType": "ADM2" }, "geometry": { "type": "Polygon", "coordinates": [ [ [ -88.675569554999981, 13.847237426000049 ], [ -88.683151216999988, 13.846345466000059 ], [ -88.69117885999998, 13.85214320700004 ], [ -88.688948958999958, 13.859278890000041 ], [ -88.69235434999996, 13.866468049000048 ], [ -88.692962779999959, 13.867752512000038 ], [ -88.711693945999968, 13.866860552000048 ], [ -88.733100992999937, 13.883807798000078 ], [ -88.734100690037451, 13.888139817997798 ], [ -88.739344714999959, 13.887821619000022 ], [ -88.749156277999987, 13.87979397600003 ], [ -88.750048237999977, 13.870874373000049 ], [ -88.746480396999971, 13.84946732700007 ], [ -88.759413820999953, 13.830736161000061 ], [ -88.755845979999947, 13.807545193000067 ], [ -88.754202450999969, 13.807473735000031 ], [ -88.735330893999958, 13.806653233000077 ], [ -88.713923847, 13.799517551000065 ], [ -88.687607794999963, 13.793909212000074 ], [ -88.686719057999937, 13.793719809000038 ], [ -88.679583375999982, 13.79907157100007 ], [ -88.652824566999982, 13.796841670000049 ], [ -88.652824566999982, 13.807545193000067 ], [ -88.658622308999952, 13.817802737000022 ], [ -88.665757991999953, 13.820032637000054 ], [ -88.667987891999985, 13.846345466000059 ], [ -88.675569554999981, 13.847237426000049 ] ] ] } },
{ "type": "Feature", "properties": { "shapeName": "El Rosario", "shapeISO": "", "shapeID": "79315794B65212935039399", "shapeGroup": "SLV", "shapeType": "ADM2" }, "geometry": { "type": "Polygon", "coordinates": [ [ [ -88.92388307799996, 13.806143324000061 ], [ -88.928440294999973, 13.79996353100006 ], [ -88.928440294999973, 13.795503729000075 ], [ -88.927369942999974, 13.794968553000047 ], [ -88.926656374999936, 13.794611769000028 ], [ -88.918628731999945, 13.786138146000042 ], [ -88.915952850999986, 13.773650702000054 ], [ -88.911939029999985, 13.773650702000054 ], [ -88.903911386999937, 13.768298941000069 ], [ -88.899005605999946, 13.784354226000062 ], [ -88.894991784999945, 13.784800206000057 ], [ -88.890698184114811, 13.795780430706341 ], [ -88.896775704999982, 13.80174745100004 ], [ -88.901235506999967, 13.804423332000056 ], [ -88.916844811999965, 13.805315293000035 ], [ -88.92388307799996, 13.806143324000061 ] ] ] } },
{ "type": "Feature", "properties": { "shapeName": "San Rafael Cedros", "shapeISO": "", "shapeID": "79315794B7744042478235", "shapeGroup": "SLV", "shapeType": "ADM2" }, "geometry": { "type": "Polygon", "coordinates": [ [ [ -88.890698184114811, 13.795780430706341 ], [ -88.894991784999945, 13.784800206000057 ], [ -88.899005605999946, 13.784354226000062 ], [ -88.903911386999937, 13.768298941000069 ], [ -88.903911386999937, 13.754919537000035 ], [ -88.896775704999982, 13.752243656000076 ], [ -88.89142394299995, 13.738418271000057 ], [ -88.874922677999962, 13.738418271000057 ], [ -88.874476697999967, 13.738418271000057 ], [ -88.867433506999987, 13.751330788000075 ], [ -88.866449054999975, 13.753135616000066 ], [ -88.870016896999971, 13.759379338000031 ], [ -88.869570915999986, 13.771420802000023 ], [ -88.872696830999985, 13.77810637500005 ], [ -88.8830324335906, 13.788254057731461 ], [ -88.890698184114811, 13.795780430706341 ] ] ] } },
{ "type": "Feature", "properties": { "shapeName": "Monte San Juan", "shapeISO": "", "shapeID": "79315794B22324098183845", "shapeGroup": "SLV", "shapeType": "ADM2" }, "geometry": { "type": "Polygon", "coordinates": [ [ [ -88.981675547999942, 13.796247099000027 ], [ -88.966348606999986, 13.794611769000028 ], [ -88.958320964999984, 13.787922067000068 ], [ -88.958320964999984, 13.763839139000027 ], [ -88.961442825999939, 13.760271298000077 ], [ -88.960104884999964, 13.747783854000033 ], [ -88.956983023999953, 13.745107973000074 ], [ -88.956953424113337, 13.745105999674889 ], [ -88.943603619999976, 13.744216013000027 ], [ -88.940481758999965, 13.783016285000031 ], [ -88.930670195999937, 13.785246186000052 ], [ -88.932008135999979, 13.790597948000027 ], [ -88.927369942999974, 13.794968553000047 ], [ -88.928440294999973, 13.795503729000075 ], [ -88.928440294999973, 13.79996353100006 ], [ -88.92388307799996, 13.806143324000061 ], [ -88.924426473999972, 13.806207253000025 ], [ -88.929778235999947, 13.810667054000021 ], [ -88.930699625999978, 13.818660739000052 ], [ -88.930670195999937, 13.818248717000074 ], [ -88.962334785999985, 13.810221074000026 ], [ -88.96456468699995, 13.806653233000077 ], [ -88.980703592999987, 13.797510640000041 ], [ -88.981675547999942, 13.796247099000027 ] ] ] } },
{ "type": "Feature", "properties": { "shapeName": "Santa Cruz Michapa", "shapeISO": "", "shapeID": "79315794B63707478046471", "shapeGroup": "SLV", "shapeType": "ADM2" }, "geometry": { "type": "Polygon", "coordinates": [ [ [ -88.996034159999965, 13.723645179000073 ], [ -88.994432104999987, 13.724100256000042 ], [ -88.98641771399997, 13.726376807000065 ], [ -88.981065951999938, 13.723700927000039 ], [ -88.978760577999935, 13.725018284000043 ], [ -88.96857850799995, 13.73083660900005 ], [ -88.960996845999944, 13.733512490000066 ], [ -88.956953424113337, 13.745105999674889 ], [ -88.956983023999953, 13.745107973000074 ], [ -88.960104884999964, 13.747783854000033 ], [ -88.961442825999939, 13.760271298000077 ], [ -88.958320964999984, 13.763839139000027 ], [ -88.958320964999984, 13.787922067000068 ], [ -88.966348606999986, 13.794611769000028 ], [ -88.981675547999942, 13.796247099000027 ], [ -88.987672032999967, 13.78845166800005 ], [ -88.989065720999974, 13.780089541000052 ], [ -88.982794124999941, 13.76894003700005 ], [ -88.995337315999961, 13.754306314000075 ], [ -88.996034159999965, 13.744550498000024 ], [ -88.993943628999943, 13.741763122000066 ], [ -88.996034159999965, 13.723645179000073 ] ] ] } },
{ "type": "Feature", "properties": { "shapeName": "El Carmen", "shapeISO": "", "shapeID": "79315794B59073363211022", "shapeGroup": "SLV", "shapeType": "ADM2" }, "geometry": { "type": "Polygon", "coordinates": [ [ [ -88.927369942999974, 13.794968553000047 ], [ -88.932008135999979, 13.790597948000027 ], [ -88.930670195999937, 13.785246186000052 ], [ -88.925318433999962, 13.77721854400005 ], [ -88.921304612999961, 13.766961 ], [ -88.927548334999983, 13.75358159600006 ], [ -88.931562155999984, 13.750459735000049 ], [ -88.926210393999952, 13.747783854000033 ], [ -88.927102354999988, 13.742432093000048 ], [ -88.924872453999967, 13.734404450000056 ], [ -88.920412652999971, 13.73172856900004 ], [ -88.91729079199996, 13.73172856900004 ], [ -88.911047069999938, 13.723700927000039 ], [ -88.908371188999979, 13.727714748000039 ], [ -88.875368657999957, 13.729498668000076 ], [ -88.87536754599995, 13.729520912000055 ], [ -88.874922677999962, 13.738418271000057 ], [ -88.89142394299995, 13.738418271000057 ], [ -88.896775704999982, 13.752243656000076 ], [ -88.903911386999937, 13.754919537000035 ], [ -88.903911386999937, 13.768298941000069 ], [ -88.911939029999985, 13.773650702000054 ], [ -88.915952850999986, 13.773650702000054 ], [ -88.918628731999945, 13.786138146000042 ], [ -88.926656374999936, 13.794611769000028 ], [ -88.927369942999974, 13.794968553000047 ] ] ] } },
{ "type": "Feature", "properties": { "shapeName": "Cojutepeque", "shapeISO": "", "shapeID": "79315794B20346858369055", "shapeGroup": "SLV", "shapeType": "ADM2" }, "geometry": { "type": "Polygon", "coordinates": [ [ [ -88.956953424113337, 13.745105999674889 ], [ -88.960996845999944, 13.733512490000066 ], [ -88.96857850799995, 13.73083660900005 ], [ -88.978760577999935, 13.725018284000043 ], [ -88.971700368999961, 13.716119264000042 ], [ -88.96367272599997, 13.711659463000046 ], [ -88.952077242999962, 13.712105443000041 ], [ -88.948955381999951, 13.709429562000025 ], [ -88.934684016999938, 13.715227304000052 ], [ -88.930224215999942, 13.721471026000074 ], [ -88.925764413999957, 13.724146907000033 ], [ -88.922642552999946, 13.718349165000063 ], [ -88.921511286999987, 13.718871288000059 ], [ -88.911047069999938, 13.723700927000039 ], [ -88.91729079199996, 13.73172856900004 ], [ -88.920412652999971, 13.73172856900004 ], [ -88.924872453999967, 13.734404450000056 ], [ -88.927102354999988, 13.742432093000048 ], [ -88.926210393999952, 13.747783854000033 ], [ -88.931562155999984, 13.750459735000049 ], [ -88.927548334999983, 13.75358159600006 ], [ -88.921304612999961, 13.766961 ], [ -88.925318433999962, 13.77721854400005 ], [ -88.930670195999937, 13.785246186000052 ], [ -88.940481758999965, 13.783016285000031 ], [ -88.943603619999976, 13.744216013000027 ], [ -88.956953424113337, 13.745105999674889 ] ] ] } },
{ "type": "Feature", "properties": { "shapeName": "Candelaria", "shapeISO": "", "shapeID": "79315794B51987205560493", "shapeGroup": "SLV", "shapeType": "ADM2" }, "geometry": { "type": "Polygon", "coordinates": [ [ [ -88.994432104999987, 13.724100256000042 ], [ -88.993999375999977, 13.708537602000035 ], [ -88.993999375999977, 13.697388098000033 ], [ -89.001581037999983, 13.686238595000077 ], [ -88.999351137999952, 13.68044085300005 ], [ -88.989093593999939, 13.676427032000049 ], [ -88.98831011599998, 13.677523902000075 ], [ -88.982403891999979, 13.685792615000025 ], [ -88.948955381999951, 13.687576535000062 ], [ -88.947617440999977, 13.692036337000047 ], [ -88.950293321999936, 13.696050158000048 ], [ -88.948955381999951, 13.709429562000025 ], [ -88.952077242999962, 13.712105443000041 ], [ -88.96367272599997, 13.711659463000046 ], [ -88.971700368999961, 13.716119264000042 ], [ -88.978760577999935, 13.725018284000043 ], [ -88.981065951999938, 13.723700927000039 ], [ -88.98641771399997, 13.726376807000065 ], [ -88.994432104999987, 13.724100256000042 ] ] ] } },
{ "type": "Feature", "properties": { "shapeName": "San Ramon", "shapeISO": "", "shapeID": "79315794B61693360751920", "shapeGroup": "SLV", "shapeType": "ADM2" }, "geometry": { "type": "Polygon", "coordinates": [ [ [ -88.948955381999951, 13.709429562000025 ], [ -88.950293321999936, 13.696050158000048 ], [ -88.947617440999977, 13.692036337000047 ], [ -88.948955381999951, 13.687576535000062 ], [ -88.938251857999944, 13.678656932000024 ], [ -88.937816725999937, 13.67872563700007 ], [ -88.921304612999961, 13.68133281300004 ], [ -88.919520691999935, 13.685792615000025 ], [ -88.923534513999982, 13.691144376000068 ], [ -88.920858632999966, 13.709875542000077 ], [ -88.91729079199996, 13.712551423000036 ], [ -88.921511286999987, 13.718871288000059 ], [ -88.922642552999946, 13.718349165000063 ], [ -88.925764413999957, 13.724146907000033 ], [ -88.930224215999942, 13.721471026000074 ], [ -88.934684016999938, 13.715227304000052 ], [ -88.948955381999951, 13.709429562000025 ] ] ] } },
{ "type": "Feature", "properties": { "shapeName": "San Cristobal", "shapeISO": "", "shapeID": "79315794B97482080846399", "shapeGroup": "SLV", "shapeType": "ADM2" }, "geometry": { "type": "Polygon", "coordinates": [ [ [ -88.911047069999938, 13.723700927000039 ], [ -88.921511286999987, 13.718871288000059 ], [ -88.91729079199996, 13.712551423000036 ], [ -88.920858632999966, 13.709875542000077 ], [ -88.923534513999982, 13.691144376000068 ], [ -88.919520691999935, 13.685792615000025 ], [ -88.909709128999964, 13.687130555000067 ], [ -88.902696476024019, 13.685654206525978 ], [ -88.901235506999967, 13.685346634000041 ], [ -88.896775704999982, 13.689360456000031 ], [ -88.893653843999971, 13.695604178000053 ], [ -88.884734241, 13.700063979000049 ], [ -88.878490518999968, 13.706753681000066 ], [ -88.872692776999941, 13.70809162200004 ], [ -88.874476697999967, 13.715673284000047 ], [ -88.87536754599995, 13.729520912000055 ], [ -88.875368657999957, 13.729498668000076 ], [ -88.908371188999979, 13.727714748000039 ], [ -88.911047069999938, 13.723700927000039 ] ] ] } },
{ "type": "Feature", "properties": { "shapeName": "Santa Cruz Analquito", "shapeISO": "", "shapeID": "79315794B62931478156428", "shapeGroup": "SLV", "shapeType": "ADM2" }, "geometry": { "type": "Polygon", "coordinates": [ [ [ -88.98831011599998, 13.677523902000075 ], [ -88.979282030999968, 13.669737329000043 ], [ -88.972859916999937, 13.666526272000056 ], [ -88.972146348999956, 13.666169488000037 ], [ -88.96278076599998, 13.662155667000036 ], [ -88.957874984999989, 13.657249885000056 ], [ -88.957383341284526, 13.65719204458583 ], [ -88.950293321999936, 13.656357925000066 ], [ -88.944941559999961, 13.660817727000051 ], [ -88.942511025999977, 13.664949635000028 ], [ -88.940481758999965, 13.668399389000058 ], [ -88.937816725999937, 13.67872563700007 ], [ -88.938251857999944, 13.678656932000024 ], [ -88.948955381999951, 13.687576535000062 ], [ -88.982403891999979, 13.685792615000025 ], [ -88.98831011599998, 13.677523902000075 ] ] ] } },
{ "type": "Feature", "properties": { "shapeName": "Jerusalen", "shapeISO": "", "shapeID": "79315794B82662647576832", "shapeGroup": "SLV", "shapeType": "ADM2" }, "geometry": { "type": "Polygon", "coordinates": [ [ [ -88.937816725999937, 13.67872563700007 ], [ -88.940481758999965, 13.668399389000058 ], [ -88.942511025999977, 13.664949635000028 ], [ -88.932483376999983, 13.662305412000023 ], [ -88.930224215999942, 13.661709687000041 ], [ -88.911047069999938, 13.655911945000071 ], [ -88.915060890999939, 13.65189812400007 ], [ -88.913688644, 13.649496692000071 ], [ -88.91327696999997, 13.648776263000059 ], [ -88.897667664999972, 13.639410680000026 ], [ -88.895883744999935, 13.648330283000064 ], [ -88.899897565999936, 13.656803905000061 ], [ -88.900255232999939, 13.657241054000053 ], [ -88.903911386999937, 13.661709687000041 ], [ -88.902696476024019, 13.685654206525978 ], [ -88.909709128999964, 13.687130555000067 ], [ -88.919520691999935, 13.685792615000025 ], [ -88.921304612999961, 13.68133281300004 ], [ -88.937816725999937, 13.67872563700007 ] ] ] } },
{ "type": "Feature", "properties": { "shapeName": "Verapaz", "shapeISO": "", "shapeID": "79315794B90489018525670", "shapeGroup": "SLV", "shapeType": "ADM2" }, "geometry": { "type": "Polygon", "coordinates": [ [ [ -88.902696476024019, 13.685654206525978 ], [ -88.903911386999937, 13.661709687000041 ], [ -88.900255232999939, 13.657241054000053 ], [ -88.886964141999954, 13.650114203000044 ], [ -88.873138757999982, 13.65189812400007 ], [ -88.866449054999975, 13.656357925000066 ], [ -88.863773174999949, 13.652344104000065 ], [ -88.854853571999968, 13.651452144000075 ], [ -88.852623670999947, 13.654128024000045 ], [ -88.855745531999958, 13.665277528000047 ], [ -88.850839749999977, 13.672859190000054 ], [ -88.848163869999951, 13.674643111000023 ], [ -88.851731710999957, 13.679102912000076 ], [ -88.856191511999953, 13.679102912000076 ], [ -88.860651313999938, 13.691144376000068 ], [ -88.861016640999935, 13.692402725000022 ], [ -88.864665134999939, 13.704969761000029 ], [ -88.872692776999941, 13.70809162200004 ], [ -88.878490518999968, 13.706753681000066 ], [ -88.884734241, 13.700063979000049 ], [ -88.893653843999971, 13.695604178000053 ], [ -88.896775704999982, 13.689360456000031 ], [ -88.901235506999967, 13.685346634000041 ], [ -88.902696476024019, 13.685654206525978 ] ] ] } },
{ "type": "Feature", "properties": { "shapeName": "San Emigdo", "shapeISO": "", "shapeID": "79315794B95898658703869", "shapeGroup": "SLV", "shapeType": "ADM2" }, "geometry": { "type": "Polygon", "coordinates": [ [ [ -89.008693809999954, 13.646349432000022 ], [ -88.99882153599998, 13.646992342000033 ], [ -88.987672032999967, 13.638630215000035 ], [ -88.985716770999943, 13.635371444000043 ], [ -88.981957911999984, 13.647884302000023 ], [ -88.979728011999953, 13.65279008400006 ], [ -88.973038308999946, 13.656357925000066 ], [ -88.972859916999937, 13.666526272000056 ], [ -88.979282030999968, 13.669737329000043 ], [ -88.98831011599998, 13.677523902000075 ], [ -88.989093593999939, 13.676427032000049 ], [ -88.998905157999957, 13.68026633900007 ], [ -89.007824759999949, 13.673751151000033 ], [ -89.007378779999954, 13.65189812400007 ], [ -89.00859023299995, 13.649249581000049 ], [ -89.008693809999954, 13.646349432000022 ] ] ] } },
{ "type": "Feature", "properties": { "shapeName": "Paraíso de Osorio", "shapeISO": "", "shapeID": "79315794B78003288159238", "shapeGroup": "SLV", "shapeType": "ADM2" }, "geometry": { "type": "Polygon", "coordinates": [ [ [ -88.979698716999962, 13.624709314000029 ], [ -88.978323684999964, 13.626710840000044 ], [ -88.957383341284526, 13.65719204458583 ], [ -88.957874984999989, 13.657249885000056 ], [ -88.96278076599998, 13.662155667000036 ], [ -88.972146348999956, 13.666169488000037 ], [ -88.972859916999937, 13.666526272000056 ], [ -88.973038308999946, 13.656357925000066 ], [ -88.979728011999953, 13.65279008400006 ], [ -88.981957911999984, 13.647884302000023 ], [ -88.985716770999943, 13.635371444000043 ], [ -88.983490968999945, 13.631661775000055 ], [ -88.979698716999962, 13.624709314000029 ] ] ] } },
{ "type": "Feature", "properties": { "shapeName": "Mercedes La Ceiba", "shapeISO": "", "shapeID": "79315794B34577462540081", "shapeGroup": "SLV", "shapeType": "ADM2" }, "geometry": { "type": "Polygon", "coordinates": [ [ [ -88.932483376999983, 13.662305412000023 ], [ -88.933346076999953, 13.650114203000044 ], [ -88.913688644, 13.649496692000071 ], [ -88.915060890999939, 13.65189812400007 ], [ -88.911047069999938, 13.655911945000071 ], [ -88.930224215999942, 13.661709687000041 ], [ -88.932483376999983, 13.662305412000023 ] ] ] } },
{ "type": "Feature", "properties": { "shapeName": "Santa María Ostuma", "shapeISO": "", "shapeID": "79315794B62566819946411", "shapeGroup": "SLV", "shapeType": "ADM2" }, "geometry": { "type": "Polygon", "coordinates": [ [ [ -88.957383341284526, 13.65719204458583 ], [ -88.978323684999964, 13.626710840000044 ], [ -88.941373718999955, 13.625585295000064 ], [ -88.927548334999983, 13.633612938000056 ], [ -88.903465406999942, 13.633166958000061 ], [ -88.900568834999945, 13.631879592000075 ], [ -88.899451585999941, 13.631383037000035 ], [ -88.897667664999972, 13.639410680000026 ], [ -88.91327696999997, 13.648776263000059 ], [ -88.913688644, 13.649496692000071 ], [ -88.933346076999953, 13.650114203000044 ], [ -88.932483376999983, 13.662305412000023 ], [ -88.942511025999977, 13.664949635000028 ], [ -88.944941559999961, 13.660817727000051 ], [ -88.950293321999936, 13.656357925000066 ], [ -88.957383341284526, 13.65719204458583 ] ] ] } },
{ "type": "Feature", "properties": { "shapeName": "San Pedro Nonualco", "shapeISO": "", "shapeID": "79315794B23802298145360", "shapeGroup": "SLV", "shapeType": "ADM2" }, "geometry": { "type": "Polygon", "coordinates": [ [ [ -88.989307979999978, 13.588808209000035 ], [ -88.977498110999989, 13.598380507000059 ], [ -88.953861162999942, 13.589460904000077 ], [ -88.946725480999987, 13.594366685000068 ], [ -88.930224215999942, 13.600610407000033 ], [ -88.913722950999954, 13.589460904000077 ], [ -88.912803795999935, 13.589885129000038 ], [ -88.907925208999984, 13.592136785000037 ], [ -88.906141287999958, 13.597488546000022 ], [ -88.894545803999961, 13.611313931000041 ], [ -88.894345881999982, 13.613712996000061 ], [ -88.894099823999966, 13.616665693000073 ], [ -88.899005605999946, 13.616665693000073 ], [ -88.900568834999945, 13.631879592000075 ], [ -88.903465406999942, 13.633166958000061 ], [ -88.927548334999983, 13.633612938000056 ], [ -88.941373718999955, 13.625585295000064 ], [ -88.978323684999964, 13.626710840000044 ], [ -88.979698716999962, 13.624709314000029 ], [ -88.97930990499998, 13.623996491000071 ], [ -88.989762564999978, 13.619815427000049 ], [ -88.992549940999936, 13.610059612000043 ], [ -88.992540316000174, 13.589337166434913 ], [ -88.989065720999974, 13.589154293000036 ], [ -88.989307979999978, 13.588808209000035 ] ] ] } },
{ "type": "Feature", "properties": { "shapeName": "San Sebastian", "shapeISO": "", "shapeID": "79315794B84108847330895", "shapeGroup": "SLV", "shapeType": "ADM2" }, "geometry": { "type": "Polygon", "coordinates": [ [ [ -88.872696830999985, 13.77810637500005 ], [ -88.869570915999986, 13.771420802000023 ], [ -88.870016896999971, 13.759379338000031 ], [ -88.866449054999975, 13.753135616000066 ], [ -88.867433506999987, 13.751330788000075 ], [ -88.859795031999965, 13.752457726000046 ], [ -88.844381957999985, 13.735617516000048 ], [ -88.837141733114706, 13.721972477843847 ], [ -88.836960848, 13.721631579000075 ], [ -88.826685465999958, 13.722773288000042 ], [ -88.808988973999988, 13.733048670000073 ], [ -88.802424145999964, 13.735332089000053 ], [ -88.798713591999956, 13.741326062000041 ], [ -88.787581926999962, 13.749318026000026 ], [ -88.784442226999943, 13.750174308000055 ], [ -88.771883425999988, 13.769012509000049 ], [ -88.769885434999935, 13.77900246400003 ], [ -88.749049242999945, 13.801265793000027 ], [ -88.752759797999943, 13.802122075000057 ], [ -88.754202450999969, 13.807473735000031 ], [ -88.755845979999947, 13.807545193000067 ], [ -88.773239205999971, 13.803977352000061 ], [ -88.784388708999984, 13.79996353100006 ], [ -88.801335954999956, 13.790597948000027 ], [ -88.828540742999962, 13.790151968000032 ], [ -88.832554564999953, 13.792827849000048 ], [ -88.854407591999973, 13.792827849000048 ], [ -88.872246796999946, 13.777664524000045 ], [ -88.872696830999985, 13.77810637500005 ] ] ] } },
{ "type": "Feature", "properties": { "shapeName": "Santo Domingo", "shapeISO": "", "shapeID": "79315794B33093457347300", "shapeGroup": "SLV", "shapeType": "ADM2" }, "geometry": { "type": "Polygon", "coordinates": [ [ [ -88.874922677999962, 13.738418271000057 ], [ -88.87536754599995, 13.729520912000055 ], [ -88.874476697999967, 13.715673284000047 ], [ -88.872692776999941, 13.70809162200004 ], [ -88.864665134999939, 13.704969761000029 ], [ -88.861016640999935, 13.692402725000022 ], [ -88.842098539999938, 13.696513977000052 ], [ -88.842144486999985, 13.696728396000026 ], [ -88.842954821999967, 13.700509959000044 ], [ -88.84381110299995, 13.707074787000067 ], [ -88.845809093999947, 13.708216496000034 ], [ -88.84466738499998, 13.715066751000052 ], [ -88.840956830999971, 13.716779315000053 ], [ -88.837141733114706, 13.721972477843847 ], [ -88.844381957999985, 13.735617516000048 ], [ -88.859795031999965, 13.752457726000046 ], [ -88.867433506999987, 13.751330788000075 ], [ -88.874476697999967, 13.738418271000057 ], [ -88.874922677999962, 13.738418271000057 ] ] ] } },
{ "type": "Feature", "properties": { "shapeName": "San Lorenzo", "shapeISO": "", "shapeID": "79315794B10001749277791", "shapeGroup": "SLV", "shapeType": "ADM2" }, "geometry": { "type": "Polygon", "coordinates": [ [ [ -88.837141733114706, 13.721972477843847 ], [ -88.840956830999971, 13.716779315000053 ], [ -88.84466738499998, 13.715066751000052 ], [ -88.845809093999947, 13.708216496000034 ], [ -88.84381110299995, 13.707074787000067 ], [ -88.842954821999967, 13.700509959000044 ], [ -88.842144486999985, 13.696728396000026 ], [ -88.833357453999952, 13.682417142000077 ], [ -88.833250293999981, 13.682242613000028 ], [ -88.822118628999988, 13.682528040000022 ], [ -88.813644106999959, 13.689204936000067 ], [ -88.812699528999985, 13.689949149000029 ], [ -88.808703546999936, 13.706789360000073 ], [ -88.805278419, 13.711356196000054 ], [ -88.802424145999964, 13.735332089000053 ], [ -88.808988973999988, 13.733048670000073 ], [ -88.826685465999958, 13.722773288000042 ], [ -88.836960848, 13.721631579000075 ], [ -88.837141733114706, 13.721972477843847 ] ] ] } },
{ "type": "Feature", "properties": { "shapeName": "Tepetitan", "shapeISO": "", "shapeID": "79315794B31550147369737", "shapeGroup": "SLV", "shapeType": "ADM2" }, "geometry": { "type": "Polygon", "coordinates": [ [ [ -88.852623670999947, 13.654128024000045 ], [ -88.844096531, 13.653699884000048 ], [ -88.838458933092667, 13.642706567784597 ], [ -88.83838798499994, 13.642568219000054 ], [ -88.83610456699995, 13.642568219000054 ], [ -88.836057025999935, 13.642799983000032 ], [ -88.83382114799997, 13.653699884000048 ], [ -88.836675420999939, 13.65997928400003 ], [ -88.83382114799997, 13.670540094000046 ], [ -88.833357453999952, 13.682417142000077 ], [ -88.842144486999985, 13.696728396000026 ], [ -88.842098539999938, 13.696513977000052 ], [ -88.861016640999935, 13.692402725000022 ], [ -88.860651313999938, 13.691144376000068 ], [ -88.856191511999953, 13.679102912000076 ], [ -88.851731710999957, 13.679102912000076 ], [ -88.848163869999951, 13.674643111000023 ], [ -88.850839749999977, 13.672859190000054 ], [ -88.855745531999958, 13.665277528000047 ], [ -88.852623670999947, 13.654128024000045 ] ] ] } },
{ "type": "Feature", "properties": { "shapeName": "San Cayetano Istepeque", "shapeISO": "", "shapeID": "79315794B71390951113356", "shapeGroup": "SLV", "shapeType": "ADM2" }, "geometry": { "type": "Polygon", "coordinates": [ [ [ -88.833357453999952, 13.682417142000077 ], [ -88.83382114799997, 13.670540094000046 ], [ -88.836675420999939, 13.65997928400003 ], [ -88.83382114799997, 13.653699884000048 ], [ -88.836057025999935, 13.642799983000032 ], [ -88.819264355999962, 13.650274756000044 ], [ -88.812699528999985, 13.656268729000033 ], [ -88.81212867399995, 13.660550139000065 ], [ -88.801853291999976, 13.667971248000072 ], [ -88.802978848999942, 13.668775217000075 ], [ -88.807847264999964, 13.672252657000058 ], [ -88.806134700999962, 13.681957185000044 ], [ -88.802424145999964, 13.685382313000048 ], [ -88.808703546999936, 13.688807440000062 ], [ -88.813644106999959, 13.689204936000067 ], [ -88.822118628999988, 13.682528040000022 ], [ -88.833250293999981, 13.682242613000028 ], [ -88.833357453999952, 13.682417142000077 ] ] ] } },
{ "type": "Feature", "properties": { "shapeName": "San Esteban Catarina", "shapeISO": "", "shapeID": "79315794B99150675091026", "shapeGroup": "SLV", "shapeType": "ADM2" }, "geometry": { "type": "Polygon", "coordinates": [ [ [ -88.754202450999969, 13.807473735000031 ], [ -88.752759797999943, 13.802122075000057 ], [ -88.749049242999945, 13.801265793000027 ], [ -88.769885434999935, 13.77900246400003 ], [ -88.771883425999988, 13.769012509000049 ], [ -88.784442226999943, 13.750174308000055 ], [ -88.787581926999962, 13.749318026000026 ], [ -88.798713591999956, 13.741326062000041 ], [ -88.802424145999964, 13.735332089000053 ], [ -88.805278419, 13.711356196000054 ], [ -88.808703546999936, 13.706789360000073 ], [ -88.812699528999985, 13.689949149000029 ], [ -88.813644106999959, 13.689204936000067 ], [ -88.808703546999936, 13.688807440000062 ], [ -88.802424145999964, 13.685382313000048 ], [ -88.795859318999987, 13.692803422000054 ], [ -88.785583935999966, 13.692803422000054 ], [ -88.777306544999988, 13.700509959000044 ], [ -88.775023125999951, 13.707645641000056 ], [ -88.751332660999935, 13.715352178000046 ], [ -88.747051251999949, 13.729052688000024 ], [ -88.741342705999955, 13.73190696100005 ], [ -88.734492450999937, 13.738471789000073 ], [ -88.731352750999974, 13.737900934000038 ], [ -88.728783904999943, 13.740469780000069 ], [ -88.708518567999988, 13.741040635000047 ], [ -88.697101475999943, 13.765301954000051 ], [ -88.696816048999949, 13.773293918000036 ], [ -88.69367634799994, 13.779858746000059 ], [ -88.688538656999981, 13.781000455000026 ], [ -88.683971820999943, 13.788706992000073 ], [ -88.687607794999963, 13.793909212000074 ], [ -88.713923847, 13.799517551000065 ], [ -88.735330893999958, 13.806653233000077 ], [ -88.754202450999969, 13.807473735000031 ] ] ] } },
{ "type": "Feature", "properties": { "shapeName": "Santiago Nonualco", "shapeISO": "", "shapeID": "79315794B86595410574585", "shapeGroup": "SLV", "shapeType": "ADM2" }, "geometry": { "type": "Polygon", "coordinates": [ [ [ -88.994640472999947, 13.562674222000055 ], [ -88.994640472999947, 13.546739495000054 ], [ -88.994640472999947, 13.545949966000023 ], [ -88.999323263999941, 13.546618936000073 ], [ -88.99882153599998, 13.534800463000067 ], [ -89.004396287999953, 13.52783202300003 ], [ -89.011364728, 13.512501456000052 ], [ -88.987672032999967, 13.499958264000043 ], [ -88.985581500999956, 13.476962413000024 ], [ -88.992549940999936, 13.462328690000049 ], [ -88.992549940999936, 13.453966562000062 ], [ -88.986975188999963, 13.449088654000036 ], [ -88.986975188999963, 13.428880179000032 ], [ -88.985581500999956, 13.420518051000045 ], [ -88.99324678499994, 13.419124363000037 ], [ -89.004396287999953, 13.424002271000063 ], [ -89.007880507999971, 13.434454931000062 ], [ -89.015545791999955, 13.435151775000065 ], [ -89.019030011999973, 13.404490640000063 ], [ -89.023907918999953, 13.396825356000022 ], [ -89.022096124999962, 13.384756019000065 ], [ -89.012730541999986, 13.380742197000075 ], [ -89.010062602099524, 13.379241480852805 ], [ -89.005594859999974, 13.376728376000074 ], [ -88.998013196999977, 13.366916813000046 ], [ -88.989985554999976, 13.365132893000066 ], [ -88.985525753, 13.374944456000037 ], [ -88.973038308999946, 13.392337681000072 ], [ -88.973038308999946, 13.409730907000039 ], [ -88.965456646999939, 13.407501006000075 ], [ -88.956537043999958, 13.390107780000051 ], [ -88.948063420999972, 13.388323860000071 ], [ -88.937359897999954, 13.383418078000034 ], [ -88.932454115999974, 13.38698591900004 ], [ -88.933792056999948, 13.418204529000036 ], [ -88.952969202999952, 13.443179417000067 ], [ -88.955199103999973, 13.452099020000048 ], [ -88.956091063999963, 13.468154305000041 ], [ -88.944941559999961, 13.486439491000056 ], [ -88.944495579999966, 13.518550061000042 ], [ -88.939589798999975, 13.525685744000043 ], [ -88.933346076999953, 13.52836162400007 ], [ -88.926656374999936, 13.539957108000067 ], [ -88.92638539099994, 13.550254466000069 ], [ -88.926210393999952, 13.556904354000039 ], [ -88.924426473999972, 13.56181013500003 ], [ -88.930670195999937, 13.574743559000069 ], [ -88.920412652999971, 13.57875738000007 ], [ -88.920412652999971, 13.585001102000035 ], [ -88.912803795999935, 13.589885129000038 ], [ -88.913722950999954, 13.589460904000077 ], [ -88.930224215999942, 13.600610407000033 ], [ -88.946725480999987, 13.594366685000068 ], [ -88.953861162999942, 13.589460904000077 ], [ -88.977498110999989, 13.598380507000059 ], [ -88.989307979999978, 13.588808209000035 ], [ -88.99882153599998, 13.575217413000075 ], [ -88.996034159999965, 13.573126881000064 ], [ -88.994640472999947, 13.562674222000055 ] ] ] } },
{ "type": "Feature", "properties": { "shapeName": "Null", "shapeISO": "", "shapeID": "79315794B33887915664095", "shapeGroup": "SLV", "shapeType": "ADM2" }, "geometry": { "type": "Polygon", "coordinates": [ [ [ -89.023907918999953, 13.396825356000022 ], [ -89.029482670999982, 13.396128512000075 ], [ -89.042722706999939, 13.377313725000022 ], [ -89.046082488999957, 13.358616676000054 ], [ -89.046506559968108, 13.358845335122886 ], [ -89.046544081999969, 13.358662196000068 ], [ -88.955337899999961, 13.321158500000024 ], [ -88.927761799999985, 13.307943600000044 ], [ -88.903771576999986, 13.294376851000038 ], [ -88.898559625999951, 13.298235871000031 ], [ -88.896775704999982, 13.305371553000043 ], [ -88.915952850999986, 13.31607507700005 ], [ -88.930670195999937, 13.331684382000049 ], [ -88.936467937999964, 13.331684382000049 ], [ -88.944049599999971, 13.340158005000035 ], [ -88.949401361999946, 13.343725846000041 ], [ -88.96278076599998, 13.343279866000046 ], [ -89.005148879999979, 13.36424093200003 ], [ -89.011392601999944, 13.36424093200003 ], [ -89.017190342999982, 13.368700734000072 ], [ -89.010062602099524, 13.379241480852805 ], [ -89.012730541999986, 13.380742197000075 ], [ -89.022096124999962, 13.384756019000065 ], [ -89.023907918999953, 13.396825356000022 ] ] ] } },
{ "type": "Feature", "properties": { "shapeName": "Guadalupe", "shapeISO": "", "shapeID": "79315794B14868811920959", "shapeGroup": "SLV", "shapeType": "ADM2" }, "geometry": { "type": "Polygon", "coordinates": [ [ [ -88.897667664999972, 13.639410680000026 ], [ -88.899451585999941, 13.631383037000035 ], [ -88.900568834999945, 13.631879592000075 ], [ -88.899005605999946, 13.616665693000073 ], [ -88.894099823999966, 13.616665693000073 ], [ -88.894345881999982, 13.613712996000061 ], [ -88.886072181999964, 13.612651871000025 ], [ -88.885180220999985, 13.615773732000036 ], [ -88.875368657999957, 13.616219712000031 ], [ -88.873219179999978, 13.614428481000061 ], [ -88.872692776999941, 13.613989812000057 ], [ -88.846379948999981, 13.617111673000068 ], [ -88.846223742999939, 13.619298560000061 ], [ -88.845933968999987, 13.623355395000033 ], [ -88.849501809999936, 13.623801375000028 ], [ -88.849501809999936, 13.631383037000035 ], [ -88.84415004799996, 13.633166958000061 ], [ -88.841028186999949, 13.636734799000067 ], [ -88.838458933092667, 13.642706567784597 ], [ -88.844096531, 13.653699884000048 ], [ -88.852623670999947, 13.654128024000045 ], [ -88.854853571999968, 13.651452144000075 ], [ -88.863773174999949, 13.652344104000065 ], [ -88.866449054999975, 13.656357925000066 ], [ -88.873138757999982, 13.65189812400007 ], [ -88.886964141999954, 13.650114203000044 ], [ -88.900255232999939, 13.657241054000053 ], [ -88.899897565999936, 13.656803905000061 ], [ -88.895883744999935, 13.648330283000064 ], [ -88.897667664999972, 13.639410680000026 ] ] ] } },
{ "type": "Feature", "properties": { "shapeName": "San Rafael Obrajuelo", "shapeISO": "", "shapeID": "79315794B86177498250325", "shapeGroup": "SLV", "shapeType": "ADM2" }, "geometry": { "type": "Polygon", "coordinates": [ [ [ -88.944941559999961, 13.486439491000056 ], [ -88.93914381899998, 13.485993511000061 ], [ -88.933346076999953, 13.499372915000038 ], [ -88.929332254999963, 13.50472467700007 ], [ -88.926656374999936, 13.500264876000074 ], [ -88.922642552999946, 13.497588995000058 ], [ -88.922642552999946, 13.502494776000049 ], [ -88.924872453999967, 13.50650859700005 ], [ -88.921750592999956, 13.514982220000036 ], [ -88.920858632999966, 13.531929466000065 ], [ -88.917736771999955, 13.543970929000068 ], [ -88.913722950999954, 13.554228473000023 ], [ -88.91149305, 13.556458373000055 ], [ -88.914168930999949, 13.558242294000024 ], [ -88.915952850999986, 13.562256115000025 ], [ -88.918628731999945, 13.553336512000044 ], [ -88.922196572999951, 13.550214651000033 ], [ -88.92638539099994, 13.550254466000069 ], [ -88.926656374999936, 13.539957108000067 ], [ -88.933346076999953, 13.52836162400007 ], [ -88.939589798999975, 13.525685744000043 ], [ -88.944495579999966, 13.518550061000042 ], [ -88.944941559999961, 13.486439491000056 ] ] ] } },
{ "type": "Feature", "properties": { "shapeName": "San Juan Nonualco", "shapeISO": "", "shapeID": "79315794B7146540815247", "shapeGroup": "SLV", "shapeType": "ADM2" }, "geometry": { "type": "Polygon", "coordinates": [ [ [ -88.912803795999935, 13.589885129000038 ], [ -88.920412652999971, 13.585001102000035 ], [ -88.920412652999971, 13.57875738000007 ], [ -88.930670195999937, 13.574743559000069 ], [ -88.924426473999972, 13.56181013500003 ], [ -88.926210393999952, 13.556904354000039 ], [ -88.92638539099994, 13.550254466000069 ], [ -88.922196572999951, 13.550214651000033 ], [ -88.918628731999945, 13.553336512000044 ], [ -88.915952850999986, 13.562256115000025 ], [ -88.914168930999949, 13.558242294000024 ], [ -88.91149305, 13.556458373000055 ], [ -88.913722950999954, 13.554228473000023 ], [ -88.917736771999955, 13.543970929000068 ], [ -88.920858632999966, 13.531929466000065 ], [ -88.921750592999956, 13.514982220000036 ], [ -88.924872453999967, 13.50650859700005 ], [ -88.922642552999946, 13.502494776000049 ], [ -88.922642552999946, 13.497588995000058 ], [ -88.926656374999936, 13.500264876000074 ], [ -88.929332254999963, 13.50472467700007 ], [ -88.933346076999953, 13.499372915000038 ], [ -88.93914381899998, 13.485993511000061 ], [ -88.944941559999961, 13.486439491000056 ], [ -88.956091063999963, 13.468154305000041 ], [ -88.955199103999973, 13.452099020000048 ], [ -88.952969202999952, 13.443179417000067 ], [ -88.933792056999948, 13.418204529000036 ], [ -88.932454115999974, 13.38698591900004 ], [ -88.924259230999951, 13.378707413000029 ], [ -88.921471854999936, 13.40588432800007 ], [ -88.917754985999977, 13.427566067000043 ], [ -88.91729079199996, 13.430273867000039 ], [ -88.913806571999942, 13.439332839000031 ], [ -88.919381323999971, 13.447694966000029 ], [ -88.920775011999979, 13.465116066000064 ], [ -88.916309634999948, 13.474736972000073 ], [ -88.916024207999953, 13.48358521800003 ], [ -88.908888525999942, 13.484726927000054 ], [ -88.907461389, 13.520405339000035 ], [ -88.900896561999957, 13.536103840000067 ], [ -88.901467415999946, 13.573780242000055 ], [ -88.873780968999938, 13.611742072000027 ], [ -88.873219179999978, 13.614428481000061 ], [ -88.875368657999957, 13.616219712000031 ], [ -88.885180220999985, 13.615773732000036 ], [ -88.886072181999964, 13.612651871000025 ], [ -88.894345881999982, 13.613712996000061 ], [ -88.894545803999961, 13.611313931000041 ], [ -88.906141287999958, 13.597488546000022 ], [ -88.907925208999984, 13.592136785000037 ], [ -88.912803795999935, 13.589885129000038 ] ] ] } },
{ "type": "Feature", "properties": { "shapeName": "Dolores", "shapeISO": "", "shapeID": "79315794B94447773522509", "shapeGroup": "SLV", "shapeType": "ADM2" }, "geometry": { "type": "Polygon", "coordinates": [ [ [ -88.652824566999982, 13.807545193000067 ], [ -88.652824566999982, 13.796841670000049 ], [ -88.648364765999986, 13.789705988000037 ], [ -88.642121043999964, 13.789705988000037 ], [ -88.632309480999936, 13.783908246000067 ], [ -88.604212731999951, 13.773650702000054 ], [ -88.602874791999966, 13.761163259000057 ], [ -88.592732098148119, 13.747933658538683 ], [ -88.592617247999954, 13.747783854000033 ], [ -88.552033054999981, 13.752243656000076 ], [ -88.536423749999983, 13.747783854000033 ], [ -88.529734047999966, 13.75358159600006 ], [ -88.530626008999945, 13.768298941000069 ], [ -88.514570723999952, 13.794165789000033 ], [ -88.514124742999968, 13.806207253000025 ], [ -88.518584544999953, 13.804869312000051 ], [ -88.515908663999937, 13.815572836000058 ], [ -88.505205140999976, 13.822262538000075 ], [ -88.500299358999939, 13.82850626000004 ], [ -88.500745339, 13.852589188000024 ], [ -88.493324568999981, 13.863131406000036 ], [ -88.495767499999943, 13.866210800000033 ], [ -88.496303899999987, 13.869710600000076 ], [ -88.495660199999975, 13.872710400000074 ], [ -88.491969499999982, 13.875668500000074 ], [ -88.491754899999989, 13.877626700000064 ], [ -88.501089, 13.893957900000032 ], [ -88.502800314999945, 13.900606348000053 ], [ -88.515016703999947, 13.89763318200005 ], [ -88.521706405999964, 13.888267599000073 ], [ -88.522598365999954, 13.878456036000046 ], [ -88.52616620699996, 13.876226135000024 ], [ -88.533747869999956, 13.885145738000062 ], [ -88.537315710999962, 13.882469857000046 ], [ -88.544451392999974, 13.874442215000045 ], [ -88.546235313999944, 13.869090453000069 ], [ -88.555154915999935, 13.861508790000073 ], [ -88.554262955999945, 13.858832910000046 ], [ -88.557384816999956, 13.855265068000051 ], [ -88.565412459999948, 13.848129386000039 ], [ -88.572102161999965, 13.845899485000075 ], [ -88.572994121999955, 13.835195962000057 ], [ -88.57745392399994, 13.831628121000051 ], [ -88.610010473999978, 13.815572836000058 ], [ -88.630525559999967, 13.818694697000069 ], [ -88.642121043999964, 13.816018816000053 ], [ -88.652824566999982, 13.807545193000067 ] ] ] } },
{ "type": "Feature", "properties": { "shapeName": "Santa Clara", "shapeISO": "", "shapeID": "79315794B82083625873900", "shapeGroup": "SLV", "shapeType": "ADM2" }, "geometry": { "type": "Polygon", "coordinates": [ [ [ -88.687607794999963, 13.793909212000074 ], [ -88.683971820999943, 13.788706992000073 ], [ -88.688538656999981, 13.781000455000026 ], [ -88.69367634799994, 13.779858746000059 ], [ -88.696816048999949, 13.773293918000036 ], [ -88.697101475999943, 13.765301954000051 ], [ -88.708518567999988, 13.741040635000047 ], [ -88.728783904999943, 13.740469780000069 ], [ -88.731352750999974, 13.737900934000038 ], [ -88.734492450999937, 13.738471789000073 ], [ -88.741342705999955, 13.73190696100005 ], [ -88.747051251999949, 13.729052688000024 ], [ -88.751332660999935, 13.715352178000046 ], [ -88.756737940999983, 13.677318992000039 ], [ -88.747818337999945, 13.676427032000049 ], [ -88.733992952999984, 13.689360456000031 ], [ -88.705004243999952, 13.694266237000022 ], [ -88.681813276999947, 13.693374277000032 ], [ -88.663528090999989, 13.701847900000075 ], [ -88.651932606999935, 13.70318584000006 ], [ -88.646580845999949, 13.705861721000076 ], [ -88.64479692499998, 13.714335344000062 ], [ -88.638999182999953, 13.714781324000057 ], [ -88.614024294999979, 13.710767502000067 ], [ -88.608672532999947, 13.72593082700007 ], [ -88.597077049999939, 13.734404450000056 ], [ -88.592732098148119, 13.747933658538683 ], [ -88.602874791999966, 13.761163259000057 ], [ -88.604212731999951, 13.773650702000054 ], [ -88.632309480999936, 13.783908246000067 ], [ -88.642121043999964, 13.789705988000037 ], [ -88.648364765999986, 13.789705988000037 ], [ -88.652824566999982, 13.796841670000049 ], [ -88.679583375999982, 13.79907157100007 ], [ -88.686719057999937, 13.793719809000038 ], [ -88.687607794999963, 13.793909212000074 ] ] ] } },
{ "type": "Feature", "properties": { "shapeName": "Apastepeque", "shapeISO": "", "shapeID": "79315794B88120716083834", "shapeGroup": "SLV", "shapeType": "ADM2" }, "geometry": { "type": "Polygon", "coordinates": [ [ [ -88.802978848999942, 13.668775217000075 ], [ -88.776361066999982, 13.663047627000026 ], [ -88.750940198999956, 13.651452144000075 ], [ -88.737114813999938, 13.637626759000057 ], [ -88.685827097999947, 13.634058918000051 ], [ -88.669771812999954, 13.63004509700005 ], [ -88.652378586999987, 13.620679514000074 ], [ -88.643458984999938, 13.635396859000025 ], [ -88.630079579999972, 13.637180779000062 ], [ -88.620713996999939, 13.649222243000054 ], [ -88.624727818999986, 13.684900654000046 ], [ -88.623389877999955, 13.690252416000021 ], [ -88.614916254999969, 13.700063979000049 ], [ -88.614024294999979, 13.710767502000067 ], [ -88.638999182999953, 13.714781324000057 ], [ -88.64479692499998, 13.714335344000062 ], [ -88.646580845999949, 13.705861721000076 ], [ -88.651932606999935, 13.70318584000006 ], [ -88.663528090999989, 13.701847900000075 ], [ -88.681813276999947, 13.693374277000032 ], [ -88.705004243999952, 13.694266237000022 ], [ -88.733992952999984, 13.689360456000031 ], [ -88.747818337999945, 13.676427032000049 ], [ -88.756737940999983, 13.677318992000039 ], [ -88.751332660999935, 13.715352178000046 ], [ -88.775023125999951, 13.707645641000056 ], [ -88.777306544999988, 13.700509959000044 ], [ -88.785583935999966, 13.692803422000054 ], [ -88.795859318999987, 13.692803422000054 ], [ -88.802424145999964, 13.685382313000048 ], [ -88.806134700999962, 13.681957185000044 ], [ -88.807847264999964, 13.672252657000058 ], [ -88.802978848999942, 13.668775217000075 ] ] ] } },
{ "type": "Feature", "properties": { "shapeName": "San Vicente", "shapeISO": "", "shapeID": "79315794B54364686150997", "shapeGroup": "SLV", "shapeType": "ADM2" }, "geometry": { "type": "Polygon", "coordinates": [ [ [ -88.838458933092667, 13.642706567784597 ], [ -88.841028186999949, 13.636734799000067 ], [ -88.84415004799996, 13.633166958000061 ], [ -88.849501809999936, 13.631383037000035 ], [ -88.849501809999936, 13.623801375000028 ], [ -88.845933968999987, 13.623355395000033 ], [ -88.846223742999939, 13.619298560000061 ], [ -88.845439638007932, 13.618813072807981 ], [ -88.837246275999973, 13.613740063000023 ], [ -88.824402047999968, 13.595758143000069 ], [ -88.820976919999964, 13.570640542000035 ], [ -88.813555810999958, 13.558367168000075 ], [ -88.807847264999964, 13.55237319500003 ], [ -88.782444235999947, 13.568071696000061 ], [ -88.77045628999997, 13.560936014000049 ], [ -88.764176888999941, 13.546664649000036 ], [ -88.751332660999935, 13.543524949000073 ], [ -88.740771850999977, 13.532964140000047 ], [ -88.733636168999965, 13.532678712000063 ], [ -88.73106732399998, 13.519263630000069 ], [ -88.725073349999946, 13.500996283000063 ], [ -88.71251454999998, 13.485297782000032 ], [ -88.704237157999955, 13.48130180000004 ], [ -88.688824084999965, 13.48130180000004 ], [ -88.684848968999972, 13.485096228000032 ], [ -88.682544683999936, 13.487295773000028 ], [ -88.678548701999944, 13.520976193000024 ], [ -88.673177086999942, 13.532227779000038 ], [ -88.672893673999965, 13.532821426000055 ], [ -88.676015534999976, 13.543524949000073 ], [ -88.66843387199998, 13.55601239300006 ], [ -88.653716527999961, 13.558688274000076 ], [ -88.644350944999985, 13.562702095000077 ], [ -88.645242904999975, 13.577865420000023 ], [ -88.631417520999946, 13.595258646000048 ], [ -88.614916254999969, 13.588568944000031 ], [ -88.60109087099994, 13.593920705000073 ], [ -88.594631912999944, 13.592305966000026 ], [ -88.593955188999985, 13.592136785000037 ], [ -88.57745392399994, 13.597934527000064 ], [ -88.574059121999937, 13.608118929000057 ], [ -88.573886081999945, 13.608638050000025 ], [ -88.574622079999983, 13.620414008000068 ], [ -88.574778042999981, 13.622909415000038 ], [ -88.581021764999946, 13.625585295000064 ], [ -88.582805684999983, 13.631383037000035 ], [ -88.590833327999974, 13.634950878000041 ], [ -88.601536850999935, 13.650114203000044 ], [ -88.620713996999939, 13.649222243000054 ], [ -88.630079579999972, 13.637180779000062 ], [ -88.643458984999938, 13.635396859000025 ], [ -88.652378586999987, 13.620679514000074 ], [ -88.669771812999954, 13.63004509700005 ], [ -88.685827097999947, 13.634058918000051 ], [ -88.737114813999938, 13.637626759000057 ], [ -88.750940198999956, 13.651452144000075 ], [ -88.776361066999982, 13.663047627000026 ], [ -88.802978848999942, 13.668775217000075 ], [ -88.801853291999976, 13.667971248000072 ], [ -88.81212867399995, 13.660550139000065 ], [ -88.812699528999985, 13.656268729000033 ], [ -88.819264355999962, 13.650274756000044 ], [ -88.836057025999935, 13.642799983000032 ], [ -88.83610456699995, 13.642568219000054 ], [ -88.83838798499994, 13.642568219000054 ], [ -88.838458933092667, 13.642706567784597 ] ] ] } },
{ "type": "Feature", "properties": { "shapeName": "San Luis La Herradura", "shapeISO": "", "shapeID": "79315794B36764695607586", "shapeGroup": "SLV", "shapeType": "ADM2" }, "geometry": { "type": "Polygon", "coordinates": [ [ [ -88.989985554999976, 13.365132893000066 ], [ -88.97853278499997, 13.35771178300007 ], [ -88.964261419999957, 13.358282638000048 ], [ -88.958552873999963, 13.362849474000029 ], [ -88.954271464999977, 13.357997210000065 ], [ -88.951702618999946, 13.351146955000047 ], [ -88.945708645999957, 13.352003237000076 ], [ -88.940285527999947, 13.359995201000061 ], [ -88.932008135999979, 13.356284646000063 ], [ -88.928012153999987, 13.34458212800007 ], [ -88.901181988999951, 13.333165036000025 ], [ -88.889194042999975, 13.32574392600003 ], [ -88.889479469999969, 13.337161018000074 ], [ -88.884912632999942, 13.347721828000033 ], [ -88.88091665099995, 13.351432383000031 ], [ -88.885483487999977, 13.361993192000057 ], [ -88.872639259999971, 13.387681648000068 ], [ -88.87007041399994, 13.403951004000021 ], [ -88.872924686999966, 13.419364078000058 ], [ -88.896615151999981, 13.420505787000025 ], [ -88.911171943999989, 13.427641469000037 ], [ -88.917754985999977, 13.427566067000043 ], [ -88.921471854999936, 13.40588432800007 ], [ -88.924259230999951, 13.378707413000029 ], [ -88.932454115999974, 13.38698591900004 ], [ -88.937359897999954, 13.383418078000034 ], [ -88.948063420999972, 13.388323860000071 ], [ -88.956537043999958, 13.390107780000051 ], [ -88.965456646999939, 13.407501006000075 ], [ -88.973038308999946, 13.409730907000039 ], [ -88.973038308999946, 13.392337681000072 ], [ -88.985525753, 13.374944456000037 ], [ -88.989985554999976, 13.365132893000066 ] ] ] } },
{ "type": "Feature", "properties": { "shapeName": "Zacatecoluca", "shapeISO": "", "shapeID": "79315794B51596434492977", "shapeGroup": "SLV", "shapeType": "ADM2" }, "geometry": { "type": "Polygon", "coordinates": [ [ [ -88.873219179999978, 13.614428481000061 ], [ -88.873780968999938, 13.611742072000027 ], [ -88.901467415999946, 13.573780242000055 ], [ -88.900896561999957, 13.536103840000067 ], [ -88.907461389, 13.520405339000035 ], [ -88.908888525999942, 13.484726927000054 ], [ -88.916024207999953, 13.48358521800003 ], [ -88.916309634999948, 13.474736972000073 ], [ -88.920775011999979, 13.465116066000064 ], [ -88.919381323999971, 13.447694966000029 ], [ -88.913806571999942, 13.439332839000031 ], [ -88.91729079199996, 13.430273867000039 ], [ -88.917754985999977, 13.427566067000043 ], [ -88.911171943999989, 13.427641469000037 ], [ -88.896615151999981, 13.420505787000025 ], [ -88.872924686999966, 13.419364078000058 ], [ -88.87007041399994, 13.403951004000021 ], [ -88.872639259999971, 13.387681648000068 ], [ -88.885483487999977, 13.361993192000057 ], [ -88.88091665099995, 13.351432383000031 ], [ -88.884912632999942, 13.347721828000033 ], [ -88.889479469999969, 13.337161018000074 ], [ -88.889194042999975, 13.32574392600003 ], [ -88.869499559999952, 13.317751962000045 ], [ -88.862934731999985, 13.318893671000069 ], [ -88.860936740999989, 13.316039398000044 ], [ -88.865218149999976, 13.30719115200003 ], [ -88.864647295999987, 13.297772052000028 ], [ -88.86008045899996, 13.297201197000049 ], [ -88.854942767999944, 13.290350942000032 ], [ -88.84923422199995, 13.289209233000065 ], [ -88.842669393999984, 13.292634361000069 ], [ -88.840671402999988, 13.318608244000075 ], [ -88.837817129999962, 13.325173072000041 ], [ -88.826970892999952, 13.330310763000057 ], [ -88.820120637999935, 13.330310763000057 ], [ -88.809363596999958, 13.33882006400006 ], [ -88.809363596999958, 13.349969568000063 ], [ -88.814715359, 13.357105250000075 ], [ -88.815161338999985, 13.390553761000035 ], [ -88.801335954999956, 13.405271105000054 ], [ -88.795984192999981, 13.407501006000075 ], [ -88.795092233, 13.419542470000067 ], [ -88.79197037199998, 13.423110311000073 ], [ -88.795984192999981, 13.431137954000064 ], [ -88.809363596999958, 13.440949517000035 ], [ -88.809363596999958, 13.444963338000036 ], [ -88.817837219999944, 13.452990980000038 ], [ -88.826756822999982, 13.458788722000065 ], [ -88.833892504999938, 13.480641749000029 ], [ -88.832108584999958, 13.513644280000051 ], [ -88.82229702099994, 13.531929466000065 ], [ -88.82140506099995, 13.539065148000077 ], [ -88.837906325999938, 13.576081500000043 ], [ -88.839690246999965, 13.583217182000055 ], [ -88.846379948999981, 13.596150606000037 ], [ -88.845439638007932, 13.618813072807981 ], [ -88.846223742999939, 13.619298560000061 ], [ -88.846379948999981, 13.617111673000068 ], [ -88.872692776999941, 13.613989812000057 ], [ -88.873219179999978, 13.614428481000061 ] ] ] } },
{ "type": "Feature", "properties": { "shapeName": "Tecoluca", "shapeISO": "", "shapeID": "79315794B29449237638687", "shapeGroup": "SLV", "shapeType": "ADM2" }, "geometry": { "type": "Polygon", "coordinates": [ [ [ -88.845439638007932, 13.618813072807981 ], [ -88.846379948999981, 13.596150606000037 ], [ -88.839690246999965, 13.583217182000055 ], [ -88.837906325999938, 13.576081500000043 ], [ -88.82140506099995, 13.539065148000077 ], [ -88.82229702099994, 13.531929466000065 ], [ -88.832108584999958, 13.513644280000051 ], [ -88.833892504999938, 13.480641749000029 ], [ -88.826756822999982, 13.458788722000065 ], [ -88.817837219999944, 13.452990980000038 ], [ -88.809363596999958, 13.444963338000036 ], [ -88.809363596999958, 13.440949517000035 ], [ -88.795984192999981, 13.431137954000064 ], [ -88.79197037199998, 13.423110311000073 ], [ -88.795092233, 13.419542470000067 ], [ -88.795984192999981, 13.407501006000075 ], [ -88.801335954999956, 13.405271105000054 ], [ -88.815161338999985, 13.390553761000035 ], [ -88.814715359, 13.357105250000075 ], [ -88.809363596999958, 13.349969568000063 ], [ -88.809363596999958, 13.33882006400006 ], [ -88.820120637999935, 13.330310763000057 ], [ -88.826970892999952, 13.330310763000057 ], [ -88.837817129999962, 13.325173072000041 ], [ -88.840671402999988, 13.318608244000075 ], [ -88.842669393999984, 13.292634361000069 ], [ -88.832108584999958, 13.290654209000024 ], [ -88.82229702099994, 13.302695673000073 ], [ -88.812039477999974, 13.304925573000048 ], [ -88.826756822999982, 13.282180586000038 ], [ -88.835329926999975, 13.259160507000047 ], [ -88.818551299999967, 13.255036100000041 ], [ -88.811784099999954, 13.251934300000073 ], [ -88.813918499999943, 13.26441630000005 ], [ -88.807449199999951, 13.272414300000037 ], [ -88.800534099999936, 13.278670200000022 ], [ -88.793438399999957, 13.281403 ], [ -88.776251799999955, 13.292602500000044 ], [ -88.770421799999951, 13.29908080000007 ], [ -88.751914499999941, 13.311923 ], [ -88.743739099999971, 13.324357400000054 ], [ -88.722388799999976, 13.33761590000006 ], [ -88.722249299999987, 13.346478800000057 ], [ -88.730542699999944, 13.358817400000078 ], [ -88.730456899999979, 13.369537600000058 ], [ -88.720747199999948, 13.389254300000061 ], [ -88.718183099999976, 13.40681950000004 ], [ -88.710393899999985, 13.417381 ], [ -88.697359499999948, 13.425883700000043 ], [ -88.689819599999964, 13.45203280000004 ], [ -88.677454499999953, 13.46019160000003 ], [ -88.676325599999984, 13.465266 ], [ -88.6787546, 13.475314600000047 ], [ -88.676748299999986, 13.479404500000044 ], [ -88.676361645999975, 13.485766200000057 ], [ -88.684848968999972, 13.485096228000032 ], [ -88.688824084999965, 13.48130180000004 ], [ -88.704237157999955, 13.48130180000004 ], [ -88.71251454999998, 13.485297782000032 ], [ -88.725073349999946, 13.500996283000063 ], [ -88.73106732399998, 13.519263630000069 ], [ -88.733636168999965, 13.532678712000063 ], [ -88.740771850999977, 13.532964140000047 ], [ -88.751332660999935, 13.543524949000073 ], [ -88.764176888999941, 13.546664649000036 ], [ -88.77045628999997, 13.560936014000049 ], [ -88.782444235999947, 13.568071696000061 ], [ -88.807847264999964, 13.55237319500003 ], [ -88.813555810999958, 13.558367168000075 ], [ -88.820976919999964, 13.570640542000035 ], [ -88.824402047999968, 13.595758143000069 ], [ -88.837246275999973, 13.613740063000023 ], [ -88.845439638007932, 13.618813072807981 ] ] ] } },
{ "type": "Feature", "properties": { "shapeName": "San Ildefonso", "shapeISO": "", "shapeID": "79315794B99762611748167", "shapeGroup": "SLV", "shapeType": "ADM2" }, "geometry": { "type": "Polygon", "coordinates": [ [ [ -88.592732098148119, 13.747933658538683 ], [ -88.597077049999939, 13.734404450000056 ], [ -88.608672532999947, 13.72593082700007 ], [ -88.614024294999979, 13.710767502000067 ], [ -88.614916254999969, 13.700063979000049 ], [ -88.623389877999955, 13.690252416000021 ], [ -88.624727818999986, 13.684900654000046 ], [ -88.620713996999939, 13.649222243000054 ], [ -88.601536850999935, 13.650114203000044 ], [ -88.590833327999974, 13.634950878000041 ], [ -88.582805684999983, 13.631383037000035 ], [ -88.581021764999946, 13.625585295000064 ], [ -88.574778042999981, 13.622909415000038 ], [ -88.574622079999983, 13.620414008000068 ], [ -88.568171961999951, 13.628177555000036 ], [ -88.55911298999996, 13.628177555000036 ], [ -88.556325613999945, 13.637933371000031 ], [ -88.552841393999984, 13.640720746000056 ], [ -88.553538237999987, 13.644901810000022 ], [ -88.545872954999936, 13.653263938000066 ], [ -88.543782422999982, 13.658838690000039 ], [ -88.534723451, 13.661626066000053 ], [ -88.523573947999978, 13.672775569000066 ], [ -88.510333911999965, 13.674866101000077 ], [ -88.501583781999955, 13.671396376000075 ], [ -88.491879253999969, 13.685096886000053 ], [ -88.492256791999978, 13.686544117000039 ], [ -88.497016944999984, 13.704791369000077 ], [ -88.504723481999974, 13.720204442000068 ], [ -88.510559102999935, 13.726506913000037 ], [ -88.511859163999986, 13.727910979000058 ], [ -88.518138564999958, 13.727910979000058 ], [ -88.518709418999947, 13.729908970000054 ], [ -88.522419973999945, 13.729052688000024 ], [ -88.526130528999943, 13.737044652000066 ], [ -88.531553646999953, 13.741611489000036 ], [ -88.53298078399996, 13.745607471000028 ], [ -88.536423749999983, 13.747783854000033 ], [ -88.552033054999981, 13.752243656000076 ], [ -88.592617247999954, 13.747783854000033 ], [ -88.592732098148119, 13.747933658538683 ] ] ] } },
{ "type": "Feature", "properties": { "shapeName": "Estanzuelas", "shapeISO": "", "shapeID": "79315794B13778557188445", "shapeGroup": "SLV", "shapeType": "ADM2" }, "geometry": { "type": "Polygon", "coordinates": [ [ [ -88.574059121999937, 13.608118929000057 ], [ -88.566946630999951, 13.606318953000027 ], [ -88.558669239999972, 13.598612416000037 ], [ -88.554387830999985, 13.592333016000055 ], [ -88.539831038999978, 13.589478743000029 ], [ -88.538974756999949, 13.587480752000033 ], [ -88.528699373999984, 13.587766179000027 ], [ -88.52527424699997, 13.591191307000031 ], [ -88.523847109999963, 13.594045580000056 ], [ -88.526415955999937, 13.594616434000045 ], [ -88.526701382999988, 13.600895835000074 ], [ -88.52299082899998, 13.608031517000029 ], [ -88.520421982999949, 13.608887799000058 ], [ -88.516711427999951, 13.603464680000059 ], [ -88.503581772999951, 13.604320962000031 ], [ -88.503296345999956, 13.600895835000074 ], [ -88.483601861999944, 13.600895835000074 ], [ -88.483798281999952, 13.60816335100003 ], [ -88.483887289999984, 13.611456644000043 ], [ -88.479320452999957, 13.619448609000074 ], [ -88.475039043999971, 13.622588309000037 ], [ -88.47247019799994, 13.634005400000035 ], [ -88.463336524999988, 13.635147110000048 ], [ -88.465619942999979, 13.645707919000074 ], [ -88.476751606999983, 13.644851638000034 ], [ -88.478178744, 13.648562192000043 ], [ -88.481603870999948, 13.651131038000074 ], [ -88.48588528099998, 13.666544112000054 ], [ -88.501583781999955, 13.671396376000075 ], [ -88.510333911999965, 13.674866101000077 ], [ -88.523573947999978, 13.672775569000066 ], [ -88.534723451, 13.661626066000053 ], [ -88.543782422999982, 13.658838690000039 ], [ -88.545872954999936, 13.653263938000066 ], [ -88.553538237999987, 13.644901810000022 ], [ -88.552841393999984, 13.640720746000056 ], [ -88.556325613999945, 13.637933371000031 ], [ -88.55911298999996, 13.628177555000036 ], [ -88.568171961999951, 13.628177555000036 ], [ -88.574622079999983, 13.620414008000068 ], [ -88.573886081999945, 13.608638050000025 ], [ -88.574059121999937, 13.608118929000057 ] ] ] } },
{ "type": "Feature", "properties": { "shapeName": "Nuevo Eden de San Juan", "shapeISO": "", "shapeID": "79315794B99179183190773", "shapeGroup": "SLV", "shapeType": "ADM2" }, "geometry": { "type": "Polygon", "coordinates": [ [ [ -88.536423749999983, 13.747783854000033 ], [ -88.53298078399996, 13.745607471000028 ], [ -88.531553646999953, 13.741611489000036 ], [ -88.526130528999943, 13.737044652000066 ], [ -88.522419973999945, 13.729052688000024 ], [ -88.518709418999947, 13.729908970000054 ], [ -88.518138564999958, 13.727910979000058 ], [ -88.511859163999986, 13.727910979000058 ], [ -88.510559102999935, 13.726506913000037 ], [ -88.500299358999939, 13.725038867000023 ], [ -88.485136033999936, 13.731282589000045 ], [ -88.47398653099998, 13.730390629000055 ], [ -88.438754098999937, 13.74867581500007 ], [ -88.432064396999976, 13.756703457000071 ], [ -88.430726456999935, 13.770528841000043 ], [ -88.436970178999957, 13.77900246400003 ], [ -88.439200079999978, 13.791043928000022 ], [ -88.440092039999968, 13.82761430000005 ], [ -88.436524198999962, 13.832966061000036 ], [ -88.437427704999948, 13.863707134000038 ], [ -88.438631199999975, 13.860215900000071 ], [ -88.440229699999975, 13.859479 ], [ -88.443692499999941, 13.863299200000029 ], [ -88.449960799999985, 13.864361600000052 ], [ -88.451092699999947, 13.859466 ], [ -88.452420399999937, 13.859080500000061 ], [ -88.458055699999989, 13.861674200000039 ], [ -88.461411199999986, 13.860754900000074 ], [ -88.465877, 13.862976300000071 ], [ -88.465195699999981, 13.855723800000021 ], [ -88.467215399999986, 13.848629900000049 ], [ -88.469020599999965, 13.849124800000027 ], [ -88.471938799999975, 13.854413900000054 ], [ -88.48384249999998, 13.858439900000064 ], [ -88.486241699999937, 13.860919 ], [ -88.492598499999986, 13.859466 ], [ -88.493324568999981, 13.863131406000036 ], [ -88.500745339, 13.852589188000024 ], [ -88.500299358999939, 13.82850626000004 ], [ -88.505205140999976, 13.822262538000075 ], [ -88.515908663999937, 13.815572836000058 ], [ -88.518584544999953, 13.804869312000051 ], [ -88.514124742999968, 13.806207253000025 ], [ -88.514570723999952, 13.794165789000033 ], [ -88.530626008999945, 13.768298941000069 ], [ -88.529734047999966, 13.75358159600006 ], [ -88.536423749999983, 13.747783854000033 ] ] ] } },
{ "type": "Feature", "properties": { "shapeName": "Mercedes Umaña", "shapeISO": "", "shapeID": "79315794B346679513867", "shapeGroup": "SLV", "shapeType": "ADM2" }, "geometry": { "type": "Polygon", "coordinates": [ [ [ -88.594631912999944, 13.592305966000026 ], [ -88.592064232999974, 13.585831617000053 ], [ -88.584452838999937, 13.578220222000027 ], [ -88.580393427999979, 13.579235075000042 ], [ -88.576841443999967, 13.575175664000028 ], [ -88.563140933999989, 13.570101401000045 ], [ -88.549440423999954, 13.570101401000045 ], [ -88.548425571999985, 13.560967728000037 ], [ -88.542843881999943, 13.555893465000054 ], [ -88.535232487999963, 13.557415744000025 ], [ -88.532695355999977, 13.548282071000074 ], [ -88.532192282999972, 13.548328868000056 ], [ -88.510876025999949, 13.550311776000058 ], [ -88.505801762999965, 13.547267218000059 ], [ -88.482967579999979, 13.551834055000029 ], [ -88.477893316999939, 13.547267218000059 ], [ -88.463177953999946, 13.544222660000059 ], [ -88.463177953999946, 13.558938023000053 ], [ -88.456073985999979, 13.566549417000033 ], [ -88.464700232999974, 13.567056844000035 ], [ -88.471296774999985, 13.574668238000072 ], [ -88.472819053999956, 13.603084111000044 ], [ -88.477893316999939, 13.609173226000053 ], [ -88.483798281999952, 13.60816335100003 ], [ -88.483601861999944, 13.600895835000074 ], [ -88.503296345999956, 13.600895835000074 ], [ -88.503581772999951, 13.604320962000031 ], [ -88.516711427999951, 13.603464680000059 ], [ -88.520421982999949, 13.608887799000058 ], [ -88.52299082899998, 13.608031517000029 ], [ -88.526701382999988, 13.600895835000074 ], [ -88.526415955999937, 13.594616434000045 ], [ -88.523847109999963, 13.594045580000056 ], [ -88.52527424699997, 13.591191307000031 ], [ -88.528699373999984, 13.587766179000027 ], [ -88.538974756999949, 13.587480752000033 ], [ -88.539831038999978, 13.589478743000029 ], [ -88.554387830999985, 13.592333016000055 ], [ -88.558669239999972, 13.598612416000037 ], [ -88.566946630999951, 13.606318953000027 ], [ -88.574059121999937, 13.608118929000057 ], [ -88.57745392399994, 13.597934527000064 ], [ -88.593955188999985, 13.592136785000037 ], [ -88.594631912999944, 13.592305966000026 ] ] ] } },
{ "type": "Feature", "properties": { "shapeName": "Berlin", "shapeISO": "", "shapeID": "79315794B3910193527367", "shapeGroup": "SLV", "shapeType": "ADM2" }, "geometry": { "type": "Polygon", "coordinates": [ [ [ -88.673177086999942, 13.532227779000038 ], [ -88.654477666999981, 13.526970166000069 ], [ -88.648895977999985, 13.522403330000031 ], [ -88.645851419999985, 13.517836493000061 ], [ -88.643821714999945, 13.512254804000065 ], [ -88.649910830999943, 13.508702820000053 ], [ -88.651940535999984, 13.500076573000058 ], [ -88.647373698999957, 13.49855429400003 ], [ -88.639762304999977, 13.503121131000057 ], [ -88.629613778999953, 13.506165688000067 ], [ -88.623017236999942, 13.502106278000042 ], [ -88.618957826999974, 13.502106278000042 ], [ -88.608809300999951, 13.510225099000024 ], [ -88.599675626999954, 13.507687967000038 ], [ -88.599168200999941, 13.499569146000056 ], [ -88.602720184999953, 13.497539441000072 ], [ -88.598153347999983, 13.488913194000077 ], [ -88.593586511999945, 13.487390915000049 ], [ -88.590541953999946, 13.489420621000022 ], [ -88.577856296999983, 13.489420621000022 ], [ -88.566185491999988, 13.475720111000044 ], [ -88.55705181899998, 13.475720111000044 ], [ -88.559588949999977, 13.470138421000058 ], [ -88.557559244999936, 13.462019601000065 ], [ -88.546903292999957, 13.462019601000065 ], [ -88.545381013999986, 13.462019601000065 ], [ -88.542336455999987, 13.475720111000044 ], [ -88.546903292999957, 13.482316652000065 ], [ -88.545381013999986, 13.490942899000061 ], [ -88.528128519999939, 13.495002310000075 ], [ -88.526606240999968, 13.498046868000074 ], [ -88.526606240999968, 13.508195393000051 ], [ -88.531173077999938, 13.519866198000045 ], [ -88.532192282999972, 13.548328868000056 ], [ -88.532695355999977, 13.548282071000074 ], [ -88.535232487999963, 13.557415744000025 ], [ -88.542843881999943, 13.555893465000054 ], [ -88.548425571999985, 13.560967728000037 ], [ -88.549440423999954, 13.570101401000045 ], [ -88.563140933999989, 13.570101401000045 ], [ -88.576841443999967, 13.575175664000028 ], [ -88.580393427999979, 13.579235075000042 ], [ -88.584452838999937, 13.578220222000027 ], [ -88.592064232999974, 13.585831617000053 ], [ -88.594631912999944, 13.592305966000026 ], [ -88.60109087099994, 13.593920705000073 ], [ -88.614916254999969, 13.588568944000031 ], [ -88.631417520999946, 13.595258646000048 ], [ -88.645242904999975, 13.577865420000023 ], [ -88.644350944999985, 13.562702095000077 ], [ -88.653716527999961, 13.558688274000076 ], [ -88.66843387199998, 13.55601239300006 ], [ -88.676015534999976, 13.543524949000073 ], [ -88.672893673999965, 13.532821426000055 ], [ -88.673177086999942, 13.532227779000038 ] ] ] } },
{ "type": "Feature", "properties": { "shapeName": "San Agustin", "shapeISO": "", "shapeID": "79315794B65140783843548", "shapeGroup": "SLV", "shapeType": "ADM2" }, "geometry": { "type": "Polygon", "coordinates": [ [ [ -88.684848968999972, 13.485096228000032 ], [ -88.676361645999975, 13.485766200000057 ], [ -88.669193029999974, 13.482316652000065 ], [ -88.66513361899996, 13.486376063000023 ], [ -88.642299435999973, 13.484853784000052 ], [ -88.62453951599997, 13.477749816000028 ], [ -88.612361284999963, 13.480794374000027 ], [ -88.610331579999979, 13.475720111000044 ], [ -88.619465252999987, 13.472675553000045 ], [ -88.622002383999984, 13.457960190000051 ], [ -88.672745013999986, 13.449841370000058 ], [ -88.673252439999942, 13.44375225400006 ], [ -88.667670750999946, 13.44375225400006 ], [ -88.664118767, 13.438170565000064 ], [ -88.658029650999936, 13.418888366000033 ], [ -88.660059355999977, 13.405695282000067 ], [ -88.653970240999968, 13.396561609000059 ], [ -88.647881124999969, 13.393009625000047 ], [ -88.638747451999961, 13.391994772000032 ], [ -88.627076646999967, 13.39351705100006 ], [ -88.625554367999939, 13.408232413000064 ], [ -88.60728702199998, 13.417873513000075 ], [ -88.608301873999949, 13.421932923000043 ], [ -88.587497395999947, 13.437155712000049 ], [ -88.582930559999966, 13.445781959000044 ], [ -88.583437985999979, 13.455423059000054 ], [ -88.571767180999984, 13.468108716000074 ], [ -88.571259754999971, 13.474197832000073 ], [ -88.566185491999988, 13.475720111000044 ], [ -88.577856296999983, 13.489420621000022 ], [ -88.590541953999946, 13.489420621000022 ], [ -88.593586511999945, 13.487390915000049 ], [ -88.598153347999983, 13.488913194000077 ], [ -88.602720184999953, 13.497539441000072 ], [ -88.599168200999941, 13.499569146000056 ], [ -88.599675626999954, 13.507687967000038 ], [ -88.608809300999951, 13.510225099000024 ], [ -88.618957826999974, 13.502106278000042 ], [ -88.623017236999942, 13.502106278000042 ], [ -88.629613778999953, 13.506165688000067 ], [ -88.639762304999977, 13.503121131000057 ], [ -88.647373698999957, 13.49855429400003 ], [ -88.651940535999984, 13.500076573000058 ], [ -88.649910830999943, 13.508702820000053 ], [ -88.643821714999945, 13.512254804000065 ], [ -88.645851419999985, 13.517836493000061 ], [ -88.648895977999985, 13.522403330000031 ], [ -88.654477666999981, 13.526970166000069 ], [ -88.673177086999942, 13.532227779000038 ], [ -88.678548701999944, 13.520976193000024 ], [ -88.682544683999936, 13.487295773000028 ], [ -88.684848968999972, 13.485096228000032 ] ] ] } },
{ "type": "Feature", "properties": { "shapeName": "Jiquilisco", "shapeISO": "", "shapeID": "79315794B89800757890613", "shapeGroup": "SLV", "shapeType": "ADM2" }, "geometry": { "type": "Polygon", "coordinates": [ [ [ -88.811784099999954, 13.251934300000073 ], [ -88.777636199999961, 13.239168200000051 ], [ -88.750759899999935, 13.231098100000054 ], [ -88.723302899999965, 13.225365600000032 ], [ -88.686877378999952, 13.219948071000033 ], [ -88.685938096999962, 13.231140637000067 ], [ -88.673759865999955, 13.247378278000042 ], [ -88.677311849999967, 13.251437688000067 ], [ -88.681878686999937, 13.251437688000067 ], [ -88.688475228999948, 13.262601067000048 ], [ -88.698116328999959, 13.262093641000035 ], [ -88.713846543999978, 13.25651195100005 ], [ -88.727039626999954, 13.263108493000061 ], [ -88.730591610999966, 13.276301577000027 ], [ -88.743277268999975, 13.283912971000063 ], [ -88.740232710999976, 13.292031792000046 ], [ -88.727547053999956, 13.287972382000078 ], [ -88.722980216999986, 13.281883266000023 ], [ -88.714861395999947, 13.282898119000038 ], [ -88.705220296999983, 13.289494660000059 ], [ -88.693042065999975, 13.281883266000023 ], [ -88.676804423999954, 13.280360987000051 ], [ -88.675789571999985, 13.278331282000067 ], [ -88.668178176999959, 13.277823856000055 ], [ -88.655492519999939, 13.284420397000076 ], [ -88.66208906199995, 13.292539218000059 ], [ -88.66513361899996, 13.292539218000059 ], [ -88.673252439999942, 13.299643186000026 ], [ -88.670715308999945, 13.302180318000069 ], [ -88.649910830999943, 13.302687744000025 ], [ -88.652955387999953, 13.308776860000023 ], [ -88.641284583999948, 13.309791712000049 ], [ -88.633165762999965, 13.301672892000056 ], [ -88.62453951599997, 13.302687744000025 ], [ -88.620480104999956, 13.296598629000073 ], [ -88.615913268999975, 13.296598629000073 ], [ -88.612868710999976, 13.300658039000041 ], [ -88.606779595999967, 13.300658039000041 ], [ -88.599168200999941, 13.29406149700003 ], [ -88.588512248999962, 13.292539218000059 ], [ -88.584452838999937, 13.298628334000057 ], [ -88.580900853999935, 13.308776860000023 ], [ -88.575826591999942, 13.309284286000036 ], [ -88.568215196999972, 13.317403107000075 ], [ -88.561618654999961, 13.318925386000046 ], [ -88.528128519999939, 13.317910533000031 ], [ -88.528128519999939, 13.309791712000049 ], [ -88.518410231041543, 13.309305797839396 ], [ -88.517979993999973, 13.309284286000036 ], [ -88.513413156999945, 13.320447664000028 ], [ -88.508258093999984, 13.323259517000054 ], [ -88.507831467999949, 13.323492222000027 ], [ -88.509861173, 13.335163027000021 ], [ -88.528635945999952, 13.338715011000033 ], [ -88.534217634999948, 13.343281848000061 ], [ -88.536403471999961, 13.346560602000068 ], [ -88.538277045999962, 13.349370963000069 ], [ -88.532695355999977, 13.358504637000067 ], [ -88.53472506199995, 13.367638310000075 ], [ -88.54741071899997, 13.38083139400004 ], [ -88.554514686999937, 13.380323967000038 ], [ -88.569230049999987, 13.39351705100006 ], [ -88.570473991999961, 13.392164940000043 ], [ -88.580900853999935, 13.38083139400004 ], [ -88.607794447999936, 13.388950214000033 ], [ -88.611346431999948, 13.385905656000034 ], [ -88.627076646999967, 13.39351705100006 ], [ -88.638747451999961, 13.391994772000032 ], [ -88.647881124999969, 13.393009625000047 ], [ -88.653970240999968, 13.396561609000059 ], [ -88.660059355999977, 13.405695282000067 ], [ -88.658029650999936, 13.418888366000033 ], [ -88.664118767, 13.438170565000064 ], [ -88.667670750999946, 13.44375225400006 ], [ -88.673252439999942, 13.44375225400006 ], [ -88.672745013999986, 13.449841370000058 ], [ -88.622002383999984, 13.457960190000051 ], [ -88.619465252999987, 13.472675553000045 ], [ -88.610331579999979, 13.475720111000044 ], [ -88.612361284999963, 13.480794374000027 ], [ -88.62453951599997, 13.477749816000028 ], [ -88.642299435999973, 13.484853784000052 ], [ -88.66513361899996, 13.486376063000023 ], [ -88.669193029999974, 13.482316652000065 ], [ -88.676361645999975, 13.485766200000057 ], [ -88.676748299999986, 13.479404500000044 ], [ -88.6787546, 13.475314600000047 ], [ -88.676325599999984, 13.465266 ], [ -88.677454499999953, 13.46019160000003 ], [ -88.689819599999964, 13.45203280000004 ], [ -88.697359499999948, 13.425883700000043 ], [ -88.710393899999985, 13.417381 ], [ -88.718183099999976, 13.40681950000004 ], [ -88.720747199999948, 13.389254300000061 ], [ -88.730456899999979, 13.369537600000058 ], [ -88.730542699999944, 13.358817400000078 ], [ -88.722249299999987, 13.346478800000057 ], [ -88.722388799999976, 13.33761590000006 ], [ -88.743739099999971, 13.324357400000054 ], [ -88.751914499999941, 13.311923 ], [ -88.770421799999951, 13.29908080000007 ], [ -88.776251799999955, 13.292602500000044 ], [ -88.793438399999957, 13.281403 ], [ -88.800534099999936, 13.278670200000022 ], [ -88.807449199999951, 13.272414300000037 ], [ -88.813918499999943, 13.26441630000005 ], [ -88.811784099999954, 13.251934300000073 ] ] ] } },
{ "type": "Feature", "properties": { "shapeName": "Null", "shapeISO": "", "shapeID": "79315794B86841984687248", "shapeGroup": "SLV", "shapeType": "ADM2" }, "geometry": { "type": "Polygon", "coordinates": [ [ [ -88.645851419999985, 13.261078788000077 ], [ -88.625046941999983, 13.251437688000067 ], [ -88.616420694999988, 13.241796589000046 ], [ -88.606272168999965, 13.23925945700006 ], [ -88.599675626999954, 13.241289162000044 ], [ -88.591049379999959, 13.235200047000035 ], [ -88.580900853999935, 13.231140637000067 ], [ -88.571767180999984, 13.238244605000034 ], [ -88.575826591999942, 13.24382629400003 ], [ -88.58496026499995, 13.251437688000067 ], [ -88.597138495999957, 13.268182756000044 ], [ -88.615405842999962, 13.271734740000056 ], [ -88.645851419999985, 13.261078788000077 ] ] ] } },
{ "type": "Feature", "properties": { "shapeName": "Null", "shapeISO": "", "shapeID": "79315794B69543299009522", "shapeGroup": "SLV", "shapeType": "ADM2" }, "geometry": { "type": "Polygon", "coordinates": [ [ [ -88.686877378999952, 13.219948071000033 ], [ -88.616848499999946, 13.207466300000021 ], [ -88.507820114999959, 13.181565925000029 ], [ -88.490071547999946, 13.18902425400006 ], [ -88.511383451999961, 13.205261896000025 ], [ -88.539291897999988, 13.207291601000065 ], [ -88.543858734999958, 13.216932700000029 ], [ -88.558066670999949, 13.223021816000028 ], [ -88.585467690999963, 13.220992111000044 ], [ -88.611853857999961, 13.237229752000076 ], [ -88.618450399999972, 13.233677768000064 ], [ -88.620480104999956, 13.237229752000076 ], [ -88.644329140999957, 13.255497099000024 ], [ -88.673759865999955, 13.247378278000042 ], [ -88.685938096999962, 13.231140637000067 ], [ -88.686877378999952, 13.219948071000033 ] ] ] } },
{ "type": "Feature", "properties": { "shapeName": "Puerto El Triunfo", "shapeISO": "", "shapeID": "79315794B47681423579390", "shapeGroup": "SLV", "shapeType": "ADM2" }, "geometry": { "type": "Polygon", "coordinates": [ [ [ -88.588512248999962, 13.292539218000059 ], [ -88.579378575999954, 13.283405545000051 ], [ -88.568722622999985, 13.282898119000038 ], [ -88.558574097999951, 13.275794150000024 ], [ -88.556544391999978, 13.268690182000057 ], [ -88.546903292999957, 13.257526804000065 ], [ -88.541829029999974, 13.257526804000065 ], [ -88.536754767, 13.250422836000041 ], [ -88.533202782999979, 13.250422836000041 ], [ -88.533202782999979, 13.264123346000076 ], [ -88.525591387999953, 13.288479808000034 ], [ -88.520517124999969, 13.301165465000054 ], [ -88.518410231041543, 13.309305797839396 ], [ -88.528128519999939, 13.309791712000049 ], [ -88.528128519999939, 13.317910533000031 ], [ -88.561618654999961, 13.318925386000046 ], [ -88.568215196999972, 13.317403107000075 ], [ -88.575826591999942, 13.309284286000036 ], [ -88.580900853999935, 13.308776860000023 ], [ -88.584452838999937, 13.298628334000057 ], [ -88.588512248999962, 13.292539218000059 ] ] ] } },
{ "type": "Feature", "properties": { "shapeName": "Null", "shapeISO": "", "shapeID": "79315794B77500170137701", "shapeGroup": "SLV", "shapeType": "ADM2" }, "geometry": { "type": "Polygon", "coordinates": [ [ [ -88.518410231041543, 13.309305797839396 ], [ -88.520517124999969, 13.301165465000054 ], [ -88.525591387999953, 13.288479808000034 ], [ -88.533202782999979, 13.264123346000076 ], [ -88.533202782999979, 13.250422836000041 ], [ -88.51747256799996, 13.249407983000026 ], [ -88.509353746999977, 13.254989672000022 ], [ -88.509353746999977, 13.264123346000076 ], [ -88.503772057999981, 13.274779298000055 ], [ -88.493623531999958, 13.279853561000039 ], [ -88.493728516999965, 13.281113378000043 ], [ -88.494130957999971, 13.285942676000047 ], [ -88.503772057999981, 13.296091202000071 ], [ -88.502757204999966, 13.310299139000051 ], [ -88.507701596999937, 13.321948382000073 ], [ -88.508258093999984, 13.323259517000054 ], [ -88.513413156999945, 13.320447664000028 ], [ -88.517979993999973, 13.309284286000036 ], [ -88.518410231041543, 13.309305797839396 ] ] ] } },
{ "type": "Feature", "properties": { "shapeName": "Null", "shapeISO": "", "shapeID": "79315794B19260773575494", "shapeGroup": "SLV", "shapeType": "ADM2" }, "geometry": { "type": "Polygon", "coordinates": [ [ [ -88.540814176999959, 13.233170342000051 ], [ -88.541321602999972, 13.230125784000052 ], [ -88.534217634999948, 13.224544095000056 ], [ -88.503264630999979, 13.228603505000024 ], [ -88.498190367999939, 13.225558947000025 ], [ -88.485504710999976, 13.225558947000025 ], [ -88.475356184999953, 13.231648063000023 ], [ -88.483982431999948, 13.236214899000061 ], [ -88.499712646999967, 13.237737178000032 ], [ -88.513413156999945, 13.24382629400003 ], [ -88.517979993999973, 13.235707473000048 ], [ -88.540814176999959, 13.233170342000051 ] ] ] } },
{ "type": "Feature", "properties": { "shapeName": "San Francisco Javier", "shapeISO": "", "shapeID": "79315794B48359666859160", "shapeGroup": "SLV", "shapeType": "ADM2" }, "geometry": { "type": "Polygon", "coordinates": [ [ [ -88.566185491999988, 13.475720111000044 ], [ -88.571259754999971, 13.474197832000073 ], [ -88.571767180999984, 13.468108716000074 ], [ -88.583437985999979, 13.455423059000054 ], [ -88.582930559999966, 13.445781959000044 ], [ -88.587497395999947, 13.437155712000049 ], [ -88.608301873999949, 13.421932923000043 ], [ -88.60728702199998, 13.417873513000075 ], [ -88.625554367999939, 13.408232413000064 ], [ -88.627076646999967, 13.39351705100006 ], [ -88.611346431999948, 13.385905656000034 ], [ -88.607794447999936, 13.388950214000033 ], [ -88.580900853999935, 13.38083139400004 ], [ -88.570473991999961, 13.392164940000043 ], [ -88.561618654999961, 13.403158150000024 ], [ -88.562126081999963, 13.416351234000047 ], [ -88.559081523999964, 13.425484907000055 ], [ -88.554378206999957, 13.425092964000044 ], [ -88.552992407999966, 13.424977481000042 ], [ -88.562633507999976, 13.445781959000044 ], [ -88.562126081999963, 13.451871075000042 ], [ -88.552484981999953, 13.456945338000025 ], [ -88.546903292999957, 13.462019601000065 ], [ -88.557559244999936, 13.462019601000065 ], [ -88.559588949999977, 13.470138421000058 ], [ -88.55705181899998, 13.475720111000044 ], [ -88.566185491999988, 13.475720111000044 ] ] ] } },
{ "type": "Feature", "properties": { "shapeName": "Alegría", "shapeISO": "", "shapeID": "79315794B9121955400146", "shapeGroup": "SLV", "shapeType": "ADM2" }, "geometry": { "type": "Polygon", "coordinates": [ [ [ -88.532192282999972, 13.548328868000056 ], [ -88.531173077999938, 13.519866198000045 ], [ -88.526606240999968, 13.508195393000051 ], [ -88.526606240999968, 13.498046868000074 ], [ -88.528128519999939, 13.495002310000075 ], [ -88.545381013999986, 13.490942899000061 ], [ -88.546903292999957, 13.482316652000065 ], [ -88.542336455999987, 13.475720111000044 ], [ -88.531680503999951, 13.474197832000073 ], [ -88.529650798999967, 13.470138421000058 ], [ -88.525591387999953, 13.469630995000045 ], [ -88.512905730999989, 13.472168127000032 ], [ -88.508846320999965, 13.487390915000049 ], [ -88.50478690999995, 13.487390915000049 ], [ -88.500672642999973, 13.486705204000032 ], [ -88.498697794999941, 13.486376063000023 ], [ -88.497682941999983, 13.492972605000034 ], [ -88.490578973999959, 13.497032015000059 ], [ -88.47484875899994, 13.510225099000024 ], [ -88.462163100999987, 13.510732525000037 ], [ -88.455059132999963, 13.527477593000071 ], [ -88.455308686999956, 13.527685555000062 ], [ -88.458103690999963, 13.530014724000068 ], [ -88.456581411999935, 13.536611266000023 ], [ -88.45761848799998, 13.539463224000031 ], [ -88.458611116999975, 13.542192955000075 ], [ -88.463177953999946, 13.544222660000059 ], [ -88.477893316999939, 13.547267218000059 ], [ -88.482967579999979, 13.551834055000029 ], [ -88.505801762999965, 13.547267218000059 ], [ -88.510876025999949, 13.550311776000058 ], [ -88.532192282999972, 13.548328868000056 ] ] ] } },
{ "type": "Feature", "properties": { "shapeName": "Tecapán", "shapeISO": "", "shapeID": "79315794B88641565505680", "shapeGroup": "SLV", "shapeType": "ADM2" }, "geometry": { "type": "Polygon", "coordinates": [ [ [ -88.546903292999957, 13.462019601000065 ], [ -88.552484981999953, 13.456945338000025 ], [ -88.562126081999963, 13.451871075000042 ], [ -88.562633507999976, 13.445781959000044 ], [ -88.552992407999966, 13.424977481000042 ], [ -88.554378206999957, 13.425092964000044 ], [ -88.551470128999938, 13.418380939000031 ], [ -88.528635945999952, 13.410769545000051 ], [ -88.51747256799996, 13.402650724000068 ], [ -88.511383451999961, 13.402650724000068 ], [ -88.506309188999978, 13.407217561000039 ], [ -88.497682941999983, 13.420918071000074 ], [ -88.475863610999966, 13.423455202000071 ], [ -88.478908168999965, 13.43411115400005 ], [ -88.478908168999965, 13.444767107000075 ], [ -88.484997284999963, 13.456945338000025 ], [ -88.490578973999959, 13.457960190000051 ], [ -88.490578973999959, 13.467601290000061 ], [ -88.484489857999961, 13.471153274000073 ], [ -88.482967579999979, 13.475212684000041 ], [ -88.483982431999948, 13.479272095000056 ], [ -88.495145810999986, 13.479272095000056 ], [ -88.500672642999973, 13.486705204000032 ], [ -88.50478690999995, 13.487390915000049 ], [ -88.508846320999965, 13.487390915000049 ], [ -88.512905730999989, 13.472168127000032 ], [ -88.525591387999953, 13.469630995000045 ], [ -88.529650798999967, 13.470138421000058 ], [ -88.531680503999951, 13.474197832000073 ], [ -88.542336455999987, 13.475720111000044 ], [ -88.545381013999986, 13.462019601000065 ], [ -88.546903292999957, 13.462019601000065 ] ] ] } },
{ "type": "Feature", "properties": { "shapeName": "Ozatlan", "shapeISO": "", "shapeID": "79315794B72331758964079", "shapeGroup": "SLV", "shapeType": "ADM2" }, "geometry": { "type": "Polygon", "coordinates": [ [ [ -88.536403471999961, 13.346560602000068 ], [ -88.528635945999952, 13.345818979000057 ], [ -88.524069108999981, 13.349878390000072 ], [ -88.495653236999942, 13.349370963000069 ], [ -88.492101252999987, 13.356982358000039 ], [ -88.499205220999954, 13.378801688000067 ], [ -88.499205220999954, 13.389457641000035 ], [ -88.488549268999975, 13.399098740000056 ], [ -88.483475005999935, 13.399606166000069 ], [ -88.484489857999961, 13.412291824000022 ], [ -88.476466220999953, 13.422675354000035 ], [ -88.475863610999966, 13.423455202000071 ], [ -88.497682941999983, 13.420918071000074 ], [ -88.506309188999978, 13.407217561000039 ], [ -88.511383451999961, 13.402650724000068 ], [ -88.51747256799996, 13.402650724000068 ], [ -88.528635945999952, 13.410769545000051 ], [ -88.551470128999938, 13.418380939000031 ], [ -88.554378206999957, 13.425092964000044 ], [ -88.559081523999964, 13.425484907000055 ], [ -88.562126081999963, 13.416351234000047 ], [ -88.561618654999961, 13.403158150000024 ], [ -88.570473991999961, 13.392164940000043 ], [ -88.569230049999987, 13.39351705100006 ], [ -88.554514686999937, 13.380323967000038 ], [ -88.54741071899997, 13.38083139400004 ], [ -88.53472506199995, 13.367638310000075 ], [ -88.532695355999977, 13.358504637000067 ], [ -88.538277045999962, 13.349370963000069 ], [ -88.536403471999961, 13.346560602000068 ] ] ] } },
{ "type": "Feature", "properties": { "shapeName": "Santiago de Maria", "shapeISO": "", "shapeID": "79315794B10579863539428", "shapeGroup": "SLV", "shapeType": "ADM2" }, "geometry": { "type": "Polygon", "coordinates": [ [ [ -88.500672642999973, 13.486705204000032 ], [ -88.495145810999986, 13.479272095000056 ], [ -88.483982431999948, 13.479272095000056 ], [ -88.482967579999979, 13.475212684000041 ], [ -88.484489857999961, 13.471153274000073 ], [ -88.47484875899994, 13.469630995000045 ], [ -88.473833905999982, 13.475720111000044 ], [ -88.452522001999967, 13.474197832000073 ], [ -88.445823974999939, 13.471965156000067 ], [ -88.44491060699994, 13.471660700000029 ], [ -88.44478548799998, 13.471994350000045 ], [ -88.441866049999987, 13.479779521000069 ], [ -88.433239802999935, 13.490942899000061 ], [ -88.431210097999951, 13.497032015000059 ], [ -88.431717523999964, 13.52088105100006 ], [ -88.425120981999953, 13.526462740000056 ], [ -88.425628407999966, 13.534074135000026 ], [ -88.433747228999948, 13.534581561000039 ], [ -88.434762081999963, 13.530014724000068 ], [ -88.455308686999956, 13.527685555000062 ], [ -88.455059132999963, 13.527477593000071 ], [ -88.462163100999987, 13.510732525000037 ], [ -88.47484875899994, 13.510225099000024 ], [ -88.490578973999959, 13.497032015000059 ], [ -88.497682941999983, 13.492972605000034 ], [ -88.498697794999941, 13.486376063000023 ], [ -88.500672642999973, 13.486705204000032 ] ] ] } },
{ "type": "Feature", "properties": { "shapeName": "California", "shapeISO": "", "shapeID": "79315794B4303083409375", "shapeGroup": "SLV", "shapeType": "ADM2" }, "geometry": { "type": "Polygon", "coordinates": [ [ [ -88.475863610999966, 13.423455202000071 ], [ -88.476466220999953, 13.422675354000035 ], [ -88.476191931999949, 13.422880127000042 ], [ -88.461148248999962, 13.43411115400005 ], [ -88.45962597, 13.44375225400006 ], [ -88.465207658999987, 13.449841370000058 ], [ -88.456581411999935, 13.457452764000038 ], [ -88.454044280999938, 13.464049306000049 ], [ -88.445823974999939, 13.471965156000067 ], [ -88.452522001999967, 13.474197832000073 ], [ -88.473833905999982, 13.475720111000044 ], [ -88.47484875899994, 13.469630995000045 ], [ -88.484489857999961, 13.471153274000073 ], [ -88.490578973999959, 13.467601290000061 ], [ -88.490578973999959, 13.457960190000051 ], [ -88.484997284999963, 13.456945338000025 ], [ -88.478908168999965, 13.444767107000075 ], [ -88.478908168999965, 13.43411115400005 ], [ -88.475863610999966, 13.423455202000071 ] ] ] } },
{ "type": "Feature", "properties": { "shapeName": "San Gerardo", "shapeISO": "", "shapeID": "79315794B47910472447580", "shapeGroup": "SLV", "shapeType": "ADM2" }, "geometry": { "type": "Polygon", "coordinates": [ [ [ -88.430726456999935, 13.770528841000043 ], [ -88.420617573999948, 13.771073928000021 ], [ -88.413481890999947, 13.782173879000027 ], [ -88.404760501999988, 13.782173879000027 ], [ -88.400003379999987, 13.778209611000023 ], [ -88.388903429999971, 13.776623903000029 ], [ -88.381767747999959, 13.783759586000031 ], [ -88.381884419999949, 13.785217983000052 ], [ -88.383353454999963, 13.803580925000063 ], [ -88.382560601999955, 13.808338047000063 ], [ -88.385732015999963, 13.814680876000068 ], [ -88.388903429999971, 13.814680876000068 ], [ -88.393660551999972, 13.821023704000027 ], [ -88.393660551999972, 13.825780826000027 ], [ -88.389696283999967, 13.828952240000035 ], [ -88.396831965999979, 13.851944994000064 ], [ -88.396831965999979, 13.861459237000076 ], [ -88.394453404999979, 13.867802066000024 ], [ -88.375831361999985, 13.884597874000065 ], [ -88.384988299999975, 13.885173700000053 ], [ -88.394667, 13.881123400000035 ], [ -88.403022099999987, 13.882946100000026 ], [ -88.408949799999959, 13.879657400000042 ], [ -88.414043299999946, 13.878956800000026 ], [ -88.418876699999942, 13.885714 ], [ -88.4233827, 13.879529800000057 ], [ -88.426400299999955, 13.878371100000038 ], [ -88.430978699999969, 13.879045500000075 ], [ -88.433948, 13.872853300000031 ], [ -88.436252, 13.871593 ], [ -88.437427704999948, 13.863707134000038 ], [ -88.436524198999962, 13.832966061000036 ], [ -88.440092039999968, 13.82761430000005 ], [ -88.439200079999978, 13.791043928000022 ], [ -88.436970178999957, 13.77900246400003 ], [ -88.430726456999935, 13.770528841000043 ] ] ] } },
{ "type": "Feature", "properties": { "shapeName": "Nueva Granada", "shapeISO": "", "shapeID": "79315794B45430639104766", "shapeGroup": "SLV", "shapeType": "ADM2" }, "geometry": { "type": "Polygon", "coordinates": [ [ [ -88.501583781999955, 13.671396376000075 ], [ -88.48588528099998, 13.666544112000054 ], [ -88.481603870999948, 13.651131038000074 ], [ -88.478178744, 13.648562192000043 ], [ -88.476751606999983, 13.644851638000034 ], [ -88.465619942999979, 13.645707919000074 ], [ -88.463336524999988, 13.635147110000048 ], [ -88.47247019799994, 13.634005400000035 ], [ -88.475039043999971, 13.622588309000037 ], [ -88.479320452999957, 13.619448609000074 ], [ -88.483887289999984, 13.611456644000043 ], [ -88.483798281999952, 13.60816335100003 ], [ -88.477893316999939, 13.609173226000053 ], [ -88.472819053999956, 13.603084111000044 ], [ -88.471296774999985, 13.574668238000072 ], [ -88.464700232999974, 13.567056844000035 ], [ -88.456073985999979, 13.566549417000033 ], [ -88.454226953999978, 13.580513789000065 ], [ -88.446432885999968, 13.587333598000043 ], [ -88.440587334999975, 13.590256374000035 ], [ -88.438314065999975, 13.600973217000046 ], [ -88.42629821099996, 13.614288083000076 ], [ -88.418179389999978, 13.630525725000041 ], [ -88.42629821099996, 13.647737625000048 ], [ -88.42629821099996, 13.651309906000051 ], [ -88.422729039999979, 13.673698344000059 ], [ -88.422725929999956, 13.673717851000049 ], [ -88.425648704999958, 13.678264390000038 ], [ -88.430195244999936, 13.678264390000038 ], [ -88.437015053999971, 13.685408953000035 ], [ -88.437664559999973, 13.688981234000039 ], [ -88.448706155999957, 13.695801043000074 ], [ -88.453577448999965, 13.696450549000076 ], [ -88.474686381999959, 13.686383211000077 ], [ -88.492256791999978, 13.686544117000039 ], [ -88.491879253999969, 13.685096886000053 ], [ -88.501583781999955, 13.671396376000075 ] ] ] } },
{ "type": "Feature", "properties": { "shapeName": "Sesori", "shapeISO": "", "shapeID": "79315794B1074429628551", "shapeGroup": "SLV", "shapeType": "ADM2" }, "geometry": { "type": "Polygon", "coordinates": [ [ [ -88.492256791999978, 13.686544117000039 ], [ -88.474686381999959, 13.686383211000077 ], [ -88.453577448999965, 13.696450549000076 ], [ -88.448706155999957, 13.695801043000074 ], [ -88.437664559999973, 13.688981234000039 ], [ -88.437015053999971, 13.685408953000035 ], [ -88.430195244999936, 13.678264390000038 ], [ -88.425648704999958, 13.678264390000038 ], [ -88.422725929999956, 13.673717851000049 ], [ -88.422729039999979, 13.673698344000059 ], [ -88.414972455999987, 13.66854210300005 ], [ -88.397212535999984, 13.667019824000022 ], [ -88.391123419999985, 13.670571808000034 ], [ -88.385034304999976, 13.667019824000022 ], [ -88.379452615, 13.657378724000068 ], [ -88.376040814999953, 13.657591961000037 ], [ -88.371333794999941, 13.657886150000024 ], [ -88.355096152999977, 13.658393577000027 ], [ -88.343932774999985, 13.655349019000028 ], [ -88.338858511999945, 13.646722772000032 ], [ -88.337082519999967, 13.648498764000067 ], [ -88.334799101999977, 13.650782182000057 ], [ -88.331754543999978, 13.650782182000057 ], [ -88.324650575999954, 13.662960413000064 ], [ -88.322113443999967, 13.681735186000026 ], [ -88.307905507999976, 13.690868860000023 ], [ -88.313994622999985, 13.721821864000049 ], [ -88.314502049999987, 13.742626342000051 ], [ -88.325665427999979, 13.764445672000022 ], [ -88.329217411999934, 13.766475378000052 ], [ -88.342410495999957, 13.758863983000026 ], [ -88.350529316999939, 13.763938246000066 ], [ -88.367781810999986, 13.766475378000052 ], [ -88.367781810999986, 13.784235298000056 ], [ -88.368538835999971, 13.786695630000054 ], [ -88.36981151599997, 13.790831840000067 ], [ -88.379960041999936, 13.788802135000026 ], [ -88.381884419999949, 13.785217983000052 ], [ -88.381767747999959, 13.783759586000031 ], [ -88.388903429999971, 13.776623903000029 ], [ -88.400003379999987, 13.778209611000023 ], [ -88.404760501999988, 13.782173879000027 ], [ -88.413481890999947, 13.782173879000027 ], [ -88.420617573999948, 13.771073928000021 ], [ -88.430726456999935, 13.770528841000043 ], [ -88.432064396999976, 13.756703457000071 ], [ -88.438754098999937, 13.74867581500007 ], [ -88.47398653099998, 13.730390629000055 ], [ -88.485136033999936, 13.731282589000045 ], [ -88.500299358999939, 13.725038867000023 ], [ -88.510559102999935, 13.726506913000037 ], [ -88.504723481999974, 13.720204442000068 ], [ -88.497016944999984, 13.704791369000077 ], [ -88.492256791999978, 13.686544117000039 ] ] ] } },
{ "type": "Feature", "properties": { "shapeName": "El Triunfo", "shapeISO": "", "shapeID": "79315794B67871335159639", "shapeGroup": "SLV", "shapeType": "ADM2" }, "geometry": { "type": "Polygon", "coordinates": [ [ [ -88.463177953999946, 13.544222660000059 ], [ -88.458611116999975, 13.542192955000075 ], [ -88.45761848799998, 13.539463224000031 ], [ -88.447955164999939, 13.544730087000062 ], [ -88.439328917999944, 13.544730087000062 ], [ -88.432732376, 13.546759792000046 ], [ -88.422076423999954, 13.553356334000057 ], [ -88.425628407999966, 13.56147515400005 ], [ -88.430195244999936, 13.562490007000065 ], [ -88.433239802999935, 13.567564270000048 ], [ -88.435269507999976, 13.580249927000068 ], [ -88.432732376, 13.586846469000022 ], [ -88.403809077999938, 13.613740063000023 ], [ -88.394167977999984, 13.616277194000077 ], [ -88.387571435999973, 13.624396015000059 ], [ -88.391630846999988, 13.627947999000071 ], [ -88.393153124999969, 13.63860395100005 ], [ -88.38706400999996, 13.637589099000024 ], [ -88.382672821013699, 13.636710860856653 ], [ -88.381989746999977, 13.636574246000066 ], [ -88.376408057999981, 13.640126230000021 ], [ -88.376040814999953, 13.657591961000037 ], [ -88.379452615, 13.657378724000068 ], [ -88.385034304999976, 13.667019824000022 ], [ -88.391123419999985, 13.670571808000034 ], [ -88.397212535999984, 13.667019824000022 ], [ -88.414972455999987, 13.66854210300005 ], [ -88.422729039999979, 13.673698344000059 ], [ -88.42629821099996, 13.651309906000051 ], [ -88.42629821099996, 13.647737625000048 ], [ -88.418179389999978, 13.630525725000041 ], [ -88.42629821099996, 13.614288083000076 ], [ -88.438314065999975, 13.600973217000046 ], [ -88.440587334999975, 13.590256374000035 ], [ -88.446432885999968, 13.587333598000043 ], [ -88.454226953999978, 13.580513789000065 ], [ -88.456073985999979, 13.566549417000033 ], [ -88.463177953999946, 13.558938023000053 ], [ -88.463177953999946, 13.544222660000059 ] ] ] } },
{ "type": "Feature", "properties": { "shapeName": "Jucuapa", "shapeISO": "", "shapeID": "79315794B57569501893632", "shapeGroup": "SLV", "shapeType": "ADM2" }, "geometry": { "type": "Polygon", "coordinates": [ [ [ -88.455308686999956, 13.527685555000062 ], [ -88.434762081999963, 13.530014724000068 ], [ -88.433747228999948, 13.534581561000039 ], [ -88.425628407999966, 13.534074135000026 ], [ -88.425120981999953, 13.526462740000056 ], [ -88.431717523999964, 13.52088105100006 ], [ -88.431210097999951, 13.497032015000059 ], [ -88.433239802999935, 13.490942899000061 ], [ -88.441866049999987, 13.479779521000069 ], [ -88.44478548799998, 13.471994350000045 ], [ -88.425120981999953, 13.469630995000045 ], [ -88.42004671899997, 13.462019601000065 ], [ -88.420554144999983, 13.455930485000067 ], [ -88.414972455999987, 13.444767107000075 ], [ -88.406853634999948, 13.439692844000035 ], [ -88.39020715099997, 13.444737233000069 ], [ -88.39010856799996, 13.444767107000075 ], [ -88.39010856799996, 13.456437911000023 ], [ -88.404823929999964, 13.457452764000038 ], [ -88.40736106199995, 13.466079011000033 ], [ -88.406346208999935, 13.475720111000044 ], [ -88.39010856799996, 13.479779521000069 ], [ -88.386049156999945, 13.497539441000072 ], [ -88.376408057999981, 13.504643409000039 ], [ -88.376957664999964, 13.527452122000057 ], [ -88.377422320999983, 13.546735352000042 ], [ -88.377431159999958, 13.546756042000027 ], [ -88.388586288999988, 13.541685529000063 ], [ -88.403301650999936, 13.542192955000075 ], [ -88.422076423999954, 13.553356334000057 ], [ -88.432732376, 13.546759792000046 ], [ -88.439328917999944, 13.544730087000062 ], [ -88.447955164999939, 13.544730087000062 ], [ -88.45761848799998, 13.539463224000031 ], [ -88.456581411999935, 13.536611266000023 ], [ -88.458103690999963, 13.530014724000068 ], [ -88.455308686999956, 13.527685555000062 ] ] ] } },
{ "type": "Feature", "properties": { "shapeName": "San Buenaventura", "shapeISO": "", "shapeID": "79315794B70705018160064", "shapeGroup": "SLV", "shapeType": "ADM2" }, "geometry": { "type": "Polygon", "coordinates": [ [ [ -88.422076423999954, 13.553356334000057 ], [ -88.403301650999936, 13.542192955000075 ], [ -88.388586288999988, 13.541685529000063 ], [ -88.377431159999958, 13.546756042000027 ], [ -88.380467467999949, 13.55386376000007 ], [ -88.384019451999961, 13.557415744000025 ], [ -88.384526877999974, 13.562490007000065 ], [ -88.393153124999969, 13.565027139000051 ], [ -88.396197682999968, 13.569593975000032 ], [ -88.39010856799996, 13.577205370000058 ], [ -88.391123419999985, 13.598009848000061 ], [ -88.371333794999941, 13.598517274000073 ], [ -88.370318941999983, 13.617292047000035 ], [ -88.383512025999948, 13.627947999000071 ], [ -88.382672821013699, 13.636710860856653 ], [ -88.38706400999996, 13.637589099000024 ], [ -88.393153124999969, 13.63860395100005 ], [ -88.391630846999988, 13.627947999000071 ], [ -88.387571435999973, 13.624396015000059 ], [ -88.394167977999984, 13.616277194000077 ], [ -88.403809077999938, 13.613740063000023 ], [ -88.432732376, 13.586846469000022 ], [ -88.435269507999976, 13.580249927000068 ], [ -88.433239802999935, 13.567564270000048 ], [ -88.430195244999936, 13.562490007000065 ], [ -88.425628407999966, 13.56147515400005 ], [ -88.422076423999954, 13.553356334000057 ] ] ] } },
{ "type": "Feature", "properties": { "shapeName": "Lolotique", "shapeISO": "", "shapeID": "79315794B78661995875719", "shapeGroup": "SLV", "shapeType": "ADM2" }, "geometry": { "type": "Polygon", "coordinates": [ [ [ -88.376040814999953, 13.657591961000037 ], [ -88.376408057999981, 13.640126230000021 ], [ -88.381989746999977, 13.636574246000066 ], [ -88.382672821013699, 13.636710860856653 ], [ -88.383512025999948, 13.627947999000071 ], [ -88.370318941999983, 13.617292047000035 ], [ -88.371333794999941, 13.598517274000073 ], [ -88.391123419999985, 13.598009848000061 ], [ -88.39010856799996, 13.577205370000058 ], [ -88.396197682999968, 13.569593975000032 ], [ -88.393153124999969, 13.565027139000051 ], [ -88.384526877999974, 13.562490007000065 ], [ -88.384019451999961, 13.557415744000025 ], [ -88.380467467999949, 13.55386376000007 ], [ -88.377431159999958, 13.546756042000027 ], [ -88.354588726999964, 13.545744939000031 ], [ -88.341903069999944, 13.541685529000063 ], [ -88.330739690999962, 13.546252366000033 ], [ -88.325158001999966, 13.554371186000026 ], [ -88.31542731199994, 13.557095779000065 ], [ -88.312472344999946, 13.557923170000038 ], [ -88.306890654999961, 13.572131107000075 ], [ -88.306890654999961, 13.584816764000038 ], [ -88.319068885999968, 13.587353895000035 ], [ -88.31754660699994, 13.594965290000061 ], [ -88.315045132999956, 13.598404817000073 ], [ -88.313487196999972, 13.600546979000057 ], [ -88.313994622999985, 13.607143521000069 ], [ -88.318561459999955, 13.614247489000036 ], [ -88.323635722999938, 13.617799473000048 ], [ -88.323635722999938, 13.624903441000072 ], [ -88.328709985999978, 13.634544541000025 ], [ -88.334291674999974, 13.639111378000052 ], [ -88.337082519999967, 13.648498764000067 ], [ -88.338858511999945, 13.646722772000032 ], [ -88.343932774999985, 13.655349019000028 ], [ -88.355096152999977, 13.658393577000027 ], [ -88.371333794999941, 13.657886150000024 ], [ -88.376040814999953, 13.657591961000037 ] ] ] } },
{ "type": "Feature", "properties": { "shapeName": "Nueva Guadalupe", "shapeISO": "", "shapeID": "79315794B11373677383490", "shapeGroup": "SLV", "shapeType": "ADM2" }, "geometry": { "type": "Polygon", "coordinates": [ [ [ -88.376957664999964, 13.527452122000057 ], [ -88.364737252999987, 13.522910756000044 ], [ -88.345455053999956, 13.521388477000073 ], [ -88.336828806999961, 13.530014724000068 ], [ -88.329724838999937, 13.532551856000055 ], [ -88.324143148999951, 13.540670676000047 ], [ -88.313775195999938, 13.538942684000062 ], [ -88.311964917999944, 13.538640971000063 ], [ -88.309427786999947, 13.544730087000062 ], [ -88.309427786999947, 13.550819202000071 ], [ -88.31542731199994, 13.557095779000065 ], [ -88.325158001999966, 13.554371186000026 ], [ -88.330739690999962, 13.546252366000033 ], [ -88.341903069999944, 13.541685529000063 ], [ -88.354588726999964, 13.545744939000031 ], [ -88.377431159999958, 13.546756042000027 ], [ -88.377422320999983, 13.546735352000042 ], [ -88.376957664999964, 13.527452122000057 ] ] ] } },
{ "type": "Feature", "properties": { "shapeName": "Chinameca", "shapeISO": "", "shapeID": "79315794B82505145234001", "shapeGroup": "SLV", "shapeType": "ADM2" }, "geometry": { "type": "Polygon", "coordinates": [ [ [ -88.39020715099997, 13.444737233000069 ], [ -88.384307601999978, 13.437771154000075 ], [ -88.382497173, 13.435633433000021 ], [ -88.372348646999967, 13.441722549000076 ], [ -88.354081300999951, 13.455930485000067 ], [ -88.328202559999966, 13.458467617000053 ], [ -88.322113443999967, 13.454408206000039 ], [ -88.313994622999985, 13.454408206000039 ], [ -88.307905507999976, 13.457960190000051 ], [ -88.30232381899998, 13.455930485000067 ], [ -88.287608455999987, 13.440200270000048 ], [ -88.282026767, 13.438170565000064 ], [ -88.272893093999983, 13.44375225400006 ], [ -88.271878240999968, 13.453900780000026 ], [ -88.286086176999959, 13.469630995000045 ], [ -88.286086176999959, 13.48130180000004 ], [ -88.28652976799998, 13.481418534000056 ], [ -88.295727276999969, 13.483838931000037 ], [ -88.301816391999978, 13.511747378000052 ], [ -88.308920359999945, 13.516821641000035 ], [ -88.313994622999985, 13.523418182000057 ], [ -88.313994622999985, 13.529507298000055 ], [ -88.312472344999946, 13.532044429000052 ], [ -88.313775195999938, 13.538942684000062 ], [ -88.324143148999951, 13.540670676000047 ], [ -88.329724838999937, 13.532551856000055 ], [ -88.336828806999961, 13.530014724000068 ], [ -88.345455053999956, 13.521388477000073 ], [ -88.364737252999987, 13.522910756000044 ], [ -88.376957664999964, 13.527452122000057 ], [ -88.376408057999981, 13.504643409000039 ], [ -88.386049156999945, 13.497539441000072 ], [ -88.39010856799996, 13.479779521000069 ], [ -88.406346208999935, 13.475720111000044 ], [ -88.40736106199995, 13.466079011000033 ], [ -88.404823929999964, 13.457452764000038 ], [ -88.39010856799996, 13.456437911000023 ], [ -88.39010856799996, 13.444767107000075 ], [ -88.39020715099997, 13.444737233000069 ] ] ] } },
{ "type": "Feature", "properties": { "shapeName": "Santa Elena", "shapeISO": "", "shapeID": "79315794B74787052715916", "shapeGroup": "SLV", "shapeType": "ADM2" }, "geometry": { "type": "Polygon", "coordinates": [ [ [ -88.476191931999949, 13.422880127000042 ], [ -88.468252216999986, 13.419903218000059 ], [ -88.468759642999942, 13.410769545000051 ], [ -88.466222511999945, 13.403158150000024 ], [ -88.462163100999987, 13.396054182000057 ], [ -88.456581411999935, 13.393009625000047 ], [ -88.456581411999935, 13.388442788000077 ], [ -88.453536853999935, 13.384890804000065 ], [ -88.448462591999942, 13.384890804000065 ], [ -88.441866049999987, 13.377279409000039 ], [ -88.438314065999975, 13.375249704000055 ], [ -88.437137292999978, 13.373366867000072 ], [ -88.435776933999989, 13.37119029400003 ], [ -88.411014748999946, 13.370321445000059 ], [ -88.406853634999948, 13.370175441000072 ], [ -88.388078861999986, 13.381338820000053 ], [ -88.388320864999969, 13.381919628000048 ], [ -88.390615993999972, 13.387427935000062 ], [ -88.390615993999972, 13.412799250000035 ], [ -88.384307601999978, 13.437771154000075 ], [ -88.39020715099997, 13.444737233000069 ], [ -88.406853634999948, 13.439692844000035 ], [ -88.414972455999987, 13.444767107000075 ], [ -88.420554144999983, 13.455930485000067 ], [ -88.42004671899997, 13.462019601000065 ], [ -88.425120981999953, 13.469630995000045 ], [ -88.44478548799998, 13.471994350000045 ], [ -88.44491060699994, 13.471660700000029 ], [ -88.445823974999939, 13.471965156000067 ], [ -88.454044280999938, 13.464049306000049 ], [ -88.456581411999935, 13.457452764000038 ], [ -88.465207658999987, 13.449841370000058 ], [ -88.45962597, 13.44375225400006 ], [ -88.461148248999962, 13.43411115400005 ], [ -88.476191931999949, 13.422880127000042 ] ] ] } },
{ "type": "Feature", "properties": { "shapeName": "San Dionisio", "shapeISO": "", "shapeID": "79315794B287645729491", "shapeGroup": "SLV", "shapeType": "ADM2" }, "geometry": { "type": "Polygon", "coordinates": [ [ [ -88.493728516999965, 13.281113378000043 ], [ -88.48753441599996, 13.274271872000043 ], [ -88.484489857999961, 13.274271872000043 ], [ -88.465715085999989, 13.262601067000048 ], [ -88.448367448999988, 13.245412001000034 ], [ -88.447731897999972, 13.281091681000078 ], [ -88.451953683999989, 13.294081794000022 ], [ -88.451953683999989, 13.310968941000056 ], [ -88.463969538999947, 13.317463998000051 ], [ -88.472088359999987, 13.313891717000047 ], [ -88.485727978999989, 13.317463998000051 ], [ -88.490274517999978, 13.323309549000044 ], [ -88.507701596999937, 13.321948382000073 ], [ -88.502757204999966, 13.310299139000051 ], [ -88.503772057999981, 13.296091202000071 ], [ -88.494130957999971, 13.285942676000047 ], [ -88.493728516999965, 13.281113378000043 ] ] ] } },
{ "type": "Feature", "properties": { "shapeName": "Usulutan", "shapeISO": "", "shapeID": "79315794B68893851192533", "shapeGroup": "SLV", "shapeType": "ADM2" }, "geometry": { "type": "Polygon", "coordinates": [ [ [ -88.508258093999984, 13.323259517000054 ], [ -88.507701596999937, 13.321948382000073 ], [ -88.490274517999978, 13.323309549000044 ], [ -88.485727978999989, 13.317463998000051 ], [ -88.472088359999987, 13.313891717000047 ], [ -88.463969538999947, 13.317463998000051 ], [ -88.451953683999989, 13.310968941000056 ], [ -88.451953683999989, 13.294081794000022 ], [ -88.447731897999972, 13.281091681000078 ], [ -88.448367448999988, 13.245412001000034 ], [ -88.447407144999943, 13.238549060000025 ], [ -88.43181900899998, 13.233677768000064 ], [ -88.394147680999936, 13.226533206000056 ], [ -88.378884297999946, 13.232703510000022 ], [ -88.378533082999979, 13.235688839000034 ], [ -88.377585286999988, 13.243745106000063 ], [ -88.383755589999964, 13.25316293800006 ], [ -88.391549657999974, 13.259982747000038 ], [ -88.394147680999936, 13.259982747000038 ], [ -88.398044714999969, 13.265178792000029 ], [ -88.400967489999971, 13.265178792000029 ], [ -88.404215018999935, 13.269075826000062 ], [ -88.406813040999964, 13.269075826000062 ], [ -88.409735816999955, 13.27394711900007 ], [ -88.413308097999959, 13.272972860000039 ], [ -88.417529884999965, 13.274921377000055 ], [ -88.41850414299995, 13.278168906000076 ], [ -88.422076423999954, 13.277519400000074 ], [ -88.423700187999941, 13.278818411000032 ], [ -88.423700187999941, 13.292133277000062 ], [ -88.411684333999972, 13.309345177000068 ], [ -88.399993231999986, 13.311293694000028 ], [ -88.393173421999961, 13.315840234000063 ], [ -88.393822927999963, 13.322984796000071 ], [ -88.405189276999977, 13.321685785000057 ], [ -88.417205131999935, 13.327856088000033 ], [ -88.416011444999981, 13.33501820500004 ], [ -88.415906119999988, 13.335650156000042 ], [ -88.435716042999957, 13.343768977000025 ], [ -88.440912087999948, 13.352862056000049 ], [ -88.437339806999944, 13.363254147000077 ], [ -88.437137292999978, 13.373366867000072 ], [ -88.438314065999975, 13.375249704000055 ], [ -88.441866049999987, 13.377279409000039 ], [ -88.448462591999942, 13.384890804000065 ], [ -88.453536853999935, 13.384890804000065 ], [ -88.456581411999935, 13.388442788000077 ], [ -88.456581411999935, 13.393009625000047 ], [ -88.462163100999987, 13.396054182000057 ], [ -88.466222511999945, 13.403158150000024 ], [ -88.468759642999942, 13.410769545000051 ], [ -88.468252216999986, 13.419903218000059 ], [ -88.476191931999949, 13.422880127000042 ], [ -88.476466220999953, 13.422675354000035 ], [ -88.484489857999961, 13.412291824000022 ], [ -88.483475005999935, 13.399606166000069 ], [ -88.488549268999975, 13.399098740000056 ], [ -88.499205220999954, 13.389457641000035 ], [ -88.499205220999954, 13.378801688000067 ], [ -88.492101252999987, 13.356982358000039 ], [ -88.495653236999942, 13.349370963000069 ], [ -88.524069108999981, 13.349878390000072 ], [ -88.528635945999952, 13.345818979000057 ], [ -88.536403471999961, 13.346560602000068 ], [ -88.534217634999948, 13.343281848000061 ], [ -88.528635945999952, 13.338715011000033 ], [ -88.509861173, 13.335163027000021 ], [ -88.507831467999949, 13.323492222000027 ], [ -88.508258093999984, 13.323259517000054 ] ] ] } },
{ "type": "Feature", "properties": { "shapeName": "Santa María", "shapeISO": "", "shapeID": "79315794B25959400304708", "shapeGroup": "SLV", "shapeType": "ADM2" }, "geometry": { "type": "Polygon", "coordinates": [ [ [ -88.416011444999981, 13.33501820500004 ], [ -88.409735816999955, 13.339871943000048 ], [ -88.413308097999959, 13.359681866000074 ], [ -88.411014748999946, 13.370321445000059 ], [ -88.435776933999989, 13.37119029400003 ], [ -88.437137292999978, 13.373366867000072 ], [ -88.437339806999944, 13.363254147000077 ], [ -88.440912087999948, 13.352862056000049 ], [ -88.435716042999957, 13.343768977000025 ], [ -88.415906119999988, 13.335650156000042 ], [ -88.416011444999981, 13.33501820500004 ] ] ] } },
{ "type": "Feature", "properties": { "shapeName": "Ereguayquín", "shapeISO": "", "shapeID": "79315794B83878115862603", "shapeGroup": "SLV", "shapeType": "ADM2" }, "geometry": { "type": "Polygon", "coordinates": [ [ [ -88.411014748999946, 13.370321445000059 ], [ -88.413308097999959, 13.359681866000074 ], [ -88.409735816999955, 13.339871943000048 ], [ -88.416011444999981, 13.33501820500004 ], [ -88.417205131999935, 13.327856088000033 ], [ -88.405189276999977, 13.321685785000057 ], [ -88.393822927999963, 13.322984796000071 ], [ -88.386353612999983, 13.334675898000057 ], [ -88.386678365999956, 13.354485820000036 ], [ -88.382131825999977, 13.362604641000075 ], [ -88.377585286999988, 13.362279888000046 ], [ -88.37271399399998, 13.35578483200004 ], [ -88.362971408999954, 13.352862056000049 ], [ -88.362646656999971, 13.364553158000035 ], [ -88.371375950999948, 13.371245617000056 ], [ -88.372389240999951, 13.372022473000072 ], [ -88.388320864999969, 13.381919628000048 ], [ -88.388078861999986, 13.381338820000053 ], [ -88.406853634999948, 13.370175441000072 ], [ -88.411014748999946, 13.370321445000059 ] ] ] } },
{ "type": "Feature", "properties": { "shapeName": "San Luis de la Reina", "shapeISO": "", "shapeID": "79315794B85489801773843", "shapeGroup": "SLV", "shapeType": "ADM2" }, "geometry": { "type": "Polygon", "coordinates": [ [ [ -88.381884419999949, 13.785217983000052 ], [ -88.379960041999936, 13.788802135000026 ], [ -88.36981151599997, 13.790831840000067 ], [ -88.368538835999971, 13.786695630000054 ], [ -88.363722399999972, 13.792354119000038 ], [ -88.340380790999973, 13.796920955000076 ], [ -88.325158001999966, 13.802502644000072 ], [ -88.318054033999942, 13.813666023000053 ], [ -88.31957631299997, 13.823814549000076 ], [ -88.324650575999954, 13.82584425400006 ], [ -88.332769395999946, 13.834977927000068 ], [ -88.334799101999977, 13.85375270000003 ], [ -88.337843658999986, 13.860856668000054 ], [ -88.353573873999949, 13.859334389000026 ], [ -88.356707587999949, 13.870354485000064 ], [ -88.362437599999964, 13.869577500000048 ], [ -88.369663499999945, 13.874545900000044 ], [ -88.374700699999948, 13.87974070000007 ], [ -88.375831361999985, 13.884597874000065 ], [ -88.394453404999979, 13.867802066000024 ], [ -88.396831965999979, 13.861459237000076 ], [ -88.396831965999979, 13.851944994000064 ], [ -88.389696283999967, 13.828952240000035 ], [ -88.393660551999972, 13.825780826000027 ], [ -88.393660551999972, 13.821023704000027 ], [ -88.388903429999971, 13.814680876000068 ], [ -88.385732015999963, 13.814680876000068 ], [ -88.382560601999955, 13.808338047000063 ], [ -88.383353454999963, 13.803580925000063 ], [ -88.381884419999949, 13.785217983000052 ] ] ] } },
{ "type": "Feature", "properties": { "shapeName": "San Jorge", "shapeISO": "", "shapeID": "79315794B31641334211700", "shapeGroup": "SLV", "shapeType": "ADM2" }, "geometry": { "type": "Polygon", "coordinates": [ [ [ -88.382497173, 13.435633433000021 ], [ -88.376408057999981, 13.419395792000046 ], [ -88.367781810999986, 13.411276971000063 ], [ -88.358140710999976, 13.409247266000023 ], [ -88.34748475899994, 13.403158150000024 ], [ -88.33023226499995, 13.403665577000027 ], [ -88.324833248999937, 13.404436865000037 ], [ -88.323128296999982, 13.404680429000052 ], [ -88.316531754999971, 13.416351234000047 ], [ -88.305875802999935, 13.422440350000045 ], [ -88.284563897999988, 13.430559170000038 ], [ -88.282026767, 13.438170565000064 ], [ -88.287608455999987, 13.440200270000048 ], [ -88.30232381899998, 13.455930485000067 ], [ -88.307905507999976, 13.457960190000051 ], [ -88.313994622999985, 13.454408206000039 ], [ -88.322113443999967, 13.454408206000039 ], [ -88.328202559999966, 13.458467617000053 ], [ -88.354081300999951, 13.455930485000067 ], [ -88.372348646999967, 13.441722549000076 ], [ -88.382497173, 13.435633433000021 ] ] ] } },
{ "type": "Feature", "properties": { "shapeName": "San Rafael", "shapeISO": "", "shapeID": "79315794B33674130591539", "shapeGroup": "SLV", "shapeType": "ADM2" }, "geometry": { "type": "Polygon", "coordinates": [ [ [ -88.388320864999969, 13.381919628000048 ], [ -88.372389240999951, 13.372022473000072 ], [ -88.371375950999948, 13.371245617000056 ], [ -88.368289236999942, 13.38083139400004 ], [ -88.353066447999936, 13.384383378000052 ], [ -88.353573873999949, 13.388950214000033 ], [ -88.343425348999972, 13.388950214000033 ], [ -88.333784248999962, 13.383368525000037 ], [ -88.329217411999934, 13.389457641000035 ], [ -88.321098591999942, 13.389457641000035 ], [ -88.31754660699994, 13.399098740000056 ], [ -88.324833248999937, 13.404436865000037 ], [ -88.33023226499995, 13.403665577000027 ], [ -88.34748475899994, 13.403158150000024 ], [ -88.358140710999976, 13.409247266000023 ], [ -88.367781810999986, 13.411276971000063 ], [ -88.376408057999981, 13.419395792000046 ], [ -88.382497173, 13.435633433000021 ], [ -88.384307601999978, 13.437771154000075 ], [ -88.390615993999972, 13.412799250000035 ], [ -88.390615993999972, 13.387427935000062 ], [ -88.388320864999969, 13.381919628000048 ] ] ] } },
{ "type": "Feature", "properties": { "shapeName": "Concepción Batres", "shapeISO": "", "shapeID": "79315794B53503035270469", "shapeGroup": "SLV", "shapeType": "ADM2" }, "geometry": { "type": "Polygon", "coordinates": [ [ [ -88.378533082999979, 13.235688839000034 ], [ -88.372348646999967, 13.231648063000023 ], [ -88.356618431999948, 13.234692621000022 ], [ -88.344947626999954, 13.229110931000037 ], [ -88.326680280999938, 13.261078788000077 ], [ -88.32844141299995, 13.264424940000026 ], [ -88.331754543999978, 13.270719888000031 ], [ -88.33023226499995, 13.292031792000046 ], [ -88.316024328999958, 13.305732302000024 ], [ -88.304860949999977, 13.312328844000035 ], [ -88.301308965999965, 13.317910533000031 ], [ -88.312472344999946, 13.340237290000061 ], [ -88.325158001999966, 13.345818979000057 ], [ -88.358140710999976, 13.34632640500007 ], [ -88.362971408999954, 13.352862056000049 ], [ -88.37271399399998, 13.35578483200004 ], [ -88.377585286999988, 13.362279888000046 ], [ -88.382131825999977, 13.362604641000075 ], [ -88.386678365999956, 13.354485820000036 ], [ -88.386353612999983, 13.334675898000057 ], [ -88.393822927999963, 13.322984796000071 ], [ -88.393173421999961, 13.315840234000063 ], [ -88.399993231999986, 13.311293694000028 ], [ -88.411684333999972, 13.309345177000068 ], [ -88.423700187999941, 13.292133277000062 ], [ -88.423700187999941, 13.278818411000032 ], [ -88.422076423999954, 13.277519400000074 ], [ -88.41850414299995, 13.278168906000076 ], [ -88.417529884999965, 13.274921377000055 ], [ -88.413308097999959, 13.272972860000039 ], [ -88.409735816999955, 13.27394711900007 ], [ -88.406813040999964, 13.269075826000062 ], [ -88.404215018999935, 13.269075826000062 ], [ -88.400967489999971, 13.265178792000029 ], [ -88.398044714999969, 13.265178792000029 ], [ -88.394147680999936, 13.259982747000038 ], [ -88.391549657999974, 13.259982747000038 ], [ -88.383755589999964, 13.25316293800006 ], [ -88.377585286999988, 13.243745106000063 ], [ -88.378533082999979, 13.235688839000034 ] ] ] } },
{ "type": "Feature", "properties": { "shapeName": "El Transito", "shapeISO": "", "shapeID": "79315794B37680767331657", "shapeGroup": "SLV", "shapeType": "ADM2" }, "geometry": { "type": "Polygon", "coordinates": [ [ [ -88.362971408999954, 13.352862056000049 ], [ -88.358140710999976, 13.34632640500007 ], [ -88.325158001999966, 13.345818979000057 ], [ -88.312472344999946, 13.340237290000061 ], [ -88.301308965999965, 13.317910533000031 ], [ -88.304860949999977, 13.312328844000035 ], [ -88.316024328999958, 13.305732302000024 ], [ -88.33023226499995, 13.292031792000046 ], [ -88.331754543999978, 13.270719888000031 ], [ -88.32844141299995, 13.264424940000026 ], [ -88.318561459999955, 13.260063935000062 ], [ -88.29268271899997, 13.269705035000072 ], [ -88.296234702999982, 13.279853561000039 ], [ -88.295727276999969, 13.305732302000024 ], [ -88.293697571999985, 13.314865975000032 ], [ -88.284880635999968, 13.319675213000039 ], [ -88.282534192999947, 13.32095509100003 ], [ -88.27543022499998, 13.321969943000056 ], [ -88.277967355999976, 13.323492222000027 ], [ -88.276445077999938, 13.332118469000022 ], [ -88.266803977999984, 13.340744716000074 ], [ -88.252596041999936, 13.339222437000046 ], [ -88.249044057999981, 13.345818979000057 ], [ -88.248536630999979, 13.355460079000068 ], [ -88.261222288999988, 13.355967505000024 ], [ -88.264774272999944, 13.370175441000072 ], [ -88.277459929999964, 13.376771983000026 ], [ -88.282534192999947, 13.382353672000022 ], [ -88.287101029999974, 13.398591314000043 ], [ -88.31754660699994, 13.399098740000056 ], [ -88.321098591999942, 13.389457641000035 ], [ -88.329217411999934, 13.389457641000035 ], [ -88.333784248999962, 13.383368525000037 ], [ -88.343425348999972, 13.388950214000033 ], [ -88.353573873999949, 13.388950214000033 ], [ -88.353066447999936, 13.384383378000052 ], [ -88.368289236999942, 13.38083139400004 ], [ -88.371375950999948, 13.371245617000056 ], [ -88.362646656999971, 13.364553158000035 ], [ -88.362971408999954, 13.352862056000049 ] ] ] } },
{ "type": "Feature", "properties": { "shapeName": "Carolina", "shapeISO": "", "shapeID": "79315794B12746718022647", "shapeGroup": "SLV", "shapeType": "ADM2" }, "geometry": { "type": "Polygon", "coordinates": [ [ [ -88.318054033999942, 13.813666023000053 ], [ -88.285578750999946, 13.819755138000062 ], [ -88.278474782999979, 13.815695728000037 ], [ -88.273400519999939, 13.819247712000049 ], [ -88.273399464999954, 13.819280415000037 ], [ -88.27331220352653, 13.821985524242251 ], [ -88.272959027999946, 13.832933980000064 ], [ -88.272893093999983, 13.834977927000068 ], [ -88.281011913999976, 13.833963075000042 ], [ -88.287608455999987, 13.841574469000022 ], [ -88.288115881999943, 13.856289832000073 ], [ -88.295219850999956, 13.868468063000023 ], [ -88.292175292999957, 13.877094310000075 ], [ -88.28304161899996, 13.879124015000059 ], [ -88.281519340999978, 13.897391362000064 ], [ -88.282515799999942, 13.911550300000044 ], [ -88.289334, 13.914507900000046 ], [ -88.291613899999959, 13.91167530000007 ], [ -88.297509399999967, 13.910607800000037 ], [ -88.302745099999981, 13.905385 ], [ -88.3048265, 13.905937 ], [ -88.307127799999989, 13.902338800000052 ], [ -88.309547099999975, 13.90386970000003 ], [ -88.310292799999957, 13.902526300000034 ], [ -88.31345239999996, 13.902161700000022 ], [ -88.317052, 13.897842300000036 ], [ -88.315641099999937, 13.892278100000055 ], [ -88.317336299999965, 13.889903500000059 ], [ -88.323489299999949, 13.892037300000027 ], [ -88.326863499999945, 13.891360300000031 ], [ -88.328657899999939, 13.893797400000039 ], [ -88.333046, 13.891511300000047 ], [ -88.33709609999994, 13.894672300000025 ], [ -88.344745799999941, 13.896349 ], [ -88.34969179999996, 13.891214500000046 ], [ -88.349651499999936, 13.880422900000042 ], [ -88.351551699999959, 13.875022600000023 ], [ -88.356707587999949, 13.870354485000064 ], [ -88.353573873999949, 13.859334389000026 ], [ -88.337843658999986, 13.860856668000054 ], [ -88.334799101999977, 13.85375270000003 ], [ -88.332769395999946, 13.834977927000068 ], [ -88.324650575999954, 13.82584425400006 ], [ -88.31957631299997, 13.823814549000076 ], [ -88.318054033999942, 13.813666023000053 ] ] ] } },
{ "type": "Feature", "properties": { "shapeName": "Ciudad Barrios", "shapeISO": "", "shapeID": "79315794B38727167793446", "shapeGroup": "SLV", "shapeType": "ADM2" }, "geometry": { "type": "Polygon", "coordinates": [ [ [ -88.307905507999976, 13.690868860000023 ], [ -88.291616717999943, 13.696359618000031 ], [ -88.272703112999977, 13.691371415000049 ], [ -88.271248219999961, 13.71735164100005 ], [ -88.267922750999958, 13.727328048000061 ], [ -88.261063971999988, 13.73356330200005 ], [ -88.257738502999985, 13.73356330200005 ], [ -88.252958140999965, 13.738135822000061 ], [ -88.251918931999967, 13.742084816000045 ], [ -88.234668061999969, 13.750606331000029 ], [ -88.229248709999979, 13.752248559000066 ], [ -88.227809281999953, 13.752684749000025 ], [ -88.227194748999977, 13.771325607000051 ], [ -88.227185756999972, 13.771598353000059 ], [ -88.246099360999949, 13.788849224000046 ], [ -88.252750298999956, 13.789472749000026 ], [ -88.263558072999956, 13.800696207000044 ], [ -88.265012965999972, 13.805060885000046 ], [ -88.268961960999945, 13.806515778000062 ], [ -88.273399464999954, 13.819280415000037 ], [ -88.273400519999939, 13.819247712000049 ], [ -88.278474782999979, 13.815695728000037 ], [ -88.285578750999946, 13.819755138000062 ], [ -88.318054033999942, 13.813666023000053 ], [ -88.325158001999966, 13.802502644000072 ], [ -88.340380790999973, 13.796920955000076 ], [ -88.363722399999972, 13.792354119000038 ], [ -88.368538835999971, 13.786695630000054 ], [ -88.367781810999986, 13.784235298000056 ], [ -88.367781810999986, 13.766475378000052 ], [ -88.350529316999939, 13.763938246000066 ], [ -88.342410495999957, 13.758863983000026 ], [ -88.329217411999934, 13.766475378000052 ], [ -88.325665427999979, 13.764445672000022 ], [ -88.314502049999987, 13.742626342000051 ], [ -88.313994622999985, 13.721821864000049 ], [ -88.307905507999976, 13.690868860000023 ] ] ] } },
{ "type": "Feature", "properties": { "shapeName": "Chapeltique", "shapeISO": "", "shapeID": "79315794B22545432113696", "shapeGroup": "SLV", "shapeType": "ADM2" }, "geometry": { "type": "Polygon", "coordinates": [ [ [ -88.337082519999967, 13.648498764000067 ], [ -88.334291674999974, 13.639111378000052 ], [ -88.328709985999978, 13.634544541000025 ], [ -88.323635722999938, 13.624903441000072 ], [ -88.323635722999938, 13.617799473000048 ], [ -88.318561459999955, 13.614247489000036 ], [ -88.313994622999985, 13.607143521000069 ], [ -88.313487196999972, 13.600546979000057 ], [ -88.315045132999956, 13.598404817000073 ], [ -88.235343547999946, 13.593503902000066 ], [ -88.230472254999938, 13.589606868000033 ], [ -88.225276209999947, 13.589931621000062 ], [ -88.219430658999954, 13.592529644000024 ], [ -88.221054422999941, 13.597725689000072 ], [ -88.221250219999945, 13.603795394000031 ], [ -88.221379175999971, 13.607793027000071 ], [ -88.211961343999974, 13.61980888100004 ], [ -88.212492887999986, 13.622200830000054 ], [ -88.213260354999989, 13.625654432000033 ], [ -88.223327692999987, 13.634747511000057 ], [ -88.232096018999982, 13.650010894000047 ], [ -88.246060390999958, 13.663001008000037 ], [ -88.252880199999936, 13.671769334000032 ], [ -88.262947537999935, 13.681187166000029 ], [ -88.268143582999983, 13.682486177000044 ], [ -88.272703112999977, 13.691371415000049 ], [ -88.291616717999943, 13.696359618000031 ], [ -88.307905507999976, 13.690868860000023 ], [ -88.322113443999967, 13.681735186000026 ], [ -88.324650575999954, 13.662960413000064 ], [ -88.331754543999978, 13.650782182000057 ], [ -88.334799101999977, 13.650782182000057 ], [ -88.337082519999967, 13.648498764000067 ] ] ] } },
{ "type": "Feature", "properties": { "shapeName": "Moncagua", "shapeISO": "", "shapeID": "79315794B94858643210446", "shapeGroup": "SLV", "shapeType": "ADM2" }, "geometry": { "type": "Polygon", "coordinates": [ [ [ -88.31542731199994, 13.557095779000065 ], [ -88.309427786999947, 13.550819202000071 ], [ -88.309427786999947, 13.544730087000062 ], [ -88.311964917999944, 13.538640971000063 ], [ -88.313775195999938, 13.538942684000062 ], [ -88.312472344999946, 13.532044429000052 ], [ -88.313994622999985, 13.529507298000055 ], [ -88.313994622999985, 13.523418182000057 ], [ -88.308920359999945, 13.516821641000035 ], [ -88.301816391999978, 13.511747378000052 ], [ -88.295727276999969, 13.483838931000037 ], [ -88.28652976799998, 13.481418534000056 ], [ -88.284381224999947, 13.482763188000035 ], [ -88.270741605999945, 13.49153151400003 ], [ -88.274313886999948, 13.497377065000023 ], [ -88.273989133999976, 13.513289953000026 ], [ -88.26197327999995, 13.518161246000034 ], [ -88.260674267999946, 13.522058280000067 ], [ -88.256127728999957, 13.525955314000043 ], [ -88.255478222999955, 13.530501853000032 ], [ -88.237292064999963, 13.546739495000054 ], [ -88.234369288999972, 13.546739495000054 ], [ -88.230472254999938, 13.563301889000059 ], [ -88.225600962999977, 13.570771204000039 ], [ -88.22251803499995, 13.571927302000063 ], [ -88.220404917999986, 13.572719721000055 ], [ -88.212286096999946, 13.567848429000037 ], [ -88.205466286999979, 13.569796946000054 ], [ -88.204492028999937, 13.574343485000043 ], [ -88.219430658999954, 13.592529644000024 ], [ -88.225276209999947, 13.589931621000062 ], [ -88.230472254999938, 13.589606868000033 ], [ -88.235343547999946, 13.593503902000066 ], [ -88.315045132999956, 13.598404817000073 ], [ -88.31754660699994, 13.594965290000061 ], [ -88.319068885999968, 13.587353895000035 ], [ -88.306890654999961, 13.584816764000038 ], [ -88.306890654999961, 13.572131107000075 ], [ -88.312472344999946, 13.557923170000038 ], [ -88.31542731199994, 13.557095779000065 ] ] ] } },
{ "type": "Feature", "properties": { "shapeName": "Quelepa", "shapeISO": "", "shapeID": "79315794B22242380488135", "shapeGroup": "SLV", "shapeType": "ADM2" }, "geometry": { "type": "Polygon", "coordinates": [ [ [ -88.270741605999945, 13.49153151400003 ], [ -88.265220807999981, 13.494454289000032 ], [ -88.247359401999972, 13.512965201000043 ], [ -88.222028681999973, 13.515887976000045 ], [ -88.214884119999965, 13.518161246000034 ], [ -88.214559366999936, 13.534723640000038 ], [ -88.222028681999973, 13.55096128200006 ], [ -88.22365244599996, 13.55843059700004 ], [ -88.22251803499995, 13.571927302000063 ], [ -88.225600962999977, 13.570771204000039 ], [ -88.230472254999938, 13.563301889000059 ], [ -88.234369288999972, 13.546739495000054 ], [ -88.237292064999963, 13.546739495000054 ], [ -88.255478222999955, 13.530501853000032 ], [ -88.256127728999957, 13.525955314000043 ], [ -88.260674267999946, 13.522058280000067 ], [ -88.26197327999995, 13.518161246000034 ], [ -88.273989133999976, 13.513289953000026 ], [ -88.274313886999948, 13.497377065000023 ], [ -88.270741605999945, 13.49153151400003 ] ] ] } },
{ "type": "Feature", "properties": { "shapeName": "San Antonio", "shapeISO": "", "shapeID": "79315794B31133619180523", "shapeGroup": "SLV", "shapeType": "ADM2" }, "geometry": { "type": "Polygon", "coordinates": [ [ [ -88.272959027999946, 13.832933980000064 ], [ -88.270863387999952, 13.841574469000022 ], [ -88.267253520999986, 13.845334747000038 ], [ -88.258685156999945, 13.854260127000032 ], [ -88.258177730999989, 13.868468063000023 ], [ -88.254625746999977, 13.874049752000076 ], [ -88.249551483999937, 13.875572031000047 ], [ -88.249551483999937, 13.88064629400003 ], [ -88.260207435999973, 13.882675999000071 ], [ -88.259192583999948, 13.892824525000037 ], [ -88.262237140999957, 13.901450772000032 ], [ -88.269370984999966, 13.912529461000076 ], [ -88.271738699999958, 13.914106900000036 ], [ -88.27529, 13.910831700000074 ], [ -88.276277, 13.911597100000051 ], [ -88.279581499999949, 13.909358100000077 ], [ -88.282452553999974, 13.91065162700005 ], [ -88.281519340999978, 13.897391362000064 ], [ -88.28304161899996, 13.879124015000059 ], [ -88.292175292999957, 13.877094310000075 ], [ -88.295219850999956, 13.868468063000023 ], [ -88.288115881999943, 13.856289832000073 ], [ -88.287608455999987, 13.841574469000022 ], [ -88.281011913999976, 13.833963075000042 ], [ -88.272893093999983, 13.834977927000068 ], [ -88.272959027999946, 13.832933980000064 ] ] ] } },
{ "type": "Feature", "properties": { "shapeName": "Torola", "shapeISO": "", "shapeID": "79315794B91576737756092", "shapeGroup": "SLV", "shapeType": "ADM2" }, "geometry": { "type": "Polygon", "coordinates": [ [ [ -88.249551483999937, 13.875572031000047 ], [ -88.237971737999942, 13.876000910000073 ], [ -88.235850973999959, 13.87607945700006 ], [ -88.229761857999961, 13.883690852000029 ], [ -88.203375690999962, 13.884705704000055 ], [ -88.187138049999987, 13.882168573000058 ], [ -88.187400511999954, 13.882780984000021 ], [ -88.19018260699994, 13.889272541000025 ], [ -88.187138049999987, 13.894346804000065 ], [ -88.187138049999987, 13.898406214000033 ], [ -88.193227164999939, 13.898406214000033 ], [ -88.195764296999982, 13.911091872000043 ], [ -88.20489797, 13.911091872000043 ], [ -88.207942528, 13.919210692000036 ], [ -88.215046495999957, 13.929866644000072 ], [ -88.226717300999951, 13.932911202000071 ], [ -88.22872939399997, 13.938102588000049 ], [ -88.236011599999983, 13.939197600000057 ], [ -88.259947699999941, 13.937448200000063 ], [ -88.260902499999986, 13.938854 ], [ -88.262898099999973, 13.937021300000026 ], [ -88.2651833, 13.937239900000066 ], [ -88.266277699999989, 13.934386800000027 ], [ -88.26399239999995, 13.930513100000042 ], [ -88.264722, 13.928576200000066 ], [ -88.262919599999975, 13.927149600000064 ], [ -88.26643329999996, 13.92430150000007 ], [ -88.262705, 13.918943600000034 ], [ -88.264486, 13.918110500000068 ], [ -88.26589679999995, 13.914481300000034 ], [ -88.269370984999966, 13.912529461000076 ], [ -88.262237140999957, 13.901450772000032 ], [ -88.259192583999948, 13.892824525000037 ], [ -88.260207435999973, 13.882675999000071 ], [ -88.249551483999937, 13.88064629400003 ], [ -88.249551483999937, 13.875572031000047 ] ] ] } },
{ "type": "Feature", "properties": { "shapeName": "San Isidro", "shapeISO": "", "shapeID": "79315794B40793175088004", "shapeGroup": "SLV", "shapeType": "ADM2" }, "geometry": { "type": "Polygon", "coordinates": [ [ [ -88.267253520999986, 13.845334747000038 ], [ -88.261222288999988, 13.84309674800005 ], [ -88.25005890999995, 13.833963075000042 ], [ -88.245999499999982, 13.838022485000067 ], [ -88.239402957999971, 13.841574469000022 ], [ -88.223379400999988, 13.84400228100003 ], [ -88.222657889999937, 13.844111601000066 ], [ -88.219105905999982, 13.851215569000033 ], [ -88.222150463999981, 13.852737848000061 ], [ -88.222657889999937, 13.862886374000027 ], [ -88.227732152999977, 13.862886374000027 ], [ -88.23280641599996, 13.867453210000065 ], [ -88.233313842999962, 13.873034899000061 ], [ -88.237971737999942, 13.876000910000073 ], [ -88.249551483999937, 13.875572031000047 ], [ -88.254625746999977, 13.874049752000076 ], [ -88.258177730999989, 13.868468063000023 ], [ -88.258685156999945, 13.854260127000032 ], [ -88.267253520999986, 13.845334747000038 ] ] ] } },
{ "type": "Feature", "properties": { "shapeName": "San Simon", "shapeISO": "", "shapeID": "79315794B81535707039763", "shapeGroup": "SLV", "shapeType": "ADM2" }, "geometry": { "type": "Polygon", "coordinates": [ [ [ -88.273399464999954, 13.819280415000037 ], [ -88.268961960999945, 13.806515778000062 ], [ -88.265012965999972, 13.805060885000046 ], [ -88.263558072999956, 13.800696207000044 ], [ -88.252750298999956, 13.789472749000026 ], [ -88.246099360999949, 13.788849224000046 ], [ -88.227185756999972, 13.771598353000059 ], [ -88.227194748999977, 13.771325607000051 ], [ -88.221135610999966, 13.773579346000076 ], [ -88.214539069999944, 13.777638756000044 ], [ -88.214539069999944, 13.779668461000028 ], [ -88.214539069999944, 13.781190740000056 ], [ -88.220628184999953, 13.788802135000026 ], [ -88.218598479999969, 13.806562055000029 ], [ -88.226209873999949, 13.817725433000021 ], [ -88.226209873999949, 13.828381386000046 ], [ -88.224180168999965, 13.83041109100003 ], [ -88.223379400999988, 13.84400228100003 ], [ -88.239402957999971, 13.841574469000022 ], [ -88.245999499999982, 13.838022485000067 ], [ -88.25005890999995, 13.833963075000042 ], [ -88.261222288999988, 13.84309674800005 ], [ -88.267253520999986, 13.845334747000038 ], [ -88.270863387999952, 13.841574469000022 ], [ -88.272959027999946, 13.832933980000064 ], [ -88.27331220352653, 13.821985524242251 ], [ -88.273399464999954, 13.819280415000037 ] ] ] } },
{ "type": "Feature", "properties": { "shapeName": "Guatajiagua", "shapeISO": "", "shapeID": "79315794B83813091780755", "shapeGroup": "SLV", "shapeType": "ADM2" }, "geometry": { "type": "Polygon", "coordinates": [ [ [ -88.272703112999977, 13.691371415000049 ], [ -88.268143582999983, 13.682486177000044 ], [ -88.262947537999935, 13.681187166000029 ], [ -88.252880199999936, 13.671769334000032 ], [ -88.246060390999958, 13.663001008000037 ], [ -88.232096018999982, 13.650010894000047 ], [ -88.223327692999987, 13.634747511000057 ], [ -88.213260354999989, 13.625654432000033 ], [ -88.212492887999986, 13.622200830000054 ], [ -88.200838559999966, 13.626933146000056 ], [ -88.195764296999982, 13.627440573000058 ], [ -88.193734591999942, 13.635559393000051 ], [ -88.198808854999982, 13.641648509000049 ], [ -88.198808854999982, 13.653319314000044 ], [ -88.19525686999998, 13.661945561000039 ], [ -88.191197459999955, 13.663467840000067 ], [ -88.187645475999943, 13.67158666000006 ], [ -88.187645475999943, 13.679705481000042 ], [ -88.194242017999954, 13.687824302000024 ], [ -88.197286575999954, 13.688331728000037 ], [ -88.198301427999979, 13.693405991000077 ], [ -88.203883116999975, 13.694928270000048 ], [ -88.219105905999982, 13.738566931000037 ], [ -88.218598479999969, 13.746685752000076 ], [ -88.229248709999979, 13.752248559000066 ], [ -88.234668061999969, 13.750606331000029 ], [ -88.251918931999967, 13.742084816000045 ], [ -88.252958140999965, 13.738135822000061 ], [ -88.257738502999985, 13.73356330200005 ], [ -88.261063971999988, 13.73356330200005 ], [ -88.267922750999958, 13.727328048000061 ], [ -88.271248219999961, 13.71735164100005 ], [ -88.272703112999977, 13.691371415000049 ] ] ] } },
{ "type": "Feature", "properties": { "shapeName": "El Rosario", "shapeISO": "", "shapeID": "79315794B93359070000438", "shapeGroup": "SLV", "shapeType": "ADM2" }, "geometry": { "type": "Polygon", "coordinates": [ [ [ -88.237971737999942, 13.876000910000073 ], [ -88.233313842999962, 13.873034899000061 ], [ -88.23280641599996, 13.867453210000065 ], [ -88.227732152999977, 13.862886374000027 ], [ -88.222657889999937, 13.862886374000027 ], [ -88.222150463999981, 13.852737848000061 ], [ -88.219105905999982, 13.851215569000033 ], [ -88.208957379999958, 13.846648732000062 ], [ -88.190360891999944, 13.843549317000054 ], [ -88.187645475999943, 13.84309674800005 ], [ -88.177089485999943, 13.846455472000059 ], [ -88.176482097999951, 13.846648732000062 ], [ -88.173944965999965, 13.856289832000073 ], [ -88.181048933999989, 13.863901226000053 ], [ -88.181048933999989, 13.877013122000051 ], [ -88.181048933999989, 13.877094310000075 ], [ -88.187400511999954, 13.882780984000021 ], [ -88.187138049999987, 13.882168573000058 ], [ -88.203375690999962, 13.884705704000055 ], [ -88.229761857999961, 13.883690852000029 ], [ -88.235850973999959, 13.87607945700006 ], [ -88.237971737999942, 13.876000910000073 ] ] ] } },
{ "type": "Feature", "properties": { "shapeName": "Gualococti", "shapeISO": "", "shapeID": "79315794B60793117335439", "shapeGroup": "SLV", "shapeType": "ADM2" }, "geometry": { "type": "Polygon", "coordinates": [ [ [ -88.223379400999988, 13.84400228100003 ], [ -88.224180168999965, 13.83041109100003 ], [ -88.226209873999949, 13.828381386000046 ], [ -88.226209873999949, 13.817725433000021 ], [ -88.218598479999969, 13.806562055000029 ], [ -88.220628184999953, 13.788802135000026 ], [ -88.214539069999944, 13.781190740000056 ], [ -88.214539069999944, 13.779668461000028 ], [ -88.207435101999977, 13.780683314000044 ], [ -88.205912822999949, 13.780683314000044 ], [ -88.19982370699995, 13.780683314000044 ], [ -88.199711422106702, 13.780982740332774 ], [ -88.198301427999979, 13.784742724000068 ], [ -88.185615770999959, 13.79590610300005 ], [ -88.185615770999959, 13.801487792000046 ], [ -88.181556359999945, 13.803010071000074 ], [ -88.179019228999948, 13.811636318000069 ], [ -88.179019228999948, 13.817725433000021 ], [ -88.188152901999956, 13.828888812000059 ], [ -88.190360891999944, 13.843549317000054 ], [ -88.208957379999958, 13.846648732000062 ], [ -88.219105905999982, 13.851215569000033 ], [ -88.222657889999937, 13.844111601000066 ], [ -88.223379400999988, 13.84400228100003 ] ] ] } },
{ "type": "Feature", "properties": { "shapeName": "San Fernando", "shapeISO": "", "shapeID": "79315794B76817254995906", "shapeGroup": "SLV", "shapeType": "ADM2" }, "geometry": { "type": "Polygon", "coordinates": [ [ [ -88.195764296999982, 13.911091872000043 ], [ -88.192719738999983, 13.915658708000024 ], [ -88.192790601999945, 13.917075959000044 ], [ -88.193734591999942, 13.93595576000007 ], [ -88.188152901999956, 13.942552302000024 ], [ -88.19221231299997, 13.948641417000033 ], [ -88.199316280999938, 13.954223107000075 ], [ -88.203375690999962, 13.954223107000075 ], [ -88.207942528, 13.961834501000055 ], [ -88.235807212999987, 13.978693133000036 ], [ -88.235764899999936, 13.970455 ], [ -88.230958399999963, 13.963177200000075 ], [ -88.219358899999975, 13.953580800000054 ], [ -88.226870699999949, 13.93782310000006 ], [ -88.22872939399997, 13.938102588000049 ], [ -88.226717300999951, 13.932911202000071 ], [ -88.215046495999957, 13.929866644000072 ], [ -88.207942528, 13.919210692000036 ], [ -88.20489797, 13.911091872000043 ], [ -88.195764296999982, 13.911091872000043 ] ] ] } },
{ "type": "Feature", "properties": { "shapeName": "Yamabal", "shapeISO": "", "shapeID": "79315794B61732768803138", "shapeGroup": "SLV", "shapeType": "ADM2" }, "geometry": { "type": "Polygon", "coordinates": [ [ [ -88.229248709999979, 13.752248559000066 ], [ -88.218598479999969, 13.746685752000076 ], [ -88.219105905999982, 13.738566931000037 ], [ -88.203883116999975, 13.694928270000048 ], [ -88.198301427999979, 13.693405991000077 ], [ -88.197286575999954, 13.688331728000037 ], [ -88.194242017999954, 13.687824302000024 ], [ -88.187645475999943, 13.679705481000042 ], [ -88.187645475999943, 13.67158666000006 ], [ -88.191197459999955, 13.663467840000067 ], [ -88.19525686999998, 13.661945561000039 ], [ -88.198808854999982, 13.653319314000044 ], [ -88.198808854999982, 13.641648509000049 ], [ -88.193734591999942, 13.635559393000051 ], [ -88.195764296999982, 13.627440573000058 ], [ -88.200838559999966, 13.626933146000056 ], [ -88.212492887999986, 13.622200830000054 ], [ -88.211961343999974, 13.61980888100004 ], [ -88.221379175999971, 13.607793027000071 ], [ -88.221250219999945, 13.603795394000031 ], [ -88.209688073999985, 13.604870251000023 ], [ -88.188579139999945, 13.614937589000021 ], [ -88.149608800999943, 13.61980888100004 ], [ -88.139866215999973, 13.62760294900005 ], [ -88.135319676999984, 13.636696028000074 ], [ -88.135644428999967, 13.659428726000044 ], [ -88.131097889999978, 13.664300019000052 ], [ -88.131038679999961, 13.664631596000049 ], [ -88.129474126, 13.673393098000076 ], [ -88.132072147999963, 13.675991120000049 ], [ -88.132396900999936, 13.676315873000021 ], [ -88.139541462999944, 13.676965379000023 ], [ -88.158052374999954, 13.664624772000025 ], [ -88.162274160999971, 13.663975266000023 ], [ -88.175264273999971, 13.670145570000045 ], [ -88.176563285999976, 13.68670796400005 ], [ -88.183383094999954, 13.704894122000042 ], [ -88.196697960999984, 13.711713932000066 ], [ -88.198555877999979, 13.743563938000023 ], [ -88.198971230999973, 13.750684271000068 ], [ -88.203193017999979, 13.760426856000038 ], [ -88.206440545999953, 13.762375373000054 ], [ -88.205912822999949, 13.780683314000044 ], [ -88.207435101999977, 13.780683314000044 ], [ -88.214539069999944, 13.779668461000028 ], [ -88.214539069999944, 13.777638756000044 ], [ -88.221135610999966, 13.773579346000076 ], [ -88.227194748999977, 13.771325607000051 ], [ -88.227809281999953, 13.752684749000025 ], [ -88.229248709999979, 13.752248559000066 ] ] ] } },
{ "type": "Feature", "properties": { "shapeName": "Sensembra", "shapeISO": "", "shapeID": "79315794B42812411509914", "shapeGroup": "SLV", "shapeType": "ADM2" }, "geometry": { "type": "Polygon", "coordinates": [ [ [ -88.132072147999963, 13.675991120000049 ], [ -88.137917698999956, 13.684434694000061 ], [ -88.138567204999958, 13.697749560000034 ], [ -88.149933553999972, 13.701646594000067 ], [ -88.163573172999975, 13.698399066000036 ], [ -88.170717734999982, 13.705868381000073 ], [ -88.175589026999944, 13.718858494000074 ], [ -88.177537543999961, 13.734771383000066 ], [ -88.198555877999979, 13.743563938000023 ], [ -88.196697960999984, 13.711713932000066 ], [ -88.183383094999954, 13.704894122000042 ], [ -88.176563285999976, 13.68670796400005 ], [ -88.175264273999971, 13.670145570000045 ], [ -88.162274160999971, 13.663975266000023 ], [ -88.158052374999954, 13.664624772000025 ], [ -88.139541462999944, 13.676965379000023 ], [ -88.132396900999936, 13.676315873000021 ], [ -88.132072147999963, 13.675991120000049 ] ] ] } },
{ "type": "Feature", "properties": { "shapeName": "Perquin", "shapeISO": "", "shapeID": "79315794B15049228022920", "shapeGroup": "SLV", "shapeType": "ADM2" }, "geometry": { "type": "Polygon", "coordinates": [ [ [ -88.192790601999945, 13.917075959000044 ], [ -88.157558749999964, 13.917503304000036 ], [ -88.156791339999984, 13.917991656000027 ], [ -88.155272489999959, 13.918958197000052 ], [ -88.158805800999971, 13.932052231000057 ], [ -88.153194071999962, 13.933922807000044 ], [ -88.14820586899998, 13.933299282000064 ], [ -88.143841190999979, 13.927687553000055 ], [ -88.134072625999977, 13.935585542000069 ], [ -88.134873140999957, 13.939000318000069 ], [ -88.129798877999974, 13.945596860000023 ], [ -88.109501826999974, 13.95777509100003 ], [ -88.103920136999989, 13.956760238000072 ], [ -88.085210380999968, 13.949175202000049 ], [ -88.08514536399997, 13.949148844000035 ], [ -88.066837622999969, 13.966475736000064 ], [ -88.072529699999961, 13.974320800000044 ], [ -88.072734899999944, 13.992271200000062 ], [ -88.106412699999964, 14.000776400000063 ], [ -88.108169499999974, 13.998676200000034 ], [ -88.114298399999939, 13.999475100000041 ], [ -88.116015, 13.996935 ], [ -88.137193699999955, 13.98943950000006 ], [ -88.141571099999965, 13.992271200000062 ], [ -88.144339099999968, 13.990418100000056 ], [ -88.149038299999972, 13.99110520000005 ], [ -88.151527399999964, 13.987003400000049 ], [ -88.1597028, 13.983547 ], [ -88.161306799999977, 13.984817200000066 ], [ -88.163441799999987, 13.98375 ], [ -88.1646649, 13.986311100000023 ], [ -88.167744099999936, 13.986269500000049 ], [ -88.16978249999994, 13.98455690000003 ], [ -88.173269399999981, 13.984931700000061 ], [ -88.1769172, 13.990230700000041 ], [ -88.178542599999957, 13.988211100000058 ], [ -88.180522099999962, 13.989304200000049 ], [ -88.180484599999943, 13.991703800000039 ], [ -88.187308099999939, 13.989855900000066 ], [ -88.189979599999958, 13.992177500000025 ], [ -88.196062799999936, 13.993421500000068 ], [ -88.197747199999981, 13.996903800000041 ], [ -88.207971799999939, 13.996674800000051 ], [ -88.210450199999968, 13.993759900000043 ], [ -88.21812129999995, 13.992999900000029 ], [ -88.220079299999952, 13.996029300000032 ], [ -88.226291299999957, 13.999204500000076 ], [ -88.22903249999996, 13.998428900000022 ], [ -88.230003499999953, 13.999938400000076 ], [ -88.232819799999959, 13.995769100000075 ], [ -88.238237899999945, 13.994603100000063 ], [ -88.23780869999996, 13.989918400000022 ], [ -88.234413, 13.988257900000065 ], [ -88.235807212999987, 13.978693133000036 ], [ -88.207942528, 13.961834501000055 ], [ -88.203375690999962, 13.954223107000075 ], [ -88.199316280999938, 13.954223107000075 ], [ -88.19221231299997, 13.948641417000033 ], [ -88.188152901999956, 13.942552302000024 ], [ -88.193734591999942, 13.93595576000007 ], [ -88.192790601999945, 13.917075959000044 ] ] ] } },
{ "type": "Feature", "properties": { "shapeName": "Jocoaitique", "shapeISO": "", "shapeID": "79315794B98442573650790", "shapeGroup": "SLV", "shapeType": "ADM2" }, "geometry": { "type": "Polygon", "coordinates": [ [ [ -88.187400511999954, 13.882780984000021 ], [ -88.181048933999989, 13.877094310000075 ], [ -88.181048933999989, 13.877013122000051 ], [ -88.179161307999948, 13.882209167000042 ], [ -88.175264273999971, 13.885131942000044 ], [ -88.169418723999968, 13.882209167000042 ], [ -88.134345417999953, 13.888704223000047 ], [ -88.134025719999954, 13.893819396000026 ], [ -88.13402066499998, 13.893900269000028 ], [ -88.138567204999958, 13.906890382000029 ], [ -88.147335530999953, 13.915333955000051 ], [ -88.156791339999984, 13.917991656000027 ], [ -88.157558749999964, 13.917503304000036 ], [ -88.192790601999945, 13.917075959000044 ], [ -88.192719738999983, 13.915658708000024 ], [ -88.195764296999982, 13.911091872000043 ], [ -88.193227164999939, 13.898406214000033 ], [ -88.187138049999987, 13.898406214000033 ], [ -88.187138049999987, 13.894346804000065 ], [ -88.19018260699994, 13.889272541000025 ], [ -88.187400511999954, 13.882780984000021 ] ] ] } },
{ "type": "Feature", "properties": { "shapeName": "Arambala", "shapeISO": "", "shapeID": "79315794B89451063851506", "shapeGroup": "SLV", "shapeType": "ADM2" }, "geometry": { "type": "Polygon", "coordinates": [ [ [ -88.156791339999984, 13.917991656000027 ], [ -88.147335530999953, 13.915333955000051 ], [ -88.138567204999958, 13.906890382000029 ], [ -88.13402066499998, 13.893900269000028 ], [ -88.134025719999954, 13.893819396000026 ], [ -88.102519640999958, 13.893900269000028 ], [ -88.099611721999963, 13.895018699000047 ], [ -88.098297853999952, 13.895524033000072 ], [ -88.08985427999994, 13.907864640000071 ], [ -88.090503785999942, 13.922478518000048 ], [ -88.101545381999983, 13.927999316000069 ], [ -88.102844393999987, 13.934169619000045 ], [ -88.095050325999978, 13.937092395000036 ], [ -88.090503785999942, 13.941314182000042 ], [ -88.089529527999957, 13.945535968000058 ], [ -88.085210380999968, 13.949175202000049 ], [ -88.103920136999989, 13.956760238000072 ], [ -88.109501826999974, 13.95777509100003 ], [ -88.129798877999974, 13.945596860000023 ], [ -88.134873140999957, 13.939000318000069 ], [ -88.134072625999977, 13.935585542000069 ], [ -88.143841190999979, 13.927687553000055 ], [ -88.14820586899998, 13.933299282000064 ], [ -88.153194071999962, 13.933922807000044 ], [ -88.158805800999971, 13.932052231000057 ], [ -88.155272489999959, 13.918958197000052 ], [ -88.156791339999984, 13.917991656000027 ] ] ] } },
{ "type": "Feature", "properties": { "shapeName": "Meanguera", "shapeISO": "", "shapeID": "79315794B34067607508772", "shapeGroup": "SLV", "shapeType": "ADM2" }, "geometry": { "type": "Polygon", "coordinates": [ [ [ -88.177089485999943, 13.846455472000059 ], [ -88.152206823999961, 13.846161603000041 ], [ -88.143763249999949, 13.840640805000021 ], [ -88.139866215999973, 13.832846737000068 ], [ -88.130448383999976, 13.826026927000044 ], [ -88.112546383999984, 13.830918517000043 ], [ -88.113053810999986, 13.838022485000067 ], [ -88.107472120999944, 13.846648732000062 ], [ -88.100231730999951, 13.849816403000034 ], [ -88.099353300999951, 13.850200716000074 ], [ -88.093264184999953, 13.857812111000044 ], [ -88.09275675899994, 13.869482915000049 ], [ -88.097323595999967, 13.88064629400003 ], [ -88.099611721999963, 13.895018699000047 ], [ -88.102519640999958, 13.893900269000028 ], [ -88.134025719999954, 13.893819396000026 ], [ -88.134345417999953, 13.888704223000047 ], [ -88.169418723999968, 13.882209167000042 ], [ -88.175264273999971, 13.885131942000044 ], [ -88.179161307999948, 13.882209167000042 ], [ -88.181048933999989, 13.877013122000051 ], [ -88.181048933999989, 13.863901226000053 ], [ -88.173944965999965, 13.856289832000073 ], [ -88.176482097999951, 13.846648732000062 ], [ -88.177089485999943, 13.846455472000059 ] ] ] } },
{ "type": "Feature", "properties": { "shapeName": "Delicias de Concepcion", "shapeISO": "", "shapeID": "79315794B74024261126533", "shapeGroup": "SLV", "shapeType": "ADM2" }, "geometry": { "type": "Polygon", "coordinates": [ [ [ -88.131430404999946, 13.812612408000064 ], [ -88.138891957999988, 13.803618982000046 ], [ -88.143113743999947, 13.804593241000077 ], [ -88.151557317999959, 13.79192788000006 ], [ -88.175589026999944, 13.791278375000047 ], [ -88.185981117999972, 13.774715981000043 ], [ -88.199442423133334, 13.780518948230052 ], [ -88.200270241999988, 13.768545677000077 ], [ -88.181350567999971, 13.749931158000038 ], [ -88.159737029999974, 13.75835655700007 ], [ -88.153140487999963, 13.765460525000037 ], [ -88.149588503999951, 13.765460525000037 ], [ -88.13538056799996, 13.773579346000076 ], [ -88.126246893999962, 13.783727872000043 ], [ -88.112038957999971, 13.78626500300004 ], [ -88.112176158999944, 13.787819949000038 ], [ -88.113561236999942, 13.80351749700003 ], [ -88.131430404999946, 13.812612408000064 ] ] ] } },
{ "type": "Feature", "properties": { "shapeName": "Yoloaiquin", "shapeISO": "", "shapeID": "79315794B37185421427517", "shapeGroup": "SLV", "shapeType": "ADM2" }, "geometry": { "type": "Polygon", "coordinates": [ [ [ -88.181350567999971, 13.749931158000038 ], [ -88.165521689999935, 13.744838720000075 ], [ -88.150258306999945, 13.744838720000075 ], [ -88.133371159999967, 13.740616934000059 ], [ -88.120056293999937, 13.736070394000023 ], [ -88.111944230999939, 13.731390358000056 ], [ -88.111024105999945, 13.742118915000049 ], [ -88.121680057999981, 13.755819425000027 ], [ -88.115590941999983, 13.763938246000066 ], [ -88.104934989999947, 13.762415967000038 ], [ -88.104455169999937, 13.764239284000041 ], [ -88.102397857999961, 13.772057067000048 ], [ -88.105949842999962, 13.77865360900006 ], [ -88.104427564, 13.783727872000043 ], [ -88.112176158999944, 13.787819949000038 ], [ -88.112038957999971, 13.78626500300004 ], [ -88.126246893999962, 13.783727872000043 ], [ -88.13538056799996, 13.773579346000076 ], [ -88.149588503999951, 13.765460525000037 ], [ -88.153140487999963, 13.765460525000037 ], [ -88.159737029999974, 13.75835655700007 ], [ -88.181350567999971, 13.749931158000038 ] ] ] } },
{ "type": "Feature", "properties": { "shapeName": "Joateca", "shapeISO": "", "shapeID": "79315794B15672715346163", "shapeGroup": "SLV", "shapeType": "ADM2" }, "geometry": { "type": "Polygon", "coordinates": [ [ [ -88.085210380999968, 13.949175202000049 ], [ -88.089529527999957, 13.945535968000058 ], [ -88.090503785999942, 13.941314182000042 ], [ -88.095050325999978, 13.937092395000036 ], [ -88.102844393999987, 13.934169619000045 ], [ -88.101545381999983, 13.927999316000069 ], [ -88.090503785999942, 13.922478518000048 ], [ -88.08985427999994, 13.907864640000071 ], [ -88.098297853999952, 13.895524033000072 ], [ -88.099611721999963, 13.895018699000047 ], [ -88.097323595999967, 13.88064629400003 ], [ -88.09275675899994, 13.869482915000049 ], [ -88.093264184999953, 13.857812111000044 ], [ -88.099353300999951, 13.850200716000074 ], [ -88.100231730999951, 13.849816403000034 ], [ -88.095801316999939, 13.842081895000035 ], [ -88.088697348999972, 13.842081895000035 ], [ -88.088697348999972, 13.847156158000075 ], [ -88.062311180999984, 13.843604174000063 ], [ -88.052670081999963, 13.852737848000061 ], [ -88.048610670999949, 13.852737848000061 ], [ -88.04556611299995, 13.858319537000057 ], [ -88.041506702999982, 13.857812111000044 ], [ -88.033387881999943, 13.861871521000069 ], [ -88.019687371999964, 13.861871521000069 ], [ -88.019146594999938, 13.862868279000054 ], [ -88.014685547999989, 13.871090863000063 ], [ -88.013346699999943, 13.875642200000073 ], [ -88.016340099999979, 13.884141300000067 ], [ -88.015192099999979, 13.884625600000049 ], [ -88.016533199999969, 13.88644830000004 ], [ -88.015476399999955, 13.890025900000069 ], [ -88.017343199999971, 13.893082700000036 ], [ -88.02013809999994, 13.893030700000054 ], [ -88.025218199999983, 13.898805700000025 ], [ -88.02647879999995, 13.902305 ], [ -88.028646, 13.902159200000028 ], [ -88.028243699999962, 13.903872400000068 ], [ -88.033726099999967, 13.911589400000025 ], [ -88.032959, 13.91324 ], [ -88.035593, 13.913214 ], [ -88.043591299999946, 13.922201200000075 ], [ -88.044471099999953, 13.926871600000027 ], [ -88.0467885, 13.928787700000044 ], [ -88.045887299999947, 13.931890900000042 ], [ -88.057267899999943, 13.942959900000062 ], [ -88.060025199999984, 13.942512100000044 ], [ -88.063689099999976, 13.944235400000025 ], [ -88.065459399999952, 13.950217400000042 ], [ -88.065507599999989, 13.952846500000021 ], [ -88.063817799999981, 13.954424 ], [ -88.065159, 13.956074300000068 ], [ -88.064434799999958, 13.958838700000058 ], [ -88.066837622999969, 13.966475736000064 ], [ -88.08514536399997, 13.949148844000035 ], [ -88.085210380999968, 13.949175202000049 ] ] ] } },
{ "type": "Feature", "properties": { "shapeName": "Jucuarán", "shapeISO": "", "shapeID": "79315794B65183963779708", "shapeGroup": "SLV", "shapeType": "ADM2" }, "geometry": { "type": "Polygon", "coordinates": [ [ [ -88.344947626999954, 13.229110931000037 ], [ -88.335813953999946, 13.210843585000077 ], [ -88.336828806999961, 13.204247043000066 ], [ -88.362200120999944, 13.197143075000042 ], [ -88.368796662999955, 13.18902425400006 ], [ -88.368019480999976, 13.169618214000025 ], [ -88.339306799999974, 13.173821300000043 ], [ -88.3107791, 13.172781800000052 ], [ -88.253964599999961, 13.16581130000003 ], [ -88.24843, 13.16723 ], [ -88.243635899999958, 13.164091900000074 ], [ -88.225583799999981, 13.161351300000035 ], [ -88.224340099999949, 13.159213100000045 ], [ -88.222398199999986, 13.161955500000033 ], [ -88.219351199999949, 13.161824900000056 ], [ -88.217629199999976, 13.159557900000038 ], [ -88.215644399999974, 13.162028600000042 ], [ -88.208885199999941, 13.16066 ], [ -88.20812879999994, 13.163428500000066 ], [ -88.204786799999965, 13.162822600000027 ], [ -88.20241, 13.165910100000076 ], [ -88.200506, 13.165413400000034 ], [ -88.198649899999964, 13.166818500000034 ], [ -88.191112899999951, 13.164964200000043 ], [ -88.187862, 13.168328100000053 ], [ -88.176639699999953, 13.168260200000077 ], [ -88.175754599999948, 13.167043100000058 ], [ -88.171688299999971, 13.167555 ], [ -88.168796899999961, 13.16627 ], [ -88.16193039999996, 13.169043700000032 ], [ -88.156416499999978, 13.167405100000053 ], [ -88.15619049999998, 13.168960100000049 ], [ -88.152129699999989, 13.168792900000028 ], [ -88.131256699999938, 13.166390200000023 ], [ -88.126600399999973, 13.16464030000003 ], [ -88.125023199999987, 13.16765950000007 ], [ -88.121573899999987, 13.167084900000077 ], [ -88.12378, 13.173420800000031 ], [ -88.133854399999962, 13.186395 ], [ -88.140441899999985, 13.19162840000007 ], [ -88.163796439999942, 13.230633210000065 ], [ -88.176989523999964, 13.247378278000042 ], [ -88.212001937999958, 13.248393131000057 ], [ -88.219613332999984, 13.242811441000072 ], [ -88.229254431999948, 13.242811441000072 ], [ -88.237373252999987, 13.251437688000067 ], [ -88.236865826999974, 13.256004525000037 ], [ -88.219613332999984, 13.280868413000064 ], [ -88.22519502199998, 13.288479808000034 ], [ -88.239910383999984, 13.296598629000073 ], [ -88.241072300549135, 13.310832100716556 ], [ -88.241881130098321, 13.320740258509929 ], [ -88.242524379999963, 13.321154142000069 ], [ -88.260207435999973, 13.311821417000033 ], [ -88.265789124999969, 13.312836270000048 ], [ -88.273907945999952, 13.321462517000043 ], [ -88.284880635999968, 13.319675213000039 ], [ -88.293697571999985, 13.314865975000032 ], [ -88.295727276999969, 13.305732302000024 ], [ -88.296234702999982, 13.279853561000039 ], [ -88.29268271899997, 13.269705035000072 ], [ -88.318561459999955, 13.260063935000062 ], [ -88.32844141299995, 13.264424940000026 ], [ -88.326680280999938, 13.261078788000077 ], [ -88.344947626999954, 13.229110931000037 ] ] ] } },
{ "type": "Feature", "properties": { "shapeName": "Cacaopera", "shapeISO": "", "shapeID": "79315794B14981494390945", "shapeGroup": "SLV", "shapeType": "ADM2" }, "geometry": { "type": "Polygon", "coordinates": [ [ [ -88.130448383999976, 13.826026927000044 ], [ -88.131747395, 13.821805141000027 ], [ -88.131430404999946, 13.812612408000064 ], [ -88.113561236999942, 13.80351749700003 ], [ -88.112176158999944, 13.787819949000038 ], [ -88.104427564, 13.783727872000043 ], [ -88.105949842999962, 13.77865360900006 ], [ -88.102397857999961, 13.772057067000048 ], [ -88.104455169999937, 13.764239284000041 ], [ -88.09783102199998, 13.754804573000058 ], [ -88.081085953999946, 13.750237736000031 ], [ -88.059266622999985, 13.754297146000056 ], [ -88.046580965999965, 13.747193178000032 ], [ -88.045058686999937, 13.740596637000067 ], [ -88.034910160999971, 13.748208031000047 ], [ -88.027806192999947, 13.749222884000062 ], [ -88.026283913999976, 13.756326852000029 ], [ -88.040491850999956, 13.763430820000053 ], [ -88.040491850999956, 13.767997656000034 ], [ -88.031865603999961, 13.776623903000029 ], [ -88.019179945999952, 13.78322044500004 ], [ -87.998375467999949, 13.788294708000024 ], [ -87.989749220999954, 13.797428382000021 ], [ -87.987212089999957, 13.811636318000069 ], [ -87.99228635299994, 13.825336828000047 ], [ -88.008523993999972, 13.841067043000066 ], [ -88.023746782999979, 13.841574469000022 ], [ -88.016642814999955, 13.85375270000003 ], [ -88.019146594999938, 13.862868279000054 ], [ -88.019687371999964, 13.861871521000069 ], [ -88.033387881999943, 13.861871521000069 ], [ -88.041506702999982, 13.857812111000044 ], [ -88.04556611299995, 13.858319537000057 ], [ -88.048610670999949, 13.852737848000061 ], [ -88.052670081999963, 13.852737848000061 ], [ -88.062311180999984, 13.843604174000063 ], [ -88.088697348999972, 13.847156158000075 ], [ -88.088697348999972, 13.842081895000035 ], [ -88.095801316999939, 13.842081895000035 ], [ -88.100231730999951, 13.849816403000034 ], [ -88.107472120999944, 13.846648732000062 ], [ -88.113053810999986, 13.838022485000067 ], [ -88.112546383999984, 13.830918517000043 ], [ -88.130448383999976, 13.826026927000044 ] ] ] } },
{ "type": "Feature", "properties": { "shapeName": "Lolotiquillo", "shapeISO": "", "shapeID": "79315794B62683925529681", "shapeGroup": "SLV", "shapeType": "ADM2" }, "geometry": { "type": "Polygon", "coordinates": [ [ [ -88.111944230999939, 13.731390358000056 ], [ -88.11323648399997, 13.725678303000052 ], [ -88.10544241599996, 13.716909977000057 ], [ -88.096308742999952, 13.709136206000039 ], [ -88.084637937999958, 13.70609164800004 ], [ -88.066218363999951, 13.712231506000023 ], [ -88.06484831299997, 13.712688190000051 ], [ -88.053177507999976, 13.712688190000051 ], [ -88.04556611299995, 13.722836716000074 ], [ -88.045058686999937, 13.740596637000067 ], [ -88.046580965999965, 13.747193178000032 ], [ -88.059266622999985, 13.754297146000056 ], [ -88.081085953999946, 13.750237736000031 ], [ -88.09783102199998, 13.754804573000058 ], [ -88.104455169999937, 13.764239284000041 ], [ -88.104934989999947, 13.762415967000038 ], [ -88.115590941999983, 13.763938246000066 ], [ -88.121680057999981, 13.755819425000027 ], [ -88.111024105999945, 13.742118915000049 ], [ -88.111944230999939, 13.731390358000056 ] ] ] } },
{ "type": "Feature", "properties": { "shapeName": "Corinto", "shapeISO": "", "shapeID": "79315794B21436150640126", "shapeGroup": "SLV", "shapeType": "ADM2" }, "geometry": { "type": "Polygon", "coordinates": [ [ [ -88.027806192999947, 13.749222884000062 ], [ -88.014105682999968, 13.750745162000044 ], [ -88.008523993999972, 13.759878836000041 ], [ -87.987212089999957, 13.766475378000052 ], [ -87.973004152999977, 13.773579346000076 ], [ -87.96082592199997, 13.773579346000076 ], [ -87.956259085999989, 13.78626500300004 ], [ -87.954736806999961, 13.826859107000075 ], [ -87.963363053999956, 13.864408652000066 ], [ -87.963363053999956, 13.873542326000063 ], [ -87.957668975999979, 13.897761392000064 ], [ -87.957937699999945, 13.90148750000003 ], [ -87.959501399999965, 13.90260440000003 ], [ -87.96016659999998, 13.898482900000033 ], [ -87.962524199999962, 13.89684 ], [ -87.963768699999946, 13.892681700000026 ], [ -87.968708099999958, 13.89457340000007 ], [ -87.975498099999982, 13.889372300000048 ], [ -87.977818199999945, 13.889026 ], [ -87.978652299999965, 13.887130500000069 ], [ -87.985837899999979, 13.887591400000076 ], [ -87.998093, 13.876962400000025 ], [ -88.00525179999994, 13.875256800000045 ], [ -88.006606299999987, 13.87089 ], [ -88.009149, 13.872374200000024 ], [ -88.014685547999989, 13.871090863000063 ], [ -88.019146594999938, 13.862868279000054 ], [ -88.016642814999955, 13.85375270000003 ], [ -88.023746782999979, 13.841574469000022 ], [ -88.008523993999972, 13.841067043000066 ], [ -87.99228635299994, 13.825336828000047 ], [ -87.987212089999957, 13.811636318000069 ], [ -87.989749220999954, 13.797428382000021 ], [ -87.998375467999949, 13.788294708000024 ], [ -88.019179945999952, 13.78322044500004 ], [ -88.031865603999961, 13.776623903000029 ], [ -88.040491850999956, 13.767997656000034 ], [ -88.040491850999956, 13.763430820000053 ], [ -88.026283913999976, 13.756326852000029 ], [ -88.027806192999947, 13.749222884000062 ] ] ] } },
{ "type": "Feature", "properties": { "shapeName": "San Francisco", "shapeISO": "", "shapeID": "79315794B84780474662802", "shapeGroup": "SLV", "shapeType": "ADM2" }, "geometry": { "type": "Polygon", "coordinates": [ [ [ -88.131038679999961, 13.664631596000049 ], [ -88.121172630999979, 13.663975266000023 ], [ -88.107979547999946, 13.651797035000072 ], [ -88.08514536399997, 13.651797035000072 ], [ -88.078548822999949, 13.629977704000055 ], [ -88.077475017163835, 13.62969135582412 ], [ -88.070937427999979, 13.627947999000071 ], [ -88.063326033999942, 13.630485131000057 ], [ -88.061815055999944, 13.634802210000032 ], [ -88.059774049999987, 13.640633656000034 ], [ -88.052670081999963, 13.64824505100006 ], [ -88.053177507999976, 13.672094087000062 ], [ -88.048610670999949, 13.674631218000059 ], [ -88.050095585999941, 13.676222199000051 ], [ -88.055714638999973, 13.682242613000028 ], [ -88.060281475999943, 13.690868860000023 ], [ -88.066218363999951, 13.712231506000023 ], [ -88.084637937999958, 13.70609164800004 ], [ -88.096308742999952, 13.709136206000039 ], [ -88.10544241599996, 13.716909977000057 ], [ -88.117133517999946, 13.706517887000075 ], [ -88.131097889999978, 13.704244617000029 ], [ -88.138567204999958, 13.697749560000034 ], [ -88.137917698999956, 13.684434694000061 ], [ -88.132072147999963, 13.675991120000049 ], [ -88.129474126, 13.673393098000076 ], [ -88.131038679999961, 13.664631596000049 ] ] ] } },
{ "type": "Feature", "properties": { "shapeName": "San Carlos", "shapeISO": "", "shapeID": "79315794B31320267138614", "shapeGroup": "SLV", "shapeType": "ADM2" }, "geometry": { "type": "Polygon", "coordinates": [ [ [ -88.149608800999943, 13.61980888100004 ], [ -88.141469682999968, 13.608158374000027 ], [ -88.140962256999956, 13.592935585000077 ], [ -88.134365714999944, 13.593950437000046 ], [ -88.123709762999965, 13.605113816000028 ], [ -88.117620646999967, 13.607143521000069 ], [ -88.102905284999963, 13.607650947000025 ], [ -88.09275675899994, 13.611710358000039 ], [ -88.085652790999973, 13.628455425000027 ], [ -88.077475017163835, 13.62969135582412 ], [ -88.078548822999949, 13.629977704000055 ], [ -88.08514536399997, 13.651797035000072 ], [ -88.107979547999946, 13.651797035000072 ], [ -88.121172630999979, 13.663975266000023 ], [ -88.131038679999961, 13.664631596000049 ], [ -88.131097889999978, 13.664300019000052 ], [ -88.135644428999967, 13.659428726000044 ], [ -88.135319676999984, 13.636696028000074 ], [ -88.139866215999973, 13.62760294900005 ], [ -88.149608800999943, 13.61980888100004 ] ] ] } },
{ "type": "Feature", "properties": { "shapeName": "Null", "shapeISO": "", "shapeID": "79315794B31995662922872", "shapeGroup": "SLV", "shapeType": "ADM2" }, "geometry": { "type": "Polygon", "coordinates": [ [ [ -88.394167977999984, 13.202724764000038 ], [ -88.39974966699998, 13.206784174000063 ], [ -88.417509587999973, 13.205261896000025 ], [ -88.426643260999981, 13.211351011000033 ], [ -88.440343770999959, 13.209828732000062 ], [ -88.454044280999938, 13.195620796000071 ], [ -88.454044280999938, 13.186994549000076 ], [ -88.435269507999976, 13.180398007000065 ], [ -88.411927897999988, 13.181920286000036 ], [ -88.406346208999935, 13.185472270000048 ], [ -88.420554144999983, 13.194605943000056 ], [ -88.394167977999984, 13.202724764000038 ] ] ] } },
{ "type": "Feature", "properties": { "shapeName": "Lislique", "shapeISO": "", "shapeID": "79315794B5656264018914", "shapeGroup": "SLV", "shapeType": "ADM2" }, "geometry": { "type": "Polygon", "coordinates": [ [ [ -87.96082592199997, 13.773579346000076 ], [ -87.962855626999954, 13.761908541000025 ], [ -87.946110559999966, 13.762415967000038 ], [ -87.945019937999973, 13.762932578000061 ], [ -87.936469459999955, 13.766982804000065 ], [ -87.917187260999981, 13.761401115000069 ], [ -87.902979325, 13.759878836000041 ], [ -87.872533746999977, 13.774594198000045 ], [ -87.872513597999955, 13.774625337000032 ], [ -87.866952057999981, 13.78322044500004 ], [ -87.878622861999986, 13.795398676000048 ], [ -87.881159993999972, 13.805547202000071 ], [ -87.887756535999983, 13.812143744000025 ], [ -87.891308519999939, 13.835992780000026 ], [ -87.902979325, 13.832948222000027 ], [ -87.897397634999948, 13.878109162000044 ], [ -87.903486750999946, 13.887242836000041 ], [ -87.911958492999986, 13.893590025000037 ], [ -87.916037599999981, 13.89214590000006 ], [ -87.917699199999959, 13.895852200000036 ], [ -87.9215817, 13.893783600000063 ], [ -87.920079699999974, 13.887703800000054 ], [ -87.922198599999945, 13.884576600000059 ], [ -87.924317499999972, 13.885081800000023 ], [ -87.926712699999939, 13.88812820000004 ], [ -87.930360499999949, 13.888948400000061 ], [ -87.933544299999937, 13.893205500000022 ], [ -87.940572499999973, 13.893454700000063 ], [ -87.943646899999976, 13.895985900000028 ], [ -87.947517299999959, 13.892598500000076 ], [ -87.951454699999942, 13.891309600000056 ], [ -87.957668975999979, 13.897761392000064 ], [ -87.963363053999956, 13.873542326000063 ], [ -87.963363053999956, 13.864408652000066 ], [ -87.954736806999961, 13.826859107000075 ], [ -87.956259085999989, 13.78626500300004 ], [ -87.96082592199997, 13.773579346000076 ] ] ] } },
{ "type": "Feature", "properties": { "shapeName": "Sociedad", "shapeISO": "", "shapeID": "79315794B92912224375807", "shapeGroup": "SLV", "shapeType": "ADM2" }, "geometry": { "type": "Polygon", "coordinates": [ [ [ -88.045058686999937, 13.740596637000067 ], [ -88.04556611299995, 13.722836716000074 ], [ -88.053177507999976, 13.712688190000051 ], [ -88.06484831299997, 13.712688190000051 ], [ -88.066218363999951, 13.712231506000023 ], [ -88.060281475999943, 13.690868860000023 ], [ -88.055714638999973, 13.682242613000028 ], [ -88.050095585999941, 13.676222199000051 ], [ -88.028821045999962, 13.676660923000043 ], [ -88.023746782999979, 13.659915856000055 ], [ -87.990256646999967, 13.649767330000032 ], [ -87.973531087085533, 13.65792613983206 ], [ -87.969452168999965, 13.659915856000055 ], [ -87.958796216999986, 13.682242613000028 ], [ -87.953214528, 13.699495107000075 ], [ -87.943016572999966, 13.715520465000054 ], [ -87.942558575999954, 13.716240174000063 ], [ -87.937991738999983, 13.727403553000045 ], [ -87.939514017999954, 13.745163473000048 ], [ -87.945019937999973, 13.762932578000061 ], [ -87.946110559999966, 13.762415967000038 ], [ -87.962855626999954, 13.761908541000025 ], [ -87.96082592199997, 13.773579346000076 ], [ -87.973004152999977, 13.773579346000076 ], [ -87.987212089999957, 13.766475378000052 ], [ -88.008523993999972, 13.759878836000041 ], [ -88.014105682999968, 13.750745162000044 ], [ -88.027806192999947, 13.749222884000062 ], [ -88.034910160999971, 13.748208031000047 ], [ -88.045058686999937, 13.740596637000067 ] ] ] } },
{ "type": "Feature", "properties": { "shapeName": "Jocoro", "shapeISO": "", "shapeID": "79315794B60700507895627", "shapeGroup": "SLV", "shapeType": "ADM2" }, "geometry": { "type": "Polygon", "coordinates": [ [ [ -88.061815055999944, 13.634802210000032 ], [ -88.053177507999976, 13.626425720000043 ], [ -88.054699786999947, 13.570101401000045 ], [ -88.054019238999956, 13.569814854000072 ], [ -88.045058686999937, 13.566041991000077 ], [ -88.032152652999969, 13.568539933000068 ], [ -88.029328471999975, 13.569086549000076 ], [ -88.006494288999988, 13.576697943000056 ], [ -88.007001714999944, 13.579742501000055 ], [ -87.997270532999949, 13.595312392000039 ], [ -87.996853188999978, 13.59598014200003 ], [ -87.991271499999982, 13.609173226000053 ], [ -87.989310565999972, 13.61799742900007 ], [ -87.988226941999983, 13.622873736000031 ], [ -87.985182383999984, 13.635051967000038 ], [ -87.973531087085533, 13.65792613983206 ], [ -87.990256646999967, 13.649767330000032 ], [ -88.023746782999979, 13.659915856000055 ], [ -88.028821045999962, 13.676660923000043 ], [ -88.050095585999941, 13.676222199000051 ], [ -88.048610670999949, 13.674631218000059 ], [ -88.053177507999976, 13.672094087000062 ], [ -88.052670081999963, 13.64824505100006 ], [ -88.059774049999987, 13.640633656000034 ], [ -88.061815055999944, 13.634802210000032 ] ] ] } },
{ "type": "Feature", "properties": { "shapeName": "El Divisadero", "shapeISO": "", "shapeID": "79315794B58056698139917", "shapeGroup": "SLV", "shapeType": "ADM2" }, "geometry": { "type": "Polygon", "coordinates": [ [ [ -88.077475017163835, 13.62969135582412 ], [ -88.085652790999973, 13.628455425000027 ], [ -88.09275675899994, 13.611710358000039 ], [ -88.102905284999963, 13.607650947000025 ], [ -88.117620646999967, 13.607143521000069 ], [ -88.123709762999965, 13.605113816000028 ], [ -88.134365714999944, 13.593950437000046 ], [ -88.140962256999956, 13.592935585000077 ], [ -88.146036519999939, 13.585831617000053 ], [ -88.136902846999988, 13.57568309100003 ], [ -88.130306304999976, 13.576190517000043 ], [ -88.116605794999941, 13.560967728000037 ], [ -88.11508351599997, 13.546759792000046 ], [ -88.104427564, 13.546759792000046 ], [ -88.090219626999954, 13.552848907000055 ], [ -88.07245970699995, 13.556400891000067 ], [ -88.062311180999984, 13.56147515400005 ], [ -88.054019238999956, 13.569814854000072 ], [ -88.054699786999947, 13.570101401000045 ], [ -88.053177507999976, 13.626425720000043 ], [ -88.061815055999944, 13.634802210000032 ], [ -88.063326033999942, 13.630485131000057 ], [ -88.070937427999979, 13.627947999000071 ], [ -88.077475017163835, 13.62969135582412 ] ] ] } },
{ "type": "Feature", "properties": { "shapeName": "Comacarán", "shapeISO": "", "shapeID": "79315794B66369020490916", "shapeGroup": "SLV", "shapeType": "ADM2" }, "geometry": { "type": "Polygon", "coordinates": [ [ [ -88.104427564, 13.546759792000046 ], [ -88.104427564, 13.533566708000023 ], [ -88.096308742999952, 13.531029577000027 ], [ -88.096308742999952, 13.523925609000059 ], [ -88.094279037999968, 13.521895904000075 ], [ -88.091741905999982, 13.519358772000032 ], [ -88.071444854999982, 13.510225099000024 ], [ -88.056729491999988, 13.508702820000053 ], [ -88.033387881999943, 13.515806788000077 ], [ -88.033635334999985, 13.51658007900005 ], [ -88.037447292999957, 13.52849244500004 ], [ -88.037447292999957, 13.557415744000025 ], [ -88.032152652999969, 13.568539933000068 ], [ -88.045058686999937, 13.566041991000077 ], [ -88.054019238999956, 13.569814854000072 ], [ -88.062311180999984, 13.56147515400005 ], [ -88.07245970699995, 13.556400891000067 ], [ -88.090219626999954, 13.552848907000055 ], [ -88.104427564, 13.546759792000046 ] ] ] } },
{ "type": "Feature", "properties": { "shapeName": "Uluazapa", "shapeISO": "", "shapeID": "79315794B61468215624461", "shapeGroup": "SLV", "shapeType": "ADM2" }, "geometry": { "type": "Polygon", "coordinates": [ [ [ -88.094279037999968, 13.521895904000075 ], [ -88.103412710999976, 13.517836493000061 ], [ -88.106964694999988, 13.508702820000053 ], [ -88.099353300999951, 13.487898342000051 ], [ -88.094786463999981, 13.480794374000027 ], [ -88.100368152999977, 13.472675553000045 ], [ -88.099860726999964, 13.465571585000077 ], [ -88.090727053999956, 13.464556732000062 ], [ -88.083623085999989, 13.467601290000061 ], [ -88.069922575999954, 13.477242390000072 ], [ -88.063833459999955, 13.477242390000072 ], [ -88.053684933999989, 13.473182979000057 ], [ -88.045058686999937, 13.485361210000065 ], [ -88.031358176999959, 13.490942899000061 ], [ -88.02831361899996, 13.506673115000069 ], [ -88.027685155999961, 13.508767994000038 ], [ -88.026791340999978, 13.511747378000052 ], [ -88.033635334999985, 13.51658007900005 ], [ -88.033387881999943, 13.515806788000077 ], [ -88.056729491999988, 13.508702820000053 ], [ -88.071444854999982, 13.510225099000024 ], [ -88.091741905999982, 13.519358772000032 ], [ -88.094279037999968, 13.521895904000075 ] ] ] } },
{ "type": "Feature", "properties": { "shapeName": "Yayantique", "shapeISO": "", "shapeID": "79315794B57230923160780", "shapeGroup": "SLV", "shapeType": "ADM2" }, "geometry": { "type": "Polygon", "coordinates": [ [ [ -88.053684933999989, 13.473182979000057 ], [ -88.057236917999944, 13.429544318000069 ], [ -88.048103244999936, 13.413306676000047 ], [ -88.033895308999945, 13.411784397000076 ], [ -88.033387881999943, 13.402650724000068 ], [ -88.036432439999942, 13.395546756000044 ], [ -88.031358176999959, 13.395546756000044 ], [ -88.018165093999983, 13.406202708000023 ], [ -88.015120535999984, 13.406202708000023 ], [ -88.014828339999951, 13.407858485000077 ], [ -88.013598256999956, 13.414828955000075 ], [ -88.005479435999973, 13.427007186000026 ], [ -88.001420025999948, 13.427514613000028 ], [ -87.999390320999964, 13.469630995000045 ], [ -88.00497200999996, 13.481809226000053 ], [ -88.007001714999944, 13.496017162000044 ], [ -88.005545237083794, 13.501357581344928 ], [ -88.005479435999973, 13.501598852000029 ], [ -88.027685155999961, 13.508767994000038 ], [ -88.02831361899996, 13.506673115000069 ], [ -88.031358176999959, 13.490942899000061 ], [ -88.045058686999937, 13.485361210000065 ], [ -88.053684933999989, 13.473182979000057 ] ] ] } },
{ "type": "Feature", "properties": { "shapeName": "San Miguel", "shapeISO": "", "shapeID": "79315794B62992281929492", "shapeGroup": "SLV", "shapeType": "ADM2" }, "geometry": { "type": "Polygon", "coordinates": [ [ [ -88.282026767, 13.438170565000064 ], [ -88.284563897999988, 13.430559170000038 ], [ -88.305875802999935, 13.422440350000045 ], [ -88.316531754999971, 13.416351234000047 ], [ -88.323128296999982, 13.404680429000052 ], [ -88.324833248999937, 13.404436865000037 ], [ -88.31754660699994, 13.399098740000056 ], [ -88.287101029999974, 13.398591314000043 ], [ -88.282534192999947, 13.382353672000022 ], [ -88.277459929999964, 13.376771983000026 ], [ -88.264774272999944, 13.370175441000072 ], [ -88.261222288999988, 13.355967505000024 ], [ -88.248536630999979, 13.355460079000068 ], [ -88.249044057999981, 13.345818979000057 ], [ -88.252596041999936, 13.339222437000046 ], [ -88.266803977999984, 13.340744716000074 ], [ -88.276445077999938, 13.332118469000022 ], [ -88.277967355999976, 13.323492222000027 ], [ -88.27543022499998, 13.321969943000056 ], [ -88.282534192999947, 13.32095509100003 ], [ -88.284880635999968, 13.319675213000039 ], [ -88.273907945999952, 13.321462517000043 ], [ -88.265789124999969, 13.312836270000048 ], [ -88.260207435999973, 13.311821417000033 ], [ -88.242524379999963, 13.321154142000069 ], [ -88.241881130098321, 13.320740258509929 ], [ -88.234328694999988, 13.315880828000047 ], [ -88.215046495999957, 13.315373401000045 ], [ -88.21555392199997, 13.320447664000028 ], [ -88.206927674999974, 13.328566485000067 ], [ -88.200331132999963, 13.332118469000022 ], [ -88.191197459999955, 13.33364074800005 ], [ -88.181048933999989, 13.338715011000033 ], [ -88.136395419999985, 13.332625895000035 ], [ -88.118128073999969, 13.320447664000028 ], [ -88.112546383999984, 13.321462517000043 ], [ -88.10544241599996, 13.317403107000075 ], [ -88.101383005999935, 13.322477370000058 ], [ -88.09275675899994, 13.324507075000042 ], [ -88.088697348999972, 13.332625895000035 ], [ -88.081593379999958, 13.334148174000063 ], [ -88.078548822999949, 13.337192732000062 ], [ -88.063326033999942, 13.337192732000062 ], [ -88.056222065999975, 13.331611043000066 ], [ -88.054303052002041, 13.332463937970184 ], [ -88.047088391999978, 13.335670453000034 ], [ -88.044043834999968, 13.348356111000044 ], [ -88.051655228999948, 13.374234852000029 ], [ -88.043028981999953, 13.376771983000026 ], [ -88.038969571999985, 13.380323967000038 ], [ -88.036432439999942, 13.395546756000044 ], [ -88.033387881999943, 13.402650724000068 ], [ -88.033895308999945, 13.411784397000076 ], [ -88.048103244999936, 13.413306676000047 ], [ -88.057236917999944, 13.429544318000069 ], [ -88.053684933999989, 13.473182979000057 ], [ -88.063833459999955, 13.477242390000072 ], [ -88.069922575999954, 13.477242390000072 ], [ -88.083623085999989, 13.467601290000061 ], [ -88.090727053999956, 13.464556732000062 ], [ -88.099860726999964, 13.465571585000077 ], [ -88.100368152999977, 13.472675553000045 ], [ -88.094786463999981, 13.480794374000027 ], [ -88.099353300999951, 13.487898342000051 ], [ -88.106964694999988, 13.508702820000053 ], [ -88.103412710999976, 13.517836493000061 ], [ -88.094279037999968, 13.521895904000075 ], [ -88.096308742999952, 13.523925609000059 ], [ -88.096308742999952, 13.531029577000027 ], [ -88.104427564, 13.533566708000023 ], [ -88.104427564, 13.546759792000046 ], [ -88.11508351599997, 13.546759792000046 ], [ -88.116605794999941, 13.560967728000037 ], [ -88.130306304999976, 13.576190517000043 ], [ -88.136902846999988, 13.57568309100003 ], [ -88.146036519999939, 13.585831617000053 ], [ -88.140962256999956, 13.592935585000077 ], [ -88.141469682999968, 13.608158374000027 ], [ -88.149608800999943, 13.61980888100004 ], [ -88.188579139999945, 13.614937589000021 ], [ -88.209688073999985, 13.604870251000023 ], [ -88.221250219999945, 13.603795394000031 ], [ -88.221054422999941, 13.597725689000072 ], [ -88.219430658999954, 13.592529644000024 ], [ -88.204492028999937, 13.574343485000043 ], [ -88.205466286999979, 13.569796946000054 ], [ -88.212286096999946, 13.567848429000037 ], [ -88.220404917999986, 13.572719721000055 ], [ -88.22251803499995, 13.571927302000063 ], [ -88.22365244599996, 13.55843059700004 ], [ -88.222028681999973, 13.55096128200006 ], [ -88.214559366999936, 13.534723640000038 ], [ -88.214884119999965, 13.518161246000034 ], [ -88.222028681999973, 13.515887976000045 ], [ -88.247359401999972, 13.512965201000043 ], [ -88.265220807999981, 13.494454289000032 ], [ -88.270741605999945, 13.49153151400003 ], [ -88.284381224999947, 13.482763188000035 ], [ -88.28652976799998, 13.481418534000056 ], [ -88.286086176999959, 13.48130180000004 ], [ -88.286086176999959, 13.469630995000045 ], [ -88.271878240999968, 13.453900780000026 ], [ -88.272893093999983, 13.44375225400006 ], [ -88.282026767, 13.438170565000064 ] ] ] } },
{ "type": "Feature", "properties": { "shapeName": "Chirilagua", "shapeISO": "", "shapeID": "79315794B2864727772405", "shapeGroup": "SLV", "shapeType": "ADM2" }, "geometry": { "type": "Polygon", "coordinates": [ [ [ -88.121573899999987, 13.167084900000077 ], [ -88.120849699999951, 13.168555300000037 ], [ -88.11892389999997, 13.16815310000004 ], [ -88.118105799999967, 13.171882500000038 ], [ -88.112304199999983, 13.172979400000031 ], [ -88.111409399999957, 13.171398500000066 ], [ -88.10801, 13.172672500000033 ], [ -88.110009252999987, 13.190546533000031 ], [ -88.104934989999947, 13.202724764000038 ], [ -88.098338447999936, 13.239766884000062 ], [ -88.086667642999942, 13.259049083000036 ], [ -88.081593379999958, 13.260063935000062 ], [ -88.044043834999968, 13.258541656000034 ], [ -88.043891803999941, 13.259727498000075 ], [ -88.041506702999982, 13.278331282000067 ], [ -88.04556611299995, 13.293554071000074 ], [ -88.051984904999983, 13.301454122000052 ], [ -88.052162654999961, 13.301672892000056 ], [ -88.065863164999939, 13.288987234000047 ], [ -88.087175069999944, 13.302180318000069 ], [ -88.106964694999988, 13.307254581000052 ], [ -88.10544241599996, 13.317403107000075 ], [ -88.112546383999984, 13.321462517000043 ], [ -88.118128073999969, 13.320447664000028 ], [ -88.136395419999985, 13.332625895000035 ], [ -88.181048933999989, 13.338715011000033 ], [ -88.191197459999955, 13.33364074800005 ], [ -88.200331132999963, 13.332118469000022 ], [ -88.206927674999974, 13.328566485000067 ], [ -88.21555392199997, 13.320447664000028 ], [ -88.215046495999957, 13.315373401000045 ], [ -88.234328694999988, 13.315880828000047 ], [ -88.241881130098321, 13.320740258509929 ], [ -88.241072300549135, 13.310832100716556 ], [ -88.239910383999984, 13.296598629000073 ], [ -88.22519502199998, 13.288479808000034 ], [ -88.219613332999984, 13.280868413000064 ], [ -88.236865826999974, 13.256004525000037 ], [ -88.237373252999987, 13.251437688000067 ], [ -88.229254431999948, 13.242811441000072 ], [ -88.219613332999984, 13.242811441000072 ], [ -88.212001937999958, 13.248393131000057 ], [ -88.176989523999964, 13.247378278000042 ], [ -88.163796439999942, 13.230633210000065 ], [ -88.140441899999985, 13.19162840000007 ], [ -88.133854399999962, 13.186395 ], [ -88.12378, 13.173420800000031 ], [ -88.121573899999987, 13.167084900000077 ] ] ] } },
{ "type": "Feature", "properties": { "shapeName": "Null", "shapeISO": "", "shapeID": "79315794B37192350542382", "shapeGroup": "SLV", "shapeType": "ADM2" }, "geometry": { "type": "Polygon", "coordinates": [ [ [ -87.911958492999986, 13.893590025000037 ], [ -87.903486750999946, 13.887242836000041 ], [ -87.897397634999948, 13.878109162000044 ], [ -87.868697603999976, 13.888379471000064 ], [ -87.850186692999955, 13.887405212000033 ], [ -87.845315400999937, 13.893575516000055 ], [ -87.844670634999943, 13.896499337000023 ], [ -87.844344799999988, 13.89797690000006 ], [ -87.859003099999939, 13.894142900000077 ], [ -87.859480499999961, 13.896211600000072 ], [ -87.861430399999961, 13.895647900000029 ], [ -87.864507, 13.899352900000054 ], [ -87.868416299999978, 13.89591820000004 ], [ -87.873674699999981, 13.896139900000037 ], [ -87.877510399999949, 13.900686 ], [ -87.882029799999941, 13.902636200000074 ], [ -87.883480899999938, 13.90034490000005 ], [ -87.888526099999979, 13.901347300000054 ], [ -87.889768, 13.898329700000033 ], [ -87.899021599999969, 13.903318300000024 ], [ -87.904630099999963, 13.899462300000039 ], [ -87.907057499999951, 13.901622 ], [ -87.909412499999974, 13.898032900000032 ], [ -87.912164399999938, 13.899501400000077 ], [ -87.913817852999955, 13.894983093000064 ], [ -87.913492705999943, 13.894739487000038 ], [ -87.911958492999986, 13.893590025000037 ] ] ] } },
{ "type": "Feature", "properties": { "shapeName": "Nueva Esparta", "shapeISO": "", "shapeID": "79315794B77183491634669", "shapeGroup": "SLV", "shapeType": "ADM2" }, "geometry": { "type": "Polygon", "coordinates": [ [ [ -87.872513597999955, 13.774625337000032 ], [ -87.864800569999943, 13.765298149000046 ], [ -87.850186692999955, 13.765947654000058 ], [ -87.837846084999967, 13.763024879000056 ], [ -87.836871826999982, 13.755555564000076 ], [ -87.829402511999945, 13.75133377700007 ], [ -87.827453994999985, 13.745163473000048 ], [ -87.825903272240311, 13.744336420914612 ], [ -87.817711409999959, 13.739967428000057 ], [ -87.817570983999985, 13.740141288000075 ], [ -87.81089160099998, 13.748411001000022 ], [ -87.806345060999945, 13.76107636200004 ], [ -87.792055936999986, 13.771468452000022 ], [ -87.788808407999966, 13.775690239000028 ], [ -87.795628218, 13.786082330000056 ], [ -87.806345060999945, 13.788680352000029 ], [ -87.814463881999984, 13.793876397000076 ], [ -87.820309432999977, 13.794850656000051 ], [ -87.834273803999963, 13.787381341000071 ], [ -87.842392624999945, 13.791278375000047 ], [ -87.843042130999947, 13.799721948000069 ], [ -87.835248062999938, 13.801670465000029 ], [ -87.832650039999976, 13.810763545000043 ], [ -87.845964905999949, 13.811737803000028 ], [ -87.854408479999961, 13.817908107000051 ], [ -87.861877794999941, 13.818557612000063 ], [ -87.856032243999948, 13.826026927000044 ], [ -87.855382737999946, 13.832521984000039 ], [ -87.851810456999942, 13.838367535000032 ], [ -87.844016388999989, 13.839991299000076 ], [ -87.835248062999938, 13.834145748000026 ], [ -87.832974792999948, 13.849409131000073 ], [ -87.825180724999939, 13.854929929000036 ], [ -87.820958938, 13.861749739000061 ], [ -87.82063418599995, 13.877337874000034 ], [ -87.83589756799995, 13.885131942000044 ], [ -87.841093613999988, 13.883832931000029 ], [ -87.843042130999947, 13.890003235000052 ], [ -87.844670634999943, 13.896499337000023 ], [ -87.845315400999937, 13.893575516000055 ], [ -87.850186692999955, 13.887405212000033 ], [ -87.868697603999976, 13.888379471000064 ], [ -87.897397634999948, 13.878109162000044 ], [ -87.902979325, 13.832948222000027 ], [ -87.891308519999939, 13.835992780000026 ], [ -87.887756535999983, 13.812143744000025 ], [ -87.881159993999972, 13.805547202000071 ], [ -87.878622861999986, 13.795398676000048 ], [ -87.866952057999981, 13.78322044500004 ], [ -87.872513597999955, 13.774625337000032 ] ] ] } },
{ "type": "Feature", "properties": { "shapeName": "Anamoros", "shapeISO": "", "shapeID": "79315794B19086896998626", "shapeGroup": "SLV", "shapeType": "ADM2" }, "geometry": { "type": "Polygon", "coordinates": [ [ [ -87.945019937999973, 13.762932578000061 ], [ -87.939514017999954, 13.745163473000048 ], [ -87.937991738999983, 13.727403553000045 ], [ -87.942558575999954, 13.716240174000063 ], [ -87.943016572999966, 13.715520465000054 ], [ -87.934297675999971, 13.707816898000033 ], [ -87.93137489999998, 13.707816898000033 ], [ -87.925204595999958, 13.69969807700005 ], [ -87.921632314999954, 13.700347583000053 ], [ -87.911240224999972, 13.693203021000045 ], [ -87.882661975999952, 13.698723819000065 ], [ -87.869347109999978, 13.695151538000061 ], [ -87.866099581999947, 13.691579256000068 ], [ -87.865433278036463, 13.691540061691871 ], [ -87.855057984999974, 13.690929751000056 ], [ -87.853109467999957, 13.697749560000034 ], [ -87.836871826999982, 13.699048571000048 ], [ -87.831026275999989, 13.694826785000032 ], [ -87.82842825299997, 13.714636707000068 ], [ -87.834598556999936, 13.726977315000056 ], [ -87.834923309999965, 13.732498113000077 ], [ -87.83362429899995, 13.741591192000044 ], [ -87.825903272240311, 13.744336420914612 ], [ -87.827453994999985, 13.745163473000048 ], [ -87.829402511999945, 13.75133377700007 ], [ -87.836871826999982, 13.755555564000076 ], [ -87.837846084999967, 13.763024879000056 ], [ -87.850186692999955, 13.765947654000058 ], [ -87.864800569999943, 13.765298149000046 ], [ -87.872513597999955, 13.774625337000032 ], [ -87.872533746999977, 13.774594198000045 ], [ -87.902979325, 13.759878836000041 ], [ -87.917187260999981, 13.761401115000069 ], [ -87.936469459999955, 13.766982804000065 ], [ -87.945019937999973, 13.762932578000061 ] ] ] } },
{ "type": "Feature", "properties": { "shapeName": "Poloros", "shapeISO": "", "shapeID": "79315794B66157008088608", "shapeGroup": "SLV", "shapeType": "ADM2" }, "geometry": { "type": "Polygon", "coordinates": [ [ [ -87.844670634999943, 13.896499337000023 ], [ -87.843042130999947, 13.890003235000052 ], [ -87.841093613999988, 13.883832931000029 ], [ -87.83589756799995, 13.885131942000044 ], [ -87.82063418599995, 13.877337874000034 ], [ -87.820958938, 13.861749739000061 ], [ -87.825180724999939, 13.854929929000036 ], [ -87.832974792999948, 13.849409131000073 ], [ -87.835248062999938, 13.834145748000026 ], [ -87.844016388999989, 13.839991299000076 ], [ -87.851810456999942, 13.838367535000032 ], [ -87.855382737999946, 13.832521984000039 ], [ -87.856032243999948, 13.826026927000044 ], [ -87.861877794999941, 13.818557612000063 ], [ -87.854408479999961, 13.817908107000051 ], [ -87.845964905999949, 13.811737803000028 ], [ -87.832650039999976, 13.810763545000043 ], [ -87.835248062999938, 13.801670465000029 ], [ -87.843042130999947, 13.799721948000069 ], [ -87.842392624999945, 13.791278375000047 ], [ -87.834273803999963, 13.787381341000071 ], [ -87.820309432999977, 13.794850656000051 ], [ -87.814463881999984, 13.793876397000076 ], [ -87.806345060999945, 13.788680352000029 ], [ -87.795628218, 13.786082330000056 ], [ -87.788808407999966, 13.775690239000028 ], [ -87.792055936999986, 13.771468452000022 ], [ -87.806345060999945, 13.76107636200004 ], [ -87.81089160099998, 13.748411001000022 ], [ -87.817570983999985, 13.740141288000075 ], [ -87.807968824999989, 13.725028798000039 ], [ -87.781663845999958, 13.716909977000057 ], [ -87.773220272999936, 13.716585224000028 ], [ -87.768673732999957, 13.734121877000064 ], [ -87.768756788999951, 13.734263561000034 ], [ -87.774194530999978, 13.743539709000061 ], [ -87.775168789999952, 13.763024879000056 ], [ -87.772246013999961, 13.766921913000033 ], [ -87.75925590099996, 13.777314003000072 ], [ -87.763802440999939, 13.783809060000067 ], [ -87.773545024999976, 13.793226892000064 ], [ -87.777766811999982, 13.802969477000033 ], [ -87.778416317999984, 13.81238730900003 ], [ -87.776143047999938, 13.81271206200006 ], [ -87.776467800999967, 13.83771802900003 ], [ -87.763802440999939, 13.837068524000074 ], [ -87.745635855999979, 13.846491534000052 ], [ -87.746342199999958, 13.854130500000053 ], [ -87.752731299999937, 13.861896100000024 ], [ -87.754335199999957, 13.861312700000042 ], [ -87.756448799999987, 13.86458870000007 ], [ -87.758868199999938, 13.86415640000007 ], [ -87.762832499999945, 13.866578200000049 ], [ -87.763497699999959, 13.868973900000071 ], [ -87.767011299999979, 13.870197800000028 ], [ -87.76792869999997, 13.872806900000057 ], [ -87.771479899999974, 13.875457800000049 ], [ -87.774290899999983, 13.874270400000057 ], [ -87.784247199999982, 13.877197200000069 ], [ -87.785953099999972, 13.883977700000059 ], [ -87.795920199999955, 13.888409400000057 ], [ -87.798994, 13.892242200000055 ], [ -87.799190899999985, 13.896805800000038 ], [ -87.794965299999944, 13.901060900000061 ], [ -87.794235799999967, 13.904518500000052 ], [ -87.795555399999955, 13.905153800000051 ], [ -87.796393299999977, 13.913133900000048 ], [ -87.799885599999982, 13.920512200000076 ], [ -87.805344799999943, 13.922257300000069 ], [ -87.831132199999956, 13.918624500000021 ], [ -87.842507499999954, 13.90628380000004 ], [ -87.844344799999988, 13.89797690000006 ], [ -87.844670634999943, 13.896499337000023 ] ] ] } },
{ "type": "Feature", "properties": { "shapeName": "Concepcion de Oriente", "shapeISO": "", "shapeID": "79315794B80600730449198", "shapeGroup": "SLV", "shapeType": "ADM2" }, "geometry": { "type": "Polygon", "coordinates": [ [ [ -87.768756788999951, 13.734263561000034 ], [ -87.764776698999981, 13.734121877000064 ], [ -87.757956889999946, 13.726977315000056 ], [ -87.75373510299994, 13.726977315000056 ], [ -87.75373510299994, 13.714636707000068 ], [ -87.745918207999978, 13.700281555000061 ], [ -87.743386, 13.704976100000067 ], [ -87.740282599999944, 13.708359 ], [ -87.737441099999955, 13.708873400000073 ], [ -87.732758299999944, 13.715210700000057 ], [ -87.733793799999944, 13.719686300000035 ], [ -87.731232, 13.721908800000051 ], [ -87.7310422, 13.726947600000074 ], [ -87.728100899999959, 13.729866300000026 ], [ -87.726466799999969, 13.734321200000068 ], [ -87.728838799999949, 13.738458500000036 ], [ -87.735185399999978, 13.74087540000005 ], [ -87.736930599999937, 13.748161900000071 ], [ -87.732416299999954, 13.75027330000006 ], [ -87.726329599999985, 13.763163200000065 ], [ -87.721287099999984, 13.76512230000003 ], [ -87.717875299999946, 13.768248500000027 ], [ -87.715922699999965, 13.778470900000059 ], [ -87.712918599999966, 13.784993800000052 ], [ -87.709088399999985, 13.789317900000071 ], [ -87.710125399999981, 13.794119800000033 ], [ -87.708219299999939, 13.80256090000006 ], [ -87.713497899999936, 13.811677400000065 ], [ -87.71244, 13.815416900000059 ], [ -87.717055199999947, 13.817757700000072 ], [ -87.716508, 13.819997600000022 ], [ -87.722596599999974, 13.820299800000043 ], [ -87.725354, 13.822706400000072 ], [ -87.727784, 13.820810300000062 ], [ -87.731222599999967, 13.823748200000068 ], [ -87.732815899999935, 13.828675900000064 ], [ -87.735310299999981, 13.830092700000023 ], [ -87.742198199999962, 13.830321900000058 ], [ -87.74634489999994, 13.833962900000074 ], [ -87.746436099999983, 13.837708 ], [ -87.744832199999962, 13.840244600000062 ], [ -87.746717799999942, 13.843192700000031 ], [ -87.745635855999979, 13.846491534000052 ], [ -87.763802440999939, 13.837068524000074 ], [ -87.776467800999967, 13.83771802900003 ], [ -87.776143047999938, 13.81271206200006 ], [ -87.778416317999984, 13.81238730900003 ], [ -87.777766811999982, 13.802969477000033 ], [ -87.773545024999976, 13.793226892000064 ], [ -87.763802440999939, 13.783809060000067 ], [ -87.75925590099996, 13.777314003000072 ], [ -87.772246013999961, 13.766921913000033 ], [ -87.775168789999952, 13.763024879000056 ], [ -87.774194530999978, 13.743539709000061 ], [ -87.768756788999951, 13.734263561000034 ] ] ] } },
{ "type": "Feature", "properties": { "shapeName": "El Sauce", "shapeISO": "", "shapeID": "79315794B47950461762120", "shapeGroup": "SLV", "shapeType": "ADM2" }, "geometry": { "type": "Polygon", "coordinates": [ [ [ -87.825903272240311, 13.744336420914612 ], [ -87.83362429899995, 13.741591192000044 ], [ -87.834923309999965, 13.732498113000077 ], [ -87.834598556999936, 13.726977315000056 ], [ -87.82842825299997, 13.714636707000068 ], [ -87.831026275999989, 13.694826785000032 ], [ -87.836871826999982, 13.699048571000048 ], [ -87.853109467999957, 13.697749560000034 ], [ -87.855057984999974, 13.690929751000056 ], [ -87.865433278036463, 13.691540061691871 ], [ -87.865774828999974, 13.688656481000066 ], [ -87.866424333999987, 13.686383211000077 ], [ -87.866424333999987, 13.678264390000038 ], [ -87.857006502, 13.670795075000058 ], [ -87.857331254999963, 13.667872300000056 ], [ -87.853434220999986, 13.666248536000069 ], [ -87.854408479999961, 13.650985153000022 ], [ -87.845066232999955, 13.637521325000023 ], [ -87.843366883999977, 13.63507226400003 ], [ -87.843366883999977, 13.625654432000033 ], [ -87.82842825299997, 13.622406904000059 ], [ -87.82615498399997, 13.61233956600006 ], [ -87.799525251999967, 13.613638578000064 ], [ -87.798875745999965, 13.610715802000072 ], [ -87.791731183999957, 13.611690061000047 ], [ -87.782638105, 13.617860364000023 ], [ -87.772246013999961, 13.618509870000025 ], [ -87.756098861999988, 13.61072273800005 ], [ -87.756261199999983, 13.618119900000067 ], [ -87.75419009999996, 13.624042800000041 ], [ -87.75478529999998, 13.637253200000032 ], [ -87.751642899999979, 13.644818100000066 ], [ -87.753333099999963, 13.648750900000039 ], [ -87.752707599999951, 13.656550300000049 ], [ -87.755891799999972, 13.657487100000026 ], [ -87.756826599999954, 13.659616100000051 ], [ -87.75314579999997, 13.667961500000047 ], [ -87.755599699999948, 13.671679900000072 ], [ -87.753671699999984, 13.678066400000034 ], [ -87.755453599999953, 13.68927780000007 ], [ -87.748732599999983, 13.693961400000035 ], [ -87.745918207999978, 13.700281555000061 ], [ -87.75373510299994, 13.714636707000068 ], [ -87.75373510299994, 13.726977315000056 ], [ -87.757956889999946, 13.726977315000056 ], [ -87.764776698999981, 13.734121877000064 ], [ -87.768756788999951, 13.734263561000034 ], [ -87.768673732999957, 13.734121877000064 ], [ -87.773220272999936, 13.716585224000028 ], [ -87.781663845999958, 13.716909977000057 ], [ -87.807968824999989, 13.725028798000039 ], [ -87.817570983999985, 13.740141288000075 ], [ -87.817711409999959, 13.739967428000057 ], [ -87.825903272240311, 13.744336420914612 ] ] ] } },
{ "type": "Feature", "properties": { "shapeName": "Pasaquina", "shapeISO": "", "shapeID": "79315794B52450806978859", "shapeGroup": "SLV", "shapeType": "ADM2" }, "geometry": { "type": "Polygon", "coordinates": [ [ [ -87.845066232999955, 13.637521325000023 ], [ -87.854083726999988, 13.632149489000028 ], [ -87.857006502, 13.618834623000055 ], [ -87.864800569999943, 13.612664319000032 ], [ -87.868372850999947, 13.600648464000074 ], [ -87.877465930999961, 13.59447816100004 ], [ -87.879089694999948, 13.588307857000075 ], [ -87.878788295258431, 13.587059201041694 ], [ -87.876816424999959, 13.578890025000021 ], [ -87.877141177999988, 13.554208810000034 ], [ -87.874867907999942, 13.553884057000062 ], [ -87.875517413999944, 13.538295921000042 ], [ -87.881362963999948, 13.53537314600004 ], [ -87.884610492999968, 13.531800865000037 ], [ -87.884610492999968, 13.527579078000031 ], [ -87.876491671999986, 13.526929572000029 ], [ -87.875192660999971, 13.507444403000022 ], [ -87.879089694999948, 13.493804784000076 ], [ -87.875517413999944, 13.482763188000035 ], [ -87.866099581999947, 13.472371097000064 ], [ -87.846289658999979, 13.479515659000072 ], [ -87.839469849999944, 13.478216648000057 ], [ -87.832325286999946, 13.471072086000049 ], [ -87.830376769999987, 13.463602771000069 ], [ -87.825180724999939, 13.458081973000048 ], [ -87.827129241999955, 13.443143343000031 ], [ -87.835248062999938, 13.436973039000065 ], [ -87.835004679532872, 13.435721352689736 ], [ -87.832974792999948, 13.425281937000022 ], [ -87.819912192999936, 13.409531595000033 ], [ -87.807771399999979, 13.410740400000066 ], [ -87.806011299999966, 13.409372900000051 ], [ -87.800136, 13.411864800000046 ], [ -87.793336499999953, 13.411658500000044 ], [ -87.790339199999949, 13.414206500000034 ], [ -87.788619399999959, 13.420938300000046 ], [ -87.784206, 13.429272 ], [ -87.782676, 13.429294900000059 ], [ -87.779427799999951, 13.425196800000037 ], [ -87.77585, 13.424876200000028 ], [ -87.773154899999952, 13.430588500000056 ], [ -87.758526199999949, 13.440867400000059 ], [ -87.748599199999944, 13.436735400000032 ], [ -87.745059899999944, 13.437835300000074 ], [ -87.740701599999966, 13.443911400000047 ], [ -87.73594, 13.446349700000042 ], [ -87.73031629999997, 13.44654 ], [ -87.724986099999967, 13.442307 ], [ -87.722834399999954, 13.443591200000071 ], [ -87.720976099999973, 13.449441200000024 ], [ -87.72184679999998, 13.459611100000075 ], [ -87.716362899999979, 13.46737040000005 ], [ -87.721617699999967, 13.47729060000006 ], [ -87.721269499999948, 13.483878200000049 ], [ -87.723746499999947, 13.492812800000024 ], [ -87.720240599999954, 13.503153300000065 ], [ -87.720768299999975, 13.505334100000027 ], [ -87.737045099999989, 13.511842100000024 ], [ -87.746271899999954, 13.506378200000029 ], [ -87.749108399999955, 13.509028 ], [ -87.749653, 13.516971400000045 ], [ -87.754177499999969, 13.518195900000023 ], [ -87.757209399999965, 13.517447600000025 ], [ -87.762456799999939, 13.508286300000066 ], [ -87.765605299999947, 13.508309 ], [ -87.769826599999988, 13.510848800000076 ], [ -87.773464899999965, 13.510009800000034 ], [ -87.778432499999951, 13.513615300000026 ], [ -87.77717309999997, 13.519443100000046 ], [ -87.793335299999967, 13.523071200000061 ], [ -87.792122499999948, 13.526313800000025 ], [ -87.783689, 13.530421100000069 ], [ -87.780810499999973, 13.535347300000069 ], [ -87.781972, 13.537818500000071 ], [ -87.786949, 13.541330300000027 ], [ -87.785406, 13.55478910000005 ], [ -87.778571799999952, 13.566891200000043 ], [ -87.783480299999951, 13.570020100000022 ], [ -87.772123799999974, 13.574890500000038 ], [ -87.774414399999955, 13.58333790000006 ], [ -87.769350399999951, 13.585913800000071 ], [ -87.768505299999958, 13.594567700000027 ], [ -87.766182299999969, 13.597938200000044 ], [ -87.754399, 13.603910100000064 ], [ -87.756098861999988, 13.61072273800005 ], [ -87.772246013999961, 13.618509870000025 ], [ -87.782638105, 13.617860364000023 ], [ -87.791731183999957, 13.611690061000047 ], [ -87.798875745999965, 13.610715802000072 ], [ -87.799525251999967, 13.613638578000064 ], [ -87.82615498399997, 13.61233956600006 ], [ -87.82842825299997, 13.622406904000059 ], [ -87.843366883999977, 13.625654432000033 ], [ -87.843366883999977, 13.63507226400003 ], [ -87.845066232999955, 13.637521325000023 ] ] ] } },
{ "type": "Feature", "properties": { "shapeName": "Santa Rosa de Lima", "shapeISO": "", "shapeID": "79315794B52241346055675", "shapeGroup": "SLV", "shapeType": "ADM2" }, "geometry": { "type": "Polygon", "coordinates": [ [ [ -87.973531087085533, 13.65792613983206 ], [ -87.985182383999984, 13.635051967000038 ], [ -87.988226941999983, 13.622873736000031 ], [ -87.989310565999972, 13.61799742900007 ], [ -87.978464059999965, 13.615911847000064 ], [ -87.973592767999946, 13.610715802000072 ], [ -87.971644250999987, 13.605519757000025 ], [ -87.962875923999945, 13.602596981000033 ], [ -87.956056114999967, 13.602596981000033 ], [ -87.955406608999965, 13.604870251000023 ], [ -87.94663828299997, 13.603895993000037 ], [ -87.942741248999937, 13.597400936000042 ], [ -87.934622427999955, 13.594153408000068 ], [ -87.928452124999978, 13.588957363000077 ], [ -87.922281820999956, 13.592854397000053 ], [ -87.906693684999937, 13.591555385000049 ], [ -87.878788295258431, 13.587059201041694 ], [ -87.879089694999948, 13.588307857000075 ], [ -87.877465930999961, 13.59447816100004 ], [ -87.868372850999947, 13.600648464000074 ], [ -87.864800569999943, 13.612664319000032 ], [ -87.857006502, 13.618834623000055 ], [ -87.854083726999988, 13.632149489000028 ], [ -87.845066232999955, 13.637521325000023 ], [ -87.854408479999961, 13.650985153000022 ], [ -87.853434220999986, 13.666248536000069 ], [ -87.857331254999963, 13.667872300000056 ], [ -87.857006502, 13.670795075000058 ], [ -87.866424333999987, 13.678264390000038 ], [ -87.866424333999987, 13.686383211000077 ], [ -87.865774828999974, 13.688656481000066 ], [ -87.865433278036463, 13.691540061691871 ], [ -87.866099581999947, 13.691579256000068 ], [ -87.869347109999978, 13.695151538000061 ], [ -87.882661975999952, 13.698723819000065 ], [ -87.911240224999972, 13.693203021000045 ], [ -87.921632314999954, 13.700347583000053 ], [ -87.925204595999958, 13.69969807700005 ], [ -87.93137489999998, 13.707816898000033 ], [ -87.934297675999971, 13.707816898000033 ], [ -87.943016572999966, 13.715520465000054 ], [ -87.953214528, 13.699495107000075 ], [ -87.958796216999986, 13.682242613000028 ], [ -87.969452168999965, 13.659915856000055 ], [ -87.973531087085533, 13.65792613983206 ] ] ] } },
{ "type": "Feature", "properties": { "shapeName": "San Jose", "shapeISO": "", "shapeID": "79315794B59795553540693", "shapeGroup": "SLV", "shapeType": "ADM2" }, "geometry": { "type": "Polygon", "coordinates": [ [ [ -87.878788295258431, 13.587059201041694 ], [ -87.906693684999937, 13.591555385000049 ], [ -87.922281820999956, 13.592854397000053 ], [ -87.928452124999978, 13.588957363000077 ], [ -87.933972922999942, 13.585060329000044 ], [ -87.935921439999959, 13.571420710000041 ], [ -87.929426382999964, 13.563951395000061 ], [ -87.930075888999966, 13.560379114000057 ], [ -87.938519461999988, 13.547064248000027 ], [ -87.944040259999952, 13.535048393000068 ], [ -87.943066001999966, 13.52010976300005 ], [ -87.934622427999955, 13.516862235000076 ], [ -87.923905584999943, 13.518161246000034 ], [ -87.91026596599994, 13.524331550000056 ], [ -87.903770909999935, 13.524331550000056 ], [ -87.892079807999949, 13.517836493000061 ], [ -87.889806537999959, 13.517836493000061 ], [ -87.884610492999968, 13.527579078000031 ], [ -87.884610492999968, 13.531800865000037 ], [ -87.881362963999948, 13.53537314600004 ], [ -87.875517413999944, 13.538295921000042 ], [ -87.874867907999942, 13.553884057000062 ], [ -87.877141177999988, 13.554208810000034 ], [ -87.876816424999959, 13.578890025000021 ], [ -87.878788295258431, 13.587059201041694 ] ] ] } },
{ "type": "Feature", "properties": { "shapeName": "Bolivar", "shapeISO": "", "shapeID": "79315794B14364767693196", "shapeGroup": "SLV", "shapeType": "ADM2" }, "geometry": { "type": "Polygon", "coordinates": [ [ [ -87.997270532999949, 13.595312392000039 ], [ -87.989180903999966, 13.583436564000067 ], [ -87.989180903999966, 13.566874170000062 ], [ -87.99275318499997, 13.561678125000071 ], [ -87.993077937999942, 13.549662270000056 ], [ -87.989505655999949, 13.547713753000039 ], [ -87.987232386999949, 13.538620674000072 ], [ -87.983984857999985, 13.538295921000042 ], [ -87.980737329999954, 13.534398887000066 ], [ -87.97716504899995, 13.534723640000038 ], [ -87.973917520999976, 13.529202842000075 ], [ -87.968071969999983, 13.511341437000056 ], [ -87.964859922245964, 13.510508683865083 ], [ -87.959303642999942, 13.509068167000066 ], [ -87.950860069999976, 13.508093908000035 ], [ -87.948586799999987, 13.505171133000033 ], [ -87.945339271999956, 13.504521627000031 ], [ -87.943066001999966, 13.52010976300005 ], [ -87.944040259999952, 13.535048393000068 ], [ -87.938519461999988, 13.547064248000027 ], [ -87.930075888999966, 13.560379114000057 ], [ -87.929426382999964, 13.563951395000061 ], [ -87.935921439999959, 13.571420710000041 ], [ -87.933972922999942, 13.585060329000044 ], [ -87.928452124999978, 13.588957363000077 ], [ -87.934622427999955, 13.594153408000068 ], [ -87.942741248999937, 13.597400936000042 ], [ -87.94663828299997, 13.603895993000037 ], [ -87.955406608999965, 13.604870251000023 ], [ -87.956056114999967, 13.602596981000033 ], [ -87.962875923999945, 13.602596981000033 ], [ -87.971644250999987, 13.605519757000025 ], [ -87.973592767999946, 13.610715802000072 ], [ -87.978464059999965, 13.615911847000064 ], [ -87.989310565999972, 13.61799742900007 ], [ -87.991271499999982, 13.609173226000053 ], [ -87.996853188999978, 13.59598014200003 ], [ -87.997270532999949, 13.595312392000039 ] ] ] } },
{ "type": "Feature", "properties": { "shapeName": "Yucuaiquin", "shapeISO": "", "shapeID": "79315794B9903520434007", "shapeGroup": "SLV", "shapeType": "ADM2" }, "geometry": { "type": "Polygon", "coordinates": [ [ [ -88.032152652999969, 13.568539933000068 ], [ -88.037447292999957, 13.557415744000025 ], [ -88.037447292999957, 13.52849244500004 ], [ -88.033635334999985, 13.51658007900005 ], [ -88.026791340999978, 13.511747378000052 ], [ -88.027685155999961, 13.508767994000038 ], [ -88.005479435999973, 13.501598852000029 ], [ -88.005545237083794, 13.501357581344928 ], [ -88.003794780999954, 13.499975088000042 ], [ -87.989505655999949, 13.502897863000044 ], [ -87.978139306999935, 13.503222616000073 ], [ -87.964859922245964, 13.510508683865083 ], [ -87.968071969999983, 13.511341437000056 ], [ -87.973917520999976, 13.529202842000075 ], [ -87.97716504899995, 13.534723640000038 ], [ -87.980737329999954, 13.534398887000066 ], [ -87.983984857999985, 13.538295921000042 ], [ -87.987232386999949, 13.538620674000072 ], [ -87.989505655999949, 13.547713753000039 ], [ -87.993077937999942, 13.549662270000056 ], [ -87.99275318499997, 13.561678125000071 ], [ -87.989180903999966, 13.566874170000062 ], [ -87.989180903999966, 13.583436564000067 ], [ -87.997270532999949, 13.595312392000039 ], [ -88.007001714999944, 13.579742501000055 ], [ -88.006494288999988, 13.576697943000056 ], [ -88.029328471999975, 13.569086549000076 ], [ -88.032152652999969, 13.568539933000068 ] ] ] } },
{ "type": "Feature", "properties": { "shapeName": "San Alejo", "shapeISO": "", "shapeID": "79315794B37324001782995", "shapeGroup": "SLV", "shapeType": "ADM2" }, "geometry": { "type": "Polygon", "coordinates": [ [ [ -88.014828339999951, 13.407858485000077 ], [ -88.010289836999959, 13.399301711000021 ], [ -87.999897746999977, 13.395404677000045 ], [ -87.976515542999948, 13.375270001000047 ], [ -87.974891778999961, 13.370398709000028 ], [ -87.961044643999969, 13.363321284000051 ], [ -87.960277901999973, 13.362929394000048 ], [ -87.952483833999963, 13.37104821500003 ], [ -87.928776876999962, 13.376893765000034 ], [ -87.911564977999944, 13.377218518000063 ], [ -87.893703571999936, 13.385337339000046 ], [ -87.883396123180788, 13.382438369608565 ], [ -87.883311480999964, 13.382414564000044 ], [ -87.873568896999984, 13.398327452000046 ], [ -87.869996615, 13.418786880000027 ], [ -87.865125322999972, 13.421709656000075 ], [ -87.865125322999972, 13.425931443000025 ], [ -87.857656007999935, 13.431776994000074 ], [ -87.856356996999978, 13.435998780000034 ], [ -87.847588669999936, 13.443468095000071 ], [ -87.841743118999943, 13.444442354000046 ], [ -87.835004679532872, 13.435721352689736 ], [ -87.835248062999938, 13.436973039000065 ], [ -87.827129241999955, 13.443143343000031 ], [ -87.825180724999939, 13.458081973000048 ], [ -87.830376769999987, 13.463602771000069 ], [ -87.832325286999946, 13.471072086000049 ], [ -87.839469849999944, 13.478216648000057 ], [ -87.846289658999979, 13.479515659000072 ], [ -87.866099581999947, 13.472371097000064 ], [ -87.875517413999944, 13.482763188000035 ], [ -87.879089694999948, 13.493804784000076 ], [ -87.875192660999971, 13.507444403000022 ], [ -87.876491671999986, 13.526929572000029 ], [ -87.884610492999968, 13.527579078000031 ], [ -87.889806537999959, 13.517836493000061 ], [ -87.892079807999949, 13.517836493000061 ], [ -87.903770909999935, 13.524331550000056 ], [ -87.91026596599994, 13.524331550000056 ], [ -87.923905584999943, 13.518161246000034 ], [ -87.934622427999955, 13.516862235000076 ], [ -87.943066001999966, 13.52010976300005 ], [ -87.945339271999956, 13.504521627000031 ], [ -87.948586799999987, 13.505171133000033 ], [ -87.950860069999976, 13.508093908000035 ], [ -87.959303642999942, 13.509068167000066 ], [ -87.964859922245964, 13.510508683865083 ], [ -87.978139306999935, 13.503222616000073 ], [ -87.989505655999949, 13.502897863000044 ], [ -88.003794780999954, 13.499975088000042 ], [ -88.005545237083794, 13.501357581344928 ], [ -88.007001714999944, 13.496017162000044 ], [ -88.00497200999996, 13.481809226000053 ], [ -87.999390320999964, 13.469630995000045 ], [ -88.001420025999948, 13.427514613000028 ], [ -88.005479435999973, 13.427007186000026 ], [ -88.013598256999956, 13.414828955000075 ], [ -88.014828339999951, 13.407858485000077 ] ] ] } },
{ "type": "Feature", "properties": { "shapeName": "Intipuca", "shapeISO": "", "shapeID": "79315794B43009809112841", "shapeGroup": "SLV", "shapeType": "ADM2" }, "geometry": { "type": "Polygon", "coordinates": [ [ [ -88.10801, 13.172672500000033 ], [ -88.09329, 13.171689300000025 ], [ -88.0916873, 13.17292180000004 ], [ -88.088888499999939, 13.171258300000034 ], [ -88.071687499999939, 13.169630100000063 ], [ -88.066311799999937, 13.17139990000004 ], [ -88.059019499999977, 13.168798200000026 ], [ -87.997001046999969, 13.16367223900005 ], [ -87.99242843199994, 13.181717315000071 ], [ -87.993077937999942, 13.200228227000025 ], [ -87.99690970499995, 13.204778450000049 ], [ -87.998273983, 13.206398530000058 ], [ -88.001196757999935, 13.239523319000057 ], [ -88.004444286999956, 13.242770847000031 ], [ -88.00801656799996, 13.243095600000061 ], [ -88.022630444999947, 13.255111455000076 ], [ -88.023560846999942, 13.255313454000031 ], [ -88.028228789097398, 13.256326908682158 ], [ -88.043891803999941, 13.259727498000075 ], [ -88.044043834999968, 13.258541656000034 ], [ -88.081593379999958, 13.260063935000062 ], [ -88.086667642999942, 13.259049083000036 ], [ -88.098338447999936, 13.239766884000062 ], [ -88.104934989999947, 13.202724764000038 ], [ -88.110009252999987, 13.190546533000031 ], [ -88.10801, 13.172672500000033 ] ] ] } },
{ "type": "Feature", "properties": { "shapeName": "El Carmen", "shapeISO": "", "shapeID": "79315794B89253814837781", "shapeGroup": "SLV", "shapeType": "ADM2" }, "geometry": { "type": "Polygon", "coordinates": [ [ [ -88.036432439999942, 13.395546756000044 ], [ -88.038969571999985, 13.380323967000038 ], [ -88.043028981999953, 13.376771983000026 ], [ -88.051655228999948, 13.374234852000029 ], [ -88.044043834999968, 13.348356111000044 ], [ -88.047088391999978, 13.335670453000034 ], [ -88.054303052002041, 13.332463937970184 ], [ -88.054780974999971, 13.325582819000033 ], [ -88.050234434999936, 13.324283807000029 ], [ -88.046662153999989, 13.320386773000052 ], [ -88.04406413199996, 13.31973726800004 ], [ -88.041466108999941, 13.316814492000049 ], [ -88.040491850999956, 13.31194320000003 ], [ -88.037244321999935, 13.310644188000026 ], [ -88.044713636999973, 13.305123390000062 ], [ -88.051984904999983, 13.301454122000052 ], [ -88.04556611299995, 13.293554071000074 ], [ -88.041506702999982, 13.278331282000067 ], [ -88.043891803999941, 13.259727498000075 ], [ -88.028228789097398, 13.256326908682158 ], [ -88.023560846999942, 13.255313454000031 ], [ -88.011913601999936, 13.277194647000044 ], [ -88.007691814999987, 13.277194647000044 ], [ -87.999248240999975, 13.271673849000024 ], [ -87.989505655999949, 13.274921377000055 ], [ -87.977814554999952, 13.286937232000071 ], [ -87.97716504899995, 13.299277839000069 ], [ -87.979438318999939, 13.305772896000065 ], [ -87.984634363999987, 13.30447388500005 ], [ -87.987232386999949, 13.307721413000024 ], [ -87.987881891999962, 13.31194320000003 ], [ -87.981062082999983, 13.324608560000058 ], [ -87.97716504899995, 13.341820460000065 ], [ -87.965149193999935, 13.352537303000076 ], [ -87.965149193999935, 13.355460079000068 ], [ -87.961044643999969, 13.363321284000051 ], [ -87.974891778999961, 13.370398709000028 ], [ -87.976515542999948, 13.375270001000047 ], [ -87.999897746999977, 13.395404677000045 ], [ -88.010289836999959, 13.399301711000021 ], [ -88.014828339999951, 13.407858485000077 ], [ -88.015120535999984, 13.406202708000023 ], [ -88.018165093999983, 13.406202708000023 ], [ -88.031358176999959, 13.395546756000044 ], [ -88.036432439999942, 13.395546756000044 ] ] ] } },
{ "type": "Feature", "properties": { "shapeName": "Conchagua", "shapeISO": "", "shapeID": "79315794B28833031300793", "shapeGroup": "SLV", "shapeType": "ADM2" }, "geometry": { "type": "Polygon", "coordinates": [ [ [ -87.883396123180788, 13.382438369608565 ], [ -87.888507526999945, 13.37137296700007 ], [ -87.898574863999954, 13.363254147000077 ], [ -87.900198628999988, 13.35838285400007 ], [ -87.908642201999953, 13.353511562000051 ], [ -87.906693684999937, 13.347990764000031 ], [ -87.915137258999948, 13.339547190000076 ], [ -87.920658056999969, 13.343444224000052 ], [ -87.924230337999973, 13.341495707000036 ], [ -87.928452124999978, 13.327856088000033 ], [ -87.939493720999963, 13.325907571000073 ], [ -87.944689765999954, 13.331753122000066 ], [ -87.952159081, 13.329479852000077 ], [ -87.962226419, 13.313566964000074 ], [ -87.961252159999958, 13.294406547000051 ], [ -87.965473946999964, 13.271024343000022 ], [ -87.955406608999965, 13.249590657000056 ], [ -87.952483833999963, 13.234327274000066 ], [ -87.956705620999969, 13.210295564000035 ], [ -87.988206645, 13.20704803600006 ], [ -87.99690970499995, 13.204778450000049 ], [ -87.993077937999942, 13.200228227000025 ], [ -87.99242843199994, 13.181717315000071 ], [ -87.997001046999969, 13.16367223900005 ], [ -87.976135, 13.16175880000003 ], [ -87.9650567, 13.153432800000076 ], [ -87.943556099999967, 13.153955200000041 ], [ -87.905962199999976, 13.143988200000024 ], [ -87.889139399999976, 13.145952400000056 ], [ -87.884976599999959, 13.148627 ], [ -87.884032499999989, 13.151259700000026 ], [ -87.885470199999986, 13.157799700000055 ], [ -87.894482399999958, 13.171067300000061 ], [ -87.906799099999944, 13.177000900000053 ], [ -87.90755009999998, 13.186882900000057 ], [ -87.89529779999998, 13.20209170000004 ], [ -87.886864899999978, 13.207021900000029 ], [ -87.878453499999978, 13.208003700000063 ], [ -87.871801599999969, 13.213811100000044 ], [ -87.860171599999944, 13.22074630000003 ], [ -87.855815699999937, 13.227681300000029 ], [ -87.840258799999958, 13.229665700000055 ], [ -87.832322199999965, 13.232480600000031 ], [ -87.811766499999976, 13.250753400000065 ], [ -87.806528499999956, 13.258993600000053 ], [ -87.800212654999939, 13.264615526000057 ], [ -87.810242094999978, 13.274271872000043 ], [ -87.809917341999949, 13.281741187000023 ], [ -87.815438139999969, 13.290184760000045 ], [ -87.820309432999977, 13.291808524000032 ], [ -87.844665894999935, 13.31226795300006 ], [ -87.845315400999937, 13.316814492000049 ], [ -87.847588669999936, 13.319412515000067 ], [ -87.860903535999967, 13.317788751000023 ], [ -87.868372850999947, 13.320062020000023 ], [ -87.870970873999966, 13.323309549000044 ], [ -87.872919390999982, 13.327856088000033 ], [ -87.86674908699996, 13.334026392000055 ], [ -87.867398592999962, 13.340196696000021 ], [ -87.856356996999978, 13.346367 ], [ -87.856032243999948, 13.348640269000043 ], [ -87.871295626999938, 13.363254147000077 ], [ -87.875842165999984, 13.363903652000033 ], [ -87.878115435999973, 13.379816541000025 ], [ -87.88272415199998, 13.383373868000035 ], [ -87.883311480999964, 13.382414564000044 ], [ -87.883396123180788, 13.382438369608565 ] ] ] } },
{ "type": "Feature", "properties": { "shapeName": "Null", "shapeISO": "", "shapeID": "79315794B96043073035116", "shapeGroup": "SLV", "shapeType": "ADM2" }, "geometry": { "type": "Polygon", "coordinates": [ [ [ -87.961044643999969, 13.363321284000051 ], [ -87.965149193999935, 13.355460079000068 ], [ -87.965149193999935, 13.352537303000076 ], [ -87.97716504899995, 13.341820460000065 ], [ -87.981062082999983, 13.324608560000058 ], [ -87.987881891999962, 13.31194320000003 ], [ -87.987232386999949, 13.307721413000024 ], [ -87.984634363999987, 13.30447388500005 ], [ -87.979438318999939, 13.305772896000065 ], [ -87.97716504899995, 13.299277839000069 ], [ -87.977814554999952, 13.286937232000071 ], [ -87.989505655999949, 13.274921377000055 ], [ -87.999248240999975, 13.271673849000024 ], [ -88.007691814999987, 13.277194647000044 ], [ -88.011913601999936, 13.277194647000044 ], [ -88.023560846999942, 13.255313454000031 ], [ -88.022630444999947, 13.255111455000076 ], [ -88.00801656799996, 13.243095600000061 ], [ -88.004444286999956, 13.242770847000031 ], [ -88.001196757999935, 13.239523319000057 ], [ -87.998273983, 13.206398530000058 ], [ -87.99690970499995, 13.204778450000049 ], [ -87.988206645, 13.20704803600006 ], [ -87.956705620999969, 13.210295564000035 ], [ -87.952483833999963, 13.234327274000066 ], [ -87.955406608999965, 13.249590657000056 ], [ -87.965473946999964, 13.271024343000022 ], [ -87.961252159999958, 13.294406547000051 ], [ -87.962226419, 13.313566964000074 ], [ -87.952159081, 13.329479852000077 ], [ -87.944689765999954, 13.331753122000066 ], [ -87.939493720999963, 13.325907571000073 ], [ -87.928452124999978, 13.327856088000033 ], [ -87.924230337999973, 13.341495707000036 ], [ -87.920658056999969, 13.343444224000052 ], [ -87.915137258999948, 13.339547190000076 ], [ -87.906693684999937, 13.347990764000031 ], [ -87.908642201999953, 13.353511562000051 ], [ -87.900198628999988, 13.35838285400007 ], [ -87.898574863999954, 13.363254147000077 ], [ -87.888507526999945, 13.37137296700007 ], [ -87.883396123180788, 13.382438369608565 ], [ -87.893703571999936, 13.385337339000046 ], [ -87.911564977999944, 13.377218518000063 ], [ -87.928776876999962, 13.376893765000034 ], [ -87.952483833999963, 13.37104821500003 ], [ -87.960277901999973, 13.362929394000048 ], [ -87.961044643999969, 13.363321284000051 ] ] ] } },
{ "type": "Feature", "properties": { "shapeName": "La Union", "shapeISO": "", "shapeID": "79315794B80691700287091", "shapeGroup": "SLV", "shapeType": "ADM2" }, "geometry": { "type": "Polygon", "coordinates": [ [ [ -87.800212654999939, 13.264615526000057 ], [ -87.79598169999997, 13.267192200000068 ], [ -87.785141099999976, 13.281508300000041 ], [ -87.776185699999985, 13.286694900000043 ], [ -87.773898499999973, 13.289559300000064 ], [ -87.769680799999946, 13.286815800000056 ], [ -87.765861299999983, 13.288006100000075 ], [ -87.755025199999977, 13.286920200000054 ], [ -87.750089899999978, 13.28857 ], [ -87.751441699999987, 13.279527400000063 ], [ -87.748781, 13.275517600000057 ], [ -87.745862699999975, 13.274034900000061 ], [ -87.737987799999985, 13.274473400000034 ], [ -87.730177199999957, 13.278545800000074 ], [ -87.729554899999982, 13.284957100000042 ], [ -87.732237099999963, 13.289718500000049 ], [ -87.737601499999982, 13.293853300000023 ], [ -87.743910099999937, 13.294145700000058 ], [ -87.738331099999982, 13.299199200000032 ], [ -87.739146499999947, 13.304023 ], [ -87.745197599999983, 13.304565900000057 ], [ -87.749631199999953, 13.302282 ], [ -87.737773199999936, 13.315278 ], [ -87.73843839999995, 13.320769600000062 ], [ -87.746055899999988, 13.322043300000075 ], [ -87.752777499999979, 13.31958990000004 ], [ -87.756355499999984, 13.325008300000036 ], [ -87.758372599999973, 13.325906100000054 ], [ -87.769337399999984, 13.320414600000049 ], [ -87.772341499999982, 13.317741900000044 ], [ -87.774744799999951, 13.309159900000054 ], [ -87.774688899999944, 13.297769200000062 ], [ -87.7832264, 13.308112200000039 ], [ -87.79636389999996, 13.312823800000047 ], [ -87.805849, 13.321902200000068 ], [ -87.809416499999941, 13.329313500000069 ], [ -87.816579799999943, 13.336697 ], [ -87.833299, 13.343047200000058 ], [ -87.850013372999967, 13.352339167000025 ], [ -87.856032243999948, 13.348640269000043 ], [ -87.856356996999978, 13.346367 ], [ -87.867398592999962, 13.340196696000021 ], [ -87.86674908699996, 13.334026392000055 ], [ -87.872919390999982, 13.327856088000033 ], [ -87.870970873999966, 13.323309549000044 ], [ -87.868372850999947, 13.320062020000023 ], [ -87.860903535999967, 13.317788751000023 ], [ -87.847588669999936, 13.319412515000067 ], [ -87.845315400999937, 13.316814492000049 ], [ -87.844665894999935, 13.31226795300006 ], [ -87.820309432999977, 13.291808524000032 ], [ -87.815438139999969, 13.290184760000045 ], [ -87.809917341999949, 13.281741187000023 ], [ -87.810242094999978, 13.274271872000043 ], [ -87.800212654999939, 13.264615526000057 ] ] ] } },
{ "type": "Feature", "properties": { "shapeName": "San Pedro Masahuat", "shapeISO": "", "shapeID": "79315794B51532332828438", "shapeGroup": "SLV", "shapeType": "ADM2" }, "geometry": { "type": "Polygon", "coordinates": [ [ [ -89.085927135999952, 13.380100915000071 ], [ -89.046506559968108, 13.358845335122886 ], [ -89.046082488999957, 13.358616676000054 ], [ -89.042722706999939, 13.377313725000022 ], [ -89.029482670999982, 13.396128512000075 ], [ -89.023907918999953, 13.396825356000022 ], [ -89.019030011999973, 13.404490640000063 ], [ -89.015545791999955, 13.435151775000065 ], [ -89.007880507999971, 13.434454931000062 ], [ -89.013455259999944, 13.449088654000036 ], [ -89.036451110999963, 13.459541314000035 ], [ -89.035754266999959, 13.486021385000072 ], [ -89.040632174999985, 13.497867732000032 ], [ -89.042025862999935, 13.50832039200003 ], [ -89.044813237999961, 13.513198300000056 ], [ -89.046903769999972, 13.532013087000053 ], [ -89.044813237999961, 13.54037521500004 ], [ -89.030876359, 13.549434186000042 ], [ -88.999323263999941, 13.546618936000073 ], [ -88.994640472999947, 13.546739495000054 ], [ -88.994640472999947, 13.562674222000055 ], [ -88.99882153599998, 13.565461597000024 ], [ -89.00578997599996, 13.574520569000072 ], [ -89.01833316799997, 13.580095321000044 ], [ -89.037147954999966, 13.573126881000064 ], [ -89.051781677999941, 13.584276385000067 ], [ -89.062023193999948, 13.588154561000067 ], [ -89.063628025999947, 13.571036349000053 ], [ -89.069202776999987, 13.552221562000057 ], [ -89.065718557999958, 13.551524718000053 ], [ -89.06432486999995, 13.52783202300003 ], [ -89.071050587999935, 13.523063731000036 ], [ -89.065021713999954, 13.513198300000056 ], [ -89.053175365999948, 13.504836172000068 ], [ -89.048994301999983, 13.478356101000031 ], [ -89.051781677999941, 13.469993973000044 ], [ -89.058750117999978, 13.467903441000033 ], [ -89.060143805999985, 13.451179186000047 ], [ -89.068505933999973, 13.428183335000028 ], [ -89.077564904999974, 13.422608583000056 ], [ -89.078261748999978, 13.396825356000022 ], [ -89.085927135999952, 13.380100915000071 ] ] ] } },
{ "type": "Feature", "properties": { "shapeName": "Chilanga", "shapeISO": "", "shapeID": "79315794B57651569246803", "shapeGroup": "SLV", "shapeType": "ADM2" }, "geometry": { "type": "Polygon", "coordinates": [ [ [ -88.19982370699995, 13.780683314000044 ], [ -88.199442423133334, 13.780518948230052 ], [ -88.199711422106702, 13.780982740332774 ], [ -88.19982370699995, 13.780683314000044 ] ] ] } },
{ "type": "Feature", "properties": { "shapeName": "Osicala", "shapeISO": "", "shapeID": "79315794B49353341662068", "shapeGroup": "SLV", "shapeType": "ADM2" }, "geometry": { "type": "Polygon", "coordinates": [ [ [ -88.199711422106702, 13.780982740332774 ], [ -88.199442423133334, 13.780518948230052 ], [ -88.185981117999972, 13.774715981000043 ], [ -88.175589026999944, 13.791278375000047 ], [ -88.151557317999959, 13.79192788000006 ], [ -88.143113743999947, 13.804593241000077 ], [ -88.138891957999988, 13.803618982000046 ], [ -88.131430404999946, 13.812612408000064 ], [ -88.131747395, 13.821805141000027 ], [ -88.130448383999976, 13.826026927000044 ], [ -88.139866215999973, 13.832846737000068 ], [ -88.143763249999949, 13.840640805000021 ], [ -88.152206823999961, 13.846161603000041 ], [ -88.177089485999943, 13.846455472000059 ], [ -88.187645475999943, 13.84309674800005 ], [ -88.190360891999944, 13.843549317000054 ], [ -88.188152901999956, 13.828888812000059 ], [ -88.179019228999948, 13.817725433000021 ], [ -88.179019228999948, 13.811636318000069 ], [ -88.181556359999945, 13.803010071000074 ], [ -88.185615770999959, 13.801487792000046 ], [ -88.185615770999959, 13.79590610300005 ], [ -88.198301427999979, 13.784742724000068 ], [ -88.199711422106702, 13.780982740332774 ] ] ] } },
{ "type": "Feature", "properties": { "shapeName": "Chilanga", "shapeISO": "", "shapeID": "79315794B82742941471895", "shapeGroup": "SLV", "shapeType": "ADM2" }, "geometry": { "type": "Polygon", "coordinates": [ [ [ -88.19982370699995, 13.780683314000044 ], [ -88.205912822999949, 13.780683314000044 ], [ -88.206440545999953, 13.762375373000054 ], [ -88.203193017999979, 13.760426856000038 ], [ -88.198971230999973, 13.750684271000068 ], [ -88.198555877999979, 13.743563938000023 ], [ -88.177537543999961, 13.734771383000066 ], [ -88.175589026999944, 13.718858494000074 ], [ -88.170717734999982, 13.705868381000073 ], [ -88.163573172999975, 13.698399066000036 ], [ -88.149933553999972, 13.701646594000067 ], [ -88.138567204999958, 13.697749560000034 ], [ -88.131097889999978, 13.704244617000029 ], [ -88.117133517999946, 13.706517887000075 ], [ -88.10544241599996, 13.716909977000057 ], [ -88.11323648399997, 13.725678303000052 ], [ -88.111944230999939, 13.731390358000056 ], [ -88.120056293999937, 13.736070394000023 ], [ -88.133371159999967, 13.740616934000059 ], [ -88.150258306999945, 13.744838720000075 ], [ -88.165521689999935, 13.744838720000075 ], [ -88.181350567999971, 13.749931158000038 ], [ -88.200270241999988, 13.768545677000077 ], [ -88.199442423133334, 13.780518948230052 ], [ -88.19982370699995, 13.780683314000044 ] ] ] } },
{ "type": "Feature", "properties": { "shapeName": "Meanguera del Golfo", "shapeISO": "", "shapeID": "79315794B74155623627122", "shapeGroup": "SLV", "shapeType": "ADM2" }, "geometry": { "type": "Polygon", "coordinates": [ [ [ -87.700222571999973, 13.215758492000077 ], [ -87.724000474999968, 13.185030125000026 ], [ -87.696930246999955, 13.166739430000064 ], [ -87.688516527, 13.174421522000046 ], [ -87.669860018999941, 13.182469428000047 ], [ -87.679371179999976, 13.20514988900004 ], [ -87.700222571999973, 13.215758492000077 ] ] ] } }
]
}
